date,cash,mtm,nav,positions
2018-07-05,2000000.0,0.0,2000000.0,0
2018-07-06,2000000.0,0.0,2000000.0,0
2018-07-09,2000000.0,0.0,2000000.0,0
2018-07-10,2000000.0,0.0,2000000.0,0
2018-07-11,2000000.0,0.0,2000000.0,0
2018-07-12,2000000.0,0.0,2000000.0,0
2018-07-13,2000000.0,0.0,2000000.0,0
2018-07-16,2000000.0,0.0,2000000.0,0
2018-07-17,2000000.0,0.0,2000000.0,0
2018-07-18,2000000.0,0.0,2000000.0,0
2018-07-19,2000000.0,0.0,2000000.0,0
2018-07-20,2000000.0,0.0,2000000.0,0
2018-07-23,2000000.0,0.0,2000000.0,0
2018-07-24,2000000.0,0.0,2000000.0,0
2018-07-25,2000000.0,0.0,2000000.0,0
2018-07-26,2000000.0,0.0,2000000.0,0
2018-07-27,2000000.0,0.0,2000000.0,0
2018-07-30,2000000.0,0.0,2000000.0,0
2018-07-31,2000000.0,0.0,2000000.0,0
2018-08-01,2000000.0,0.0,2000000.0,0
2018-08-02,2000000.0,0.0,2000000.0,0
2018-08-03,2000000.0,0.0,2000000.0,0
2018-08-06,2000000.0,0.0,2000000.0,0
2018-08-07,2000000.0,0.0,2000000.0,0
2018-08-08,2000000.0,0.0,2000000.0,0
2018-08-09,2000000.0,0.0,2000000.0,0
2018-08-10,2000000.0,0.0,2000000.0,0
2018-08-13,2000000.0,0.0,2000000.0,0
2018-08-14,2000000.0,0.0,2000000.0,0
2018-08-16,2000000.0,0.0,2000000.0,0
2018-08-17,2000000.0,0.0,2000000.0,0
2018-08-20,2000000.0,0.0,2000000.0,0
2018-08-21,2000000.0,0.0,2000000.0,0
2018-08-23,2000000.0,0.0,2000000.0,0
2018-08-24,2000000.0,0.0,2000000.0,0
2018-08-27,2000000.0,0.0,2000000.0,0
2018-08-28,2000000.0,0.0,2000000.0,0
2018-08-29,2000000.0,0.0,2000000.0,0
2018-08-30,2000000.0,0.0,2000000.0,0
2018-08-31,2000000.0,0.0,2000000.0,0
2018-09-03,2000000.0,0.0,2000000.0,0
2018-09-04,2000000.0,0.0,2000000.0,0
2018-09-05,2000000.0,0.0,2000000.0,0
2018-09-06,2000000.0,0.0,2000000.0,0
2018-09-07,2000000.0,0.0,2000000.0,0
2018-09-10,2000000.0,0.0,2000000.0,0
2018-09-11,2000000.0,0.0,2000000.0,0
2018-09-12,2000000.0,0.0,2000000.0,0
2018-09-14,2000000.0,0.0,2000000.0,0
2018-09-17,2000000.0,0.0,2000000.0,0
2018-09-18,2000000.0,0.0,2000000.0,0
2018-09-19,2000000.0,0.0,2000000.0,0
2018-09-21,2000000.0,0.0,2000000.0,0
2018-09-24,2000000.0,0.0,2000000.0,0
2018-09-25,2000000.0,0.0,2000000.0,0
2018-09-26,2000000.0,0.0,2000000.0,0
2018-09-27,2000000.0,0.0,2000000.0,0
2018-09-28,2000000.0,0.0,2000000.0,0
2018-10-01,2000000.0,0.0,2000000.0,0
2018-10-03,2000000.0,0.0,2000000.0,0
2018-10-04,2000000.0,0.0,2000000.0,0
2018-10-05,2000000.0,0.0,2000000.0,0
2018-10-08,2000000.0,0.0,2000000.0,0
2018-10-09,2000000.0,0.0,2000000.0,0
2018-10-10,2000000.0,0.0,2000000.0,0
2018-10-11,2000000.0,0.0,2000000.0,0
2018-10-12,2000000.0,0.0,2000000.0,0
2018-10-15,2000000.0,0.0,2000000.0,0
2018-10-16,2000000.0,0.0,2000000.0,0
2018-10-17,2000000.0,0.0,2000000.0,0
2018-10-19,2000000.0,0.0,2000000.0,0
2018-10-22,2000000.0,0.0,2000000.0,0
2018-10-23,2000000.0,0.0,2000000.0,0
2018-10-24,2000000.0,0.0,2000000.0,0
2018-10-25,2000000.0,0.0,2000000.0,0
2018-10-26,2000000.0,0.0,2000000.0,0
2018-10-29,2000000.0,0.0,2000000.0,0
2018-10-30,2000000.0,0.0,2000000.0,0
2018-10-31,2000000.0,0.0,2000000.0,0
2018-11-01,7947.69694999991,1980968.15,1988915.84695,20
2018-11-02,7947.69694999991,1984758.75,1992706.44695,20
2018-11-05,7947.69694999991,1984555.05,1992502.74695,20
2018-11-06,7947.69694999991,1964472.6199999999,1972420.31695,20
2018-11-07,7947.69694999991,,,20
2018-11-09,7947.69694999991,2003371.6000000003,2011319.2969500003,20
2018-11-12,92632.47894999992,1909490.22,2002122.6989499999,19
2018-11-13,92632.47894999992,1902340.7499999998,1994973.2289499997,19
2018-11-14,92632.47894999992,1887587.4000000001,1980219.87895,19
2018-11-15,185909.6529999999,1805640.27,1991549.923,18
2018-11-16,262609.4304999999,1730204.3,1992813.7305,17
2018-11-19,354859.8469999999,1644576.1,1999435.947,16
2018-11-20,354859.8469999999,1626034.0499999998,1980893.8969999996,16
2018-11-21,354859.8469999999,1640156.1,1995015.947,16
2018-11-22,354859.8469999999,1625215.1500000001,1980074.997,16
2018-11-26,354859.8469999999,1622231.0499999998,1977090.8969999996,16
2018-11-27,354859.8469999999,1624492.5999999999,1979352.4469999997,16
2018-11-28,354859.8469999999,1605473.2,1960333.0469999998,16
2018-11-29,535585.4513499999,1440167.0,1975752.4513499998,14
2018-11-30,535585.4513499999,1452332.5499999998,1987918.0013499996,14
2018-12-03,1798.6601399998908,1970921.91,1972720.5701399997,20
2018-12-04,1798.6601399998908,1982269.4099999997,1984068.0701399995,20
2018-12-05,1798.6601399998908,1951429.3800000001,1953228.04014,20
2018-12-06,95939.2371399999,1820356.0399999998,1916295.2771399997,19
2018-12-07,185441.5320149999,1741251.68,1926693.2120149997,18
2018-12-10,185441.5320149999,1719169.9900000002,1904611.5220150002,18
2018-12-11,273393.4060149999,1658357.8199999996,1931751.2260149994,17
2018-12-12,273393.4060149999,1701806.65,1975200.0560149997,17
2018-12-13,273393.4060149999,1723152.1,1996545.506015,17
2018-12-14,273393.4060149999,1726493.58,1999886.986015,17
2018-12-17,273393.4060149999,1741191.71,2014585.1160149998,17
2018-12-18,273393.4060149999,1737078.58,2010471.986015,17
2018-12-19,273393.4060149999,1754508.23,2027901.6360149998,17
2018-12-20,273393.4060149999,1768954.5,2042347.9060149998,17
2018-12-21,273393.4060149999,1734340.9300000002,2007734.336015,17
2018-12-24,364086.6917199999,1621021.1,1985107.79172,16
2018-12-26,364086.6917199999,1630969.7000000002,1995056.3917200002,16
2018-12-27,364086.6917199999,1644289.85,2008376.54172,16
2018-12-28,364086.6917199999,1653001.0,2017087.69172,16
2018-12-31,364086.6917199999,1655428.5499999998,2019515.2417199998,16
2019-01-01,2932.884779999571,2014613.7200000002,2017546.6047799997,20
2019-01-02,2932.884779999571,1997666.5799999996,2000599.464779999,20
2019-01-03,2932.884779999571,1977166.09,1980098.9747799996,20
2019-01-04,2932.884779999571,1991630.1400000001,1994563.0247799996,20
2019-01-07,2932.884779999571,1995740.1600000004,1998673.0447799999,20
2019-01-08,2932.884779999571,1999358.81,2002291.6947799996,20
2019-01-09,2932.884779999571,1990624.6099999999,1993557.4947799994,20
2019-01-10,2932.884779999571,1993110.6699999997,1996043.5547799992,20
2019-01-11,2932.884779999571,1982088.2699999998,1985021.1547799993,20
2019-01-14,2932.884779999571,1965207.2099999997,1968140.0947799992,20
2019-01-15,186784.84255499957,1796963.9000000001,1983748.7425549997,18
2019-01-16,186784.84255499957,1795256.4100000004,1982041.252555,18
2019-01-17,186784.84255499957,1782375.5499999998,1969160.3925549993,18
2019-01-18,186784.84255499957,1774223.44,1961008.2825549995,18
2019-01-21,278016.9887549996,1676386.9700000002,1954403.9587549998,17
2019-01-22,458932.9072049996,1497708.01,1956640.9172049996,15
2019-01-23,458932.9072049996,1493692.03,1952624.9372049996,15
2019-01-24,458932.9072049996,1491651.5899999999,1950584.4972049994,15
2019-01-25,458932.9072049996,1470138.97,1929071.8772049996,15
2019-01-28,641633.6044649996,1260481.95,1902115.5544649996,13
2019-01-29,824597.2467149997,1070865.0999999999,1895462.3467149995,11
2019-01-30,916979.4652149996,982442.0499999999,1899421.5152149997,10
2019-01-31,916979.4652149996,990677.4500000001,1907656.9152149996,10
2019-02-01,75.06587999986368,1906993.6600000001,1907068.72588,20
2019-02-04,87547.18059999986,1808386.65,1895933.8305999998,19
2019-02-05,87547.18059999986,1791649.9000000001,1879197.0806,19
2019-02-06,175737.5463249999,1724376.3000000003,1900113.8463250003,18
2019-02-07,175737.5463249999,1742791.3499999999,1918528.8963249996,18
2019-02-08,175737.5463249999,1730107.7000000002,1905845.2463250002,18
2019-02-11,175737.5463249999,1717665.2,1893402.7463249997,18
2019-02-12,175737.5463249999,1705873.45,1881610.9963249997,18
2019-02-13,263596.7595249999,1608595.8499999999,1872192.6095249997,17
2019-02-14,349117.68542499986,1532896.7000000002,1882014.385425,16
2019-02-15,349117.68542499986,1511704.5999999999,1860822.2854249997,16
2019-02-18,349117.68542499986,1509529.4000000001,1858647.085425,16
2019-02-19,520736.37067499984,1331297.0,1852033.370675,14
2019-02-20,520736.37067499984,1341604.7499999998,1862341.1206749997,14
2019-02-21,520736.37067499984,1347157.5499999998,1867893.9206749997,14
2019-02-22,520736.37067499984,1352514.2999999998,1873250.6706749997,14
2019-02-25,520736.37067499984,1355875.45,1876611.8206749998,14
2019-02-26,520736.37067499984,1351016.1000000003,1871752.4706750002,14
2019-02-27,520736.37067499984,1354617.7,1875354.0706749998,14
2019-02-28,520736.37067499984,1363744.95,1884481.3206749998,14
2019-03-01,33.1244749998441,1907271.2400000002,1907304.3644750002,20
2019-03-05,33.1244749998441,1956954.5199999998,1956987.6444749995,20
2019-03-06,33.1244749998441,1976431.7,1976464.8244749997,20
2019-03-07,33.1244749998441,1965962.22,1965995.3444749997,20
2019-03-08,33.1244749998441,1967586.5799999998,1967619.7044749996,20
2019-03-11,33.1244749998441,2002955.8000000003,2002988.9244750002,20
2019-03-12,33.1244749998441,2024423.3999999997,2024456.5244749994,20
2019-03-13,33.1244749998441,2044453.44,2044486.564475,20
2019-03-14,33.1244749998441,2053607.4700000002,2053640.5944750002,20
2019-03-15,33.1244749998441,2044782.35,2044815.474475,20
2019-03-18,33.1244749998441,2052380.43,2052413.5544749997,20
2019-03-19,33.1244749998441,2067967.7400000002,2068000.8644750002,20
2019-03-20,33.1244749998441,2069158.4,2069191.5244749999,20
2019-03-22,33.1244749998441,2057533.78,2057566.9044749998,20
2019-03-25,33.1244749998441,2019541.41,2019574.5344749996,20
2019-03-26,33.1244749998441,2048522.3799999997,2048555.5044749994,20
2019-03-27,33.1244749998441,2061700.9600000002,2061734.084475,20
2019-03-28,33.1244749998441,2091626.43,2091659.5544749997,20
2019-03-29,33.1244749998441,2100405.7299999995,2100438.8544749995,20
2019-04-01,2864.528844999746,2090318.6999999997,2093183.2288449996,20
2019-04-02,2864.528844999746,2085640.3000000003,2088504.8288450001,20
2019-04-03,2864.528844999746,2072067.0499999998,2074931.5788449997,20
2019-04-04,2864.528844999746,2056578.4000000001,2059442.928845,20
2019-04-05,2864.528844999746,2078096.4999999998,2080961.0288449996,20
2019-04-08,2864.528844999746,2054319.5499999996,2057184.0788449994,20
2019-04-09,2864.528844999746,2059599.8499999999,2062464.3788449997,20
2019-04-10,2864.528844999746,2047015.95,2049880.4788449998,20
2019-04-11,2864.528844999746,2046954.5999999999,2049819.1288449997,20
2019-04-12,2864.528844999746,2050929.7499999995,2053794.2788449994,20
2019-04-15,2864.528844999746,2047954.1500000001,2050818.678845,20
2019-04-16,2864.528844999746,2062167.8,2065032.328845,20
2019-04-18,2864.528844999746,2031110.4000000001,2033974.928845,20
2019-04-22,2864.528844999746,2000076.8,2002941.328845,20
2019-04-23,98770.25414499975,1891299.6999999997,1990069.9541449994,19
2019-04-24,196975.72464499975,1810925.95,2007901.6746449997,18
2019-04-25,196975.72464499975,1802231.0,1999206.7246449997,18
2019-04-26,288293.5421449997,1710853.3000000003,1999146.8421450001,17
2019-04-30,288293.5421449997,1671183.3999999997,1959476.9421449993,17
2019-05-02,871.1952549998532,1931397.2700000005,1932268.4652550004,20
2019-05-03,871.1952549998532,1922378.74,1923249.935255,20
2019-05-06,94570.43525499986,1807438.92,1902009.3552549998,19
2019-05-07,182901.49961499986,1693543.6199999999,1876445.1196149997,18
2019-05-08,271142.6390649999,1588627.27,1859769.9090649998,17
2019-05-09,271142.6390649999,1576473.8599999999,1847616.4990649996,17
2019-05-10,351541.85906499985,1512980.32,1864522.1790649998,16
2019-05-13,351541.85906499985,1476203.5099999998,1827745.3690649997,16
2019-05-14,615429.4330649999,1212574.0,1828003.433065,13
2019-05-15,704039.5182649998,1123457.4,1827496.9182649998,12
2019-05-16,704039.5182649998,1132939.97,1836979.4882649998,12
2019-05-17,704039.5182649998,1146583.04,1850622.5582649999,12
2019-05-20,788218.9793849998,1117983.9500000002,1906202.929385,11
2019-05-21,788218.9793849998,1119589.15,1907808.1293849996,11
2019-05-22,788218.9793849998,1130457.55,1918676.529385,11
2019-05-23,788218.9793849998,1130111.1,1918330.0793849998,11
2019-05-24,788218.9793849998,1131047.7,1919266.679385,11
2019-05-27,788218.9793849998,1150881.5,1939100.4793849997,11
2019-05-28,788218.9793849998,1142800.2,1931019.179385,11
2019-05-29,788218.9793849998,1135314.2499999998,1923533.2293849997,11
2019-05-30,788218.9793849998,1150034.2,1938253.179385,11
2019-05-31,788218.9793849998,1131213.25,1919432.2293849997,11
2019-06-03,275.72020999979577,1941746.2000000002,1942021.92021,20
2019-06-04,275.72020999979577,1923230.34,1923506.0602099998,20
2019-06-06,275.72020999979577,1859611.46,1859887.1802099997,20
2019-06-07,262395.15040999977,1604763.7,1867158.8504099997,17
2019-06-10,262395.15040999977,1597972.5999999999,1860367.7504099996,17
2019-06-11,262395.15040999977,1587295.85,1849691.0004099999,17
2019-06-12,343254.8786099998,1488292.2499999998,1831547.1286099995,16
2019-06-13,429570.2111099998,1393562.9,1823133.1111099997,15
2019-06-14,607030.8203099997,1204855.4000000001,1811886.2203099998,13
2019-06-17,777954.9489599997,1021498.5499999999,1799453.4989599995,11
2019-06-18,862167.2407599997,942313.1,1804480.3407599996,10
2019-06-19,862167.2407599997,926829.2500000001,1788996.49076,10
2019-06-20,862167.2407599997,934613.9999999999,1796781.2407599995,10
2019-06-21,862167.2407599997,937530.3000000002,1799697.5407599998,10
2019-06-24,862167.2407599997,947008.7000000001,1809175.9407599997,10
2019-06-25,862167.2407599997,944753.1500000001,1806920.3907599999,10
2019-06-26,862167.2407599997,957370.8000000002,1819538.0407599998,10
2019-06-27,862167.2407599997,966834.0,1829001.2407599997,10
2019-06-28,862167.2407599997,955482.0000000001,1817649.24076,10
2019-07-01,1733.795084999816,1818811.95,1820545.7450849998,20
2019-07-02,1733.795084999816,1824270.85,1826004.645085,20
2019-07-03,1733.795084999816,1830422.9000000001,1832156.695085,20
2019-07-04,1733.795084999816,1839028.55,1840762.345085,20
2019-07-05,1733.795084999816,1803942.4,1805676.1950849998,20
2019-07-08,1733.795084999816,1759764.35,1761498.145085,20
2019-07-09,253466.5287349998,1510464.1500000001,1763930.6787349998,17
2019-07-10,253466.5287349998,1493159.4,1746625.9287349996,17
2019-07-11,336862.59670999984,1411836.15,1748698.7467099996,16
2019-07-12,336862.59670999984,1411965.7,1748828.29671,16
2019-07-15,336862.59670999984,1411881.2,1748743.79671,16
2019-07-16,336862.59670999984,1426750.25,1763612.8467099997,16
2019-07-17,336862.59670999984,1426810.0999999999,1763672.6967099998,16
2019-07-18,416355.37840999983,1324183.2,1740538.5784099998,15
2019-07-19,416355.37840999983,1312470.5000000002,1728825.8784100001,15
2019-07-22,659761.1213099998,1051443.8,1711204.92131,12
2019-07-23,741672.4697099999,971071.5,1712743.9697099999,11
2019-07-24,741672.4697099999,955902.2000000001,1697574.66971,11
2019-07-25,741672.4697099999,958721.15,1700393.6197099998,11
2019-07-26,823889.1594099998,880932.7000000001,1704821.85941,10
2019-07-29,823889.1594099998,870838.2000000001,1694727.35941,10
2019-07-30,823889.1594099998,854759.0999999999,1678648.2594099997,10
2019-07-31,823889.1594099998,863876.0,1687765.1594099998,10
2019-08-01,12349.18451499984,1660802.1600000001,1673151.344515,20
2019-08-02,12349.18451499984,1661333.7899999998,1673682.9745149997,20
2019-08-05,12349.18451499984,1648240.8,1660589.984515,20
2019-08-06,12349.18451499984,1674909.2899999998,1687258.4745149997,20
2019-08-07,85212.90474499985,1599270.8999999997,1684483.8047449996,19
2019-08-08,85212.90474499985,1604804.65,1690017.5547449999,19
2019-08-09,85212.90474499985,1619165.0999999999,1704378.0047449998,19
2019-08-13,85212.90474499985,1564098.7499999998,1649311.6547449997,19
2019-08-14,161425.21454499982,1514664.3499999999,1676089.5645449997,18
2019-08-16,161425.21454499982,1520838.5,1682263.7145449999,18
2019-08-19,161425.21454499982,1527798.0,1689223.2145449999,18
2019-08-20,161425.21454499982,1518317.8499999999,1679743.0645449997,18
2019-08-21,161425.21454499982,1506961.3,1668386.514545,18
2019-08-22,161425.21454499982,1478294.9500000002,1639720.164545,18
2019-08-23,228240.5909199998,1424411.5499999998,1652652.1409199997,17
2019-08-26,228240.5909199998,1441876.8,1670117.39092,17
2019-08-27,228240.5909199998,1455665.5499999998,1683906.1409199997,17
2019-08-28,228240.5909199998,1462402.85,1690643.44092,17
2019-08-29,228240.5909199998,1460932.25,1689172.8409199999,17
2019-08-30,228240.5909199998,1474040.0499999998,1702280.6409199997,17
2019-09-03,11803.317499999845,1659259.31,1671062.6275,20
2019-09-04,11803.317499999845,1662385.68,1674188.9974999998,20
2019-09-05,11803.317499999845,1676145.6100000003,1687948.9275000002,20
2019-09-06,11803.317499999845,1688705.39,1700508.7074999998,20
2019-09-09,11803.317499999845,1704742.5799999998,1716545.8974999997,20
2019-09-11,11803.317499999845,1702337.02,1714140.3375,20
2019-09-12,11803.317499999845,1691500.6600000001,1703303.9775,20
2019-09-13,11803.317499999845,1707357.4799999997,1719160.7974999996,20
2019-09-16,11803.317499999845,1702311.5700000003,1714114.8875000002,20
2019-09-17,11803.317499999845,1668356.9400000002,1680160.2575,20
2019-09-18,88526.45989999984,1598185.9,1686712.3598999998,19
2019-09-19,88526.45989999984,1586187.05,1674713.5099,19
2019-09-20,88526.45989999984,1662069.5,1750595.9599,19
2019-09-23,88526.45989999984,1693124.7999999998,1781651.2598999997,19
2019-09-24,88526.45989999984,1701048.4500000002,1789574.9099,19
2019-09-25,88526.45989999984,1672691.2999999998,1761217.7598999997,19
2019-09-26,88526.45989999984,1688419.2999999998,1776945.7598999997,19
2019-09-27,88526.45989999984,1682347.6,1770874.0599,19
2019-09-30,88526.45989999984,1676980.85,1765507.3099,19
2019-10-01,9534.519299999738,1733747.6500000001,1743282.1693,20
2019-10-03,9534.519299999738,1726784.9999999998,1736319.5192999996,20
2019-10-04,90053.55929999973,1608124.9,1698178.4592999998,19
2019-10-07,174679.57957499972,1503572.7,1678252.2795749996,18
2019-10-09,245221.9570499997,1452761.2500000002,1697983.2070499999,17
2019-10-10,245221.9570499997,1445604.95,1690826.9070499996,17
2019-10-11,322347.6946499997,1370093.6999999997,1692441.3946499994,16
2019-10-14,322347.6946499997,1371731.9,1694079.5946499996,16
2019-10-15,322347.6946499997,1376893.5,1699241.1946499997,16
2019-10-16,322347.6946499997,1375442.95,1697790.6446499997,16
2019-10-17,322347.6946499997,1394248.4,1716596.0946499996,16
2019-10-18,322347.6946499997,1416006.1999999997,1738353.8946499994,16
2019-10-22,322347.6946499997,1429763.8000000003,1752111.49465,16
2019-10-23,322347.6946499997,1449332.2,1771679.8946499997,16
2019-10-24,322347.6946499997,1443721.0999999996,1766068.7946499994,16
2019-10-25,322347.6946499997,1433538.6499999997,1755886.3446499994,16
2019-10-27,322347.6946499997,1440187.4999999998,1762535.1946499995,16
2019-10-29,322347.6946499997,1454604.05,1776951.7446499998,16
2019-10-30,322347.6946499997,1461864.75,1784212.4446499997,16
2019-10-31,322347.6946499997,1466537.95,1788885.6446499997,16
2019-11-01,5922.69419999962,1771479.1500000004,1777401.8442,20
2019-11-04,5922.69419999962,1759193.1500000001,1765115.8441999997,20
2019-11-05,5922.69419999962,1756884.9,1762807.5941999995,20
2019-11-06,5922.69419999962,1759211.25,1765133.9441999996,20
2019-11-07,5922.69419999962,1763726.4000000001,1769649.0941999997,20
2019-11-08,5922.69419999962,1744910.05,1750832.7441999996,20
2019-11-11,86386.51714999964,1675460.2499999998,1761846.7671499995,19
2019-11-13,86386.51714999964,1651290.1999999997,1737676.7171499995,19
2019-11-14,165891.43062499963,1572091.85,1737983.2806249997,18
2019-11-15,165891.43062499963,1576074.7500000002,1741966.1806249998,18
2019-11-18,165891.43062499963,1569576.6499999997,1735468.0806249992,18
2019-11-19,165891.43062499963,1561669.2,1727560.6306249995,18
2019-11-20,165891.43062499963,1571865.8499999999,1737757.2806249994,18
2019-11-21,165891.43062499963,1553872.4499999997,1719763.8806249993,18
2019-11-22,242832.04632499962,1460149.4999999998,1702981.5463249993,17
2019-11-25,323261.62072499964,1396413.3000000003,1719674.9207249999,16
2019-11-26,323261.62072499964,1391101.35,1714362.9707249997,16
2019-11-27,323261.62072499964,1395761.7000000002,1719023.3207249998,16
2019-11-28,323261.62072499964,1401401.65,1724663.2707249995,16
2019-11-29,323261.62072499964,1400541.6500000001,1723803.2707249997,16
2019-12-02,364.74887499977194,1713870.9499999997,1714235.6988749995,20
2019-12-03,364.74887499977194,1690887.9,1691252.6488749997,20
2019-12-04,74085.55154999977,1618050.6499999997,1692136.2015499994,19
2019-12-05,74085.55154999977,1610447.0,1684532.5515499997,19
2019-12-06,74085.55154999977,1591166.9499999997,1665252.5015499995,19
2019-12-09,311122.1624999998,1347195.4000000001,1658317.5625,16
2019-12-10,311122.1624999998,1334726.4,1645848.5624999998,16
2019-12-11,467092.9049249998,1187542.0999999999,1654635.0049249995,14
2019-12-12,467092.9049249998,1195048.6500000001,1662141.5549249998,14
2019-12-13,467092.9049249998,1208901.9000000001,1675994.8049249998,14
2019-12-16,467092.9049249998,1201281.25,1668374.154925,14
2019-12-17,467092.9049249998,1203898.65,1670991.5549249998,14
2019-12-18,467092.9049249998,1205111.0499999998,1672203.9549249997,14
2019-12-19,467092.9049249998,1211358.7,1678451.6049249996,14
2019-12-20,467092.9049249998,1215599.3000000003,1682692.2049250002,14
2019-12-23,467092.9049249998,1215658.5999999999,1682751.5049249995,14
2019-12-24,467092.9049249998,1214274.25,1681367.154925,14
2019-12-26,467092.9049249998,1215226.9,1682319.8049249998,14
2019-12-27,467092.9049249998,1222511.5499999998,1689604.4549249997,14
2019-12-30,467092.9049249998,1227873.3,1694966.2049249997,14
2019-12-31,467092.9049249998,1225930.8,1693023.7049249997,14
2020-01-01,5.5108499997732,1685383.4999999998,1685389.0108499995,20
2020-01-02,5.5108499997732,1715445.5,1715451.0108499997,20
2020-01-03,5.5108499997732,1705289.65,1705295.1608499996,20
2020-01-06,5.5108499997732,1648005.8,1648011.3108499998,20
2020-01-07,76457.90997499977,1584254.0,1660711.9099749997,19
2020-01-08,76457.90997499977,1599323.5000000002,1675781.409975,19
2020-01-09,76457.90997499977,1625345.45,1701803.3599749997,19
2020-01-10,76457.90997499977,1615993.0000000002,1692450.909975,19
2020-01-13,76457.90997499977,1629485.45,1705943.3599749997,19
2020-01-14,151620.24709999977,1555453.0,1707073.2470999998,18
2020-01-15,151620.24709999977,1564646.9500000002,1716267.1971,18
2020-01-16,151620.24709999977,1573931.75,1725551.9970999998,18
2020-01-17,227106.84709999978,1479639.15,1706745.9970999998,17
2020-01-20,289804.65909999976,1402787.7,1692592.3590999998,16
2020-01-21,289804.65909999976,1409104.5,1698909.1590999998,16
2020-01-22,289804.65909999976,1406743.05,1696547.7090999999,16
2020-01-23,289804.65909999976,1426374.05,1716178.7090999999,16
2020-01-24,289804.65909999976,1439221.3499999999,1729026.0090999997,16
2020-01-27,289804.65909999976,1434066.2000000002,1723870.8591,16
2020-01-28,289804.65909999976,1432784.2000000002,1722588.8591,16
2020-01-29,289804.65909999976,1436880.0,1726684.6590999998,16
2020-01-30,289804.65909999976,1429972.3500000003,1719777.0091000001,16
2020-01-31,289804.65909999976,1421251.6500000001,1711056.3091,16
2020-02-01,1530.0433249997295,1642462.1500000001,1643992.193325,20
2020-02-03,232755.83359999972,1436424.4999999998,1669180.3335999995,17
2020-02-04,309534.0931999997,1393481.0999999999,1703015.1931999996,16
2020-02-05,309534.0931999997,1418065.4000000001,1727599.4932,16
2020-02-06,309534.0931999997,1416132.55,1725666.6431999998,16
2020-02-07,309534.0931999997,1427187.4999999998,1736721.5931999995,16
2020-02-10,309534.0931999997,1412173.65,1721707.7431999997,16
2020-02-11,309534.0931999997,1402425.7999999998,1711959.8931999996,16
2020-02-12,387705.36014999973,1325588.25,1713293.6101499996,15
2020-02-13,387705.36014999973,1329700.15,1717405.5101499995,15
2020-02-14,387705.36014999973,1309980.3499999999,1697685.7101499997,15
2020-02-17,387705.36014999973,1292176.8499999999,1679882.2101499997,15
2020-02-18,387705.36014999973,1285529.54,1673234.9001499997,15
2020-02-19,539032.4285499997,1165470.7,1704503.1285499996,13
2020-02-20,539032.4285499997,1169027.75,1708060.1785499998,13
2020-02-24,539032.4285499997,1147733.85,1686766.27855,13
2020-02-25,539032.4285499997,1140605.35,1679637.77855,13
2020-02-26,539032.4285499997,1129570.95,1668603.3785499996,13
2020-02-27,616819.5725499997,1042724.35,1659543.9225499998,12
2020-02-28,616819.5725499997,986516.8500000001,1603336.4225499998,12
2020-03-02,66118.19829999976,1514429.0,1580547.1982999998,20
2020-03-03,66118.19829999976,1560882.1000000003,1627000.2983000001,20
2020-03-04,66118.19829999976,1527487.3,1593605.4982999999,20
2020-03-05,148651.71204999974,1450299.35,1598951.0620499998,19
2020-03-06,219944.61204999973,1338143.05,1558087.6620499997,18
2020-03-09,431433.2025999997,1070474.6,1501907.8025999998,15
2020-03-11,576536.2210999997,920987.9000000001,1497524.1210999999,13
2020-03-12,576536.2210999997,847972.8999999999,1424509.1210999996,13
2020-03-13,1032237.2426999997,354780.15,1387017.3926999997,5
2020-03-16,1032237.2426999997,325960.7,1358197.9426999998,5
2020-03-17,1032237.2426999997,316046.45,1348283.6926999998,5
2020-03-18,1149225.19715,187789.8,1337014.99715,3
2020-03-19,1216168.3316,115890.0,1332058.3316,2
2020-03-20,1216168.3316,132710.7,1348879.0315999999,2
2020-03-23,1216168.3316,113377.79999999999,1329546.1316,2
2020-03-24,1216168.3316,114691.8,1330860.1316,2
2020-03-25,1216168.3316,118094.4,1334262.7315999998,2
2020-03-26,1216168.3316,117779.4,1333947.7315999998,2
2020-03-27,1216168.3316,120120.6,1336288.9316,2
2020-03-30,1216168.3316,120783.6,1336951.9316,2
2020-03-31,1216168.3316,123878.70000000001,1340047.0315999999,2
2020-04-01,2564.1331249998184,1311036.9000000004,1313601.033125,20
2020-04-03,2564.1331249998184,1301050.9999999998,1303615.1331249997,20
2020-04-07,122947.28712499983,1274696.5,1397643.7871249998,18
2020-04-08,122947.28712499983,1286981.05,1409928.3371249998,18
2020-04-09,122947.28712499983,1342049.8499999999,1464997.1371249997,18
2020-04-13,122947.28712499983,1361518.9500000002,1484466.237125,18
2020-04-15,122947.28712499983,1372532.7500000002,1495480.037125,18
2020-04-16,122947.28712499983,1404169.85,1527117.137125,18
2020-04-17,122947.28712499983,1424510.3499999996,1547457.6371249994,18
2020-04-20,122947.28712499983,1430191.2,1553138.4871249998,18
2020-04-21,122947.28712499983,1421143.3,1544090.5871249998,18
2020-04-22,122947.28712499983,1436239.75,1559187.0371249998,18
2020-04-23,122947.28712499983,1431254.6500000004,1554201.9371250002,18
2020-04-24,122947.28712499983,1407748.95,1530696.2371249998,18
2020-04-27,122947.28712499983,1431549.2500000002,1554496.537125,18
2020-04-28,122947.28712499983,1440261.9000000001,1563209.187125,18
2020-04-29,122947.28712499983,1451753.6999999997,1574700.9871249995,18
2020-04-30,122947.28712499983,1470728.3499999999,1593675.6371249997,18
2020-05-04,4544.379549999794,1540791.85,1545336.2295499998,20
2020-05-05,4544.379549999794,1512905.05,1517449.4295499998,20
2020-05-06,4544.379549999794,1529782.5999999999,1534326.9795499996,20
2020-05-07,4544.379549999794,1515681.3,1520225.6795499998,20
2020-05-08,75191.74929999979,1454159.2000000002,1529350.9493,19
2020-05-11,75191.74929999979,1473093.9999999998,1548285.7492999996,19
2020-05-12,75191.74929999979,1475632.7,1550824.4492999997,19
2020-05-13,75191.74929999979,1495839.6000000003,1571031.3493000001,19
2020-05-14,75191.74929999979,1490460.0,1565651.7492999998,19
2020-05-15,75191.74929999979,1474693.3999999997,1549885.1492999995,19
2020-05-18,75191.74929999979,1425099.2,1500290.9492999997,19
2020-05-19,136268.2469249998,1367973.0499999998,1504241.2969249997,18
2020-05-20,204852.7156749998,1333887.7999999998,1538740.5156749997,17
2020-05-21,204852.7156749998,1348907.9,1553760.6156749998,17
2020-05-22,204852.7156749998,1355172.5,1560025.2156749999,17
2020-05-26,204852.7156749998,1366594.7500000002,1571447.465675,17
2020-05-27,204852.7156749998,1364318.8499999999,1569171.5656749997,17
2020-05-28,204852.7156749998,1375258.8,1580111.515675,17
2020-05-29,204852.7156749998,1389121.75,1593974.4656749999,17
2020-06-01,7145.369099999574,1611661.1,1618806.4690999996,20
2020-06-02,7145.369099999574,1627767.1500000001,1634912.5190999997,20
2020-06-03,7145.369099999574,1635407.0999999999,1642552.4690999994,20
2020-06-04,7145.369099999574,1654226.6999999997,1661372.0690999993,20
2020-06-05,7145.369099999574,1682682.7,1689828.0690999995,20
2020-06-08,7145.369099999574,1703263.45,1710408.8190999995,20
2020-06-09,7145.369099999574,1680052.3000000005,1687197.6691,20
2020-06-10,7145.369099999574,1694978.6500000001,1702124.0190999997,20
2020-06-11,7145.369099999574,1648698.75,1655844.1190999995,20
2020-06-12,78573.56584999958,1612903.4000000001,1691476.9658499998,19
2020-06-15,78573.56584999958,1592633.8499999999,1671207.4158499995,19
2020-06-16,78573.56584999958,1590739.3,1669312.8658499997,19
2020-06-17,78573.56584999958,1599683.9000000001,1678257.4658499998,19
2020-06-18,78573.56584999958,1596449.7,1675023.2658499996,19
2020-06-19,78573.56584999958,1591087.8999999997,1669661.4658499993,19
2020-06-22,78573.56584999958,1647058.15,1725631.7158499996,19
2020-06-23,78573.56584999958,1669470.5000000002,1748044.06585,19
2020-06-24,78573.56584999958,1639623.5,1718197.0658499997,19
2020-06-25,78573.56584999958,1648860.2499999998,1727433.8158499994,19
2020-06-26,78573.56584999958,1659834.15,1738407.7158499996,19
2020-06-29,78573.56584999958,1661618.4,1740191.9658499996,19
2020-06-30,78573.56584999958,1651752.8499999999,1730326.4158499995,19
2020-07-01,28.227199999717413,1726973.2500000002,1727001.4771999998,20
2020-07-02,28.227199999717413,1743670.5,1743698.7271999996,20
2020-07-03,28.227199999717413,1756982.9500000002,1757011.1771999998,20
2020-07-06,28.227199999717413,1769288.3000000003,1769316.5272,20
2020-07-07,28.227199999717413,1771216.1499999997,1771244.3771999993,20
2020-07-08,28.227199999717413,1752307.7,1752335.9271999996,20
2020-07-09,28.227199999717413,1761531.9499999997,1761560.1771999993,20
2020-07-10,28.227199999717413,1760588.0999999999,1760616.3271999995,20
2020-07-13,28.227199999717413,1763444.5500000003,1763472.7772,20
2020-07-14,28.227199999717413,1732534.25,1732562.4771999996,20
2020-07-15,28.227199999717413,1713638.45,1713666.6771999996,20
2020-07-16,78553.46239999973,1646026.4000000001,1724579.8624,19
2020-07-17,78553.46239999973,1683251.75,1761805.2123999996,19
2020-07-20,78553.46239999973,1688868.9999999998,1767422.4623999996,19
2020-07-21,78553.46239999973,1691330.8499999999,1769884.3123999997,19
2020-07-22,78553.46239999973,1688794.7000000002,1767348.1623999998,19
2020-07-23,158198.8148999997,1618171.4500000002,1776370.2648999998,18
2020-07-24,158198.8148999997,1593877.05,1752075.8648999997,18
2020-07-27,158198.8148999997,1580041.4500000004,1738240.2649,18
2020-07-28,158198.8148999997,1602053.7000000002,1760252.5148999998,18
2020-07-29,158198.8148999997,1602770.85,1760969.6648999997,18
2020-07-30,158198.8148999997,1587826.9,1746025.7148999996,18
2020-07-31,158198.8148999997,1590726.1500000001,1748924.9648999998,18
2020-08-03,80103.04634999989,1641721.8499999999,1721824.8963499998,20
2020-08-04,80103.04634999989,1657782.45,1737885.49635,20
2020-08-05,80103.04634999989,1664799.7999999998,1744902.8463499998,20
2020-08-06,80103.04634999989,1672530.4000000001,1752633.44635,20
2020-08-07,80103.04634999989,1694883.5999999999,1774986.6463499998,20
2020-08-10,80103.04634999989,1711900.1,1792003.14635,20
2020-08-11,80103.04634999989,1711078.75,1791181.79635,20
2020-08-12,80103.04634999989,1715140.4000000001,1795243.44635,20
2020-08-13,80103.04634999989,1735881.4,1815984.4463499999,20
2020-08-14,154247.1630999999,1642605.3499999999,1796852.5130999996,19
2020-08-17,154247.1630999999,1657225.7500000002,1811472.9131,19
2020-08-18,154247.1630999999,1676674.6,1830921.7631,19
2020-08-19,154247.1630999999,1681164.8,1835411.9630999998,19
2020-08-20,154247.1630999999,1672390.6499999997,1826637.8130999994,19
2020-08-21,154247.1630999999,1679470.35,1833717.5131,19
2020-08-24,154247.1630999999,1693678.8499999999,1847926.0130999996,19
2020-08-25,154247.1630999999,1687200.4499999997,1841447.6130999997,19
2020-08-26,154247.1630999999,1704467.85,1858715.0131,19
2020-08-27,154247.1630999999,1707430.05,1861677.2130999998,19
2020-08-28,154247.1630999999,1743623.8000000003,1897870.9631000003,19
2020-08-31,154247.1630999999,1668490.5,1822737.6631,19
2020-09-01,7379.303749999555,1827096.3,1834475.6037499995,20
2020-09-02,7379.303749999555,1863282.45,1870661.7537499995,20
2020-09-03,7379.303749999555,1874210.0,1881589.3037499995,20
2020-09-04,7379.303749999555,1845896.0000000002,1853275.3037499997,20
2020-09-07,7379.303749999555,1838368.75,1845748.0537499995,20
2020-09-08,7379.303749999555,1813816.5500000003,1821195.8537499998,20
2020-09-09,7379.303749999555,1816231.2500000002,1823610.5537499997,20
2020-09-10,7379.303749999555,1828101.8,1835481.1037499995,20
2020-09-11,7379.303749999555,1851136.75,1858516.0537499995,20
2020-09-14,7379.303749999555,1890908.5999999999,1898287.9037499994,20
2020-09-15,90822.15144999955,1829000.4999999998,1919822.6514499993,19
2020-09-16,90822.15144999955,1832238.8000000003,1923060.9514499998,19
2020-09-17,90822.15144999955,1834127.4,1924949.5514499994,19
2020-09-18,90822.15144999955,1832916.7,1923738.8514499995,19
2020-09-21,90822.15144999955,1759070.2,1849892.3514499995,19
2020-09-22,255582.43974999958,1571226.4,1826808.8397499996,17
2020-09-23,413522.57364999957,1419399.75,1832922.3236499997,15
2020-09-24,413522.57364999957,1368183.85,1781706.4236499998,15
2020-09-25,413522.57364999957,1428691.7,1842214.2736499994,15
2020-09-28,413522.57364999957,1487108.2000000002,1900630.7736499999,15
2020-09-29,413522.57364999957,1473376.7000000002,1886899.2736499999,15
2020-09-30,413522.57364999957,1467744.4,1881266.9736499996,15
2020-10-01,96.22448999960034,1879089.8999999997,1879186.1244899994,20
2020-10-05,96.22448999960034,1875487.2300000002,1875583.45449,20
2020-10-06,96.22448999960034,1890626.3100000003,1890722.53449,20
2020-10-07,96.22448999960034,1891384.5299999998,1891480.7544899995,20
2020-10-08,96.22448999960034,1901660.4300000002,1901756.6544899999,20
2020-10-09,86890.8369899996,1805852.6700000002,1892743.5069899997,19
2020-10-12,86890.8369899996,1810072.7,1896963.5369899995,19
2020-10-13,172402.5966599996,1727636.85,1900039.4466599997,18
2020-10-14,172402.5966599996,1719710.7,1892113.2966599995,18
2020-10-15,172402.5966599996,1687482.7999999996,1859885.3966599992,18
2020-10-16,265006.1326849996,1615072.3499999999,1880078.4826849995,17
2020-10-19,265006.1326849996,1603197.4,1868203.5326849995,17
2020-10-20,265006.1326849996,1614257.9500000002,1879264.0826849998,17
2020-10-21,265006.1326849996,1607179.1500000001,1872185.2826849998,17
2020-10-22,265006.1326849996,1599109.95,1864116.0826849996,17
2020-10-23,265006.1326849996,1604258.7,1869264.8326849996,17
2020-10-26,265006.1326849996,1553703.55,1818709.6826849997,17
2020-10-27,424358.2454349996,1410610.45,1834968.6954349997,15
2020-10-28,424358.2454349996,1402308.4000000001,1826666.6454349998,15
2020-10-29,511414.9641849996,1312060.9,1823475.8641849994,14
2020-10-30,511414.9641849996,1302063.5,1813478.4641849995,14
2020-11-02,9073.95925499947,1798306.1600000001,1807380.1192549996,20
2020-11-03,9073.95925499947,1806794.77,1815868.7292549994,20
2020-11-04,9073.95925499947,1815957.27,1825031.2292549994,20
2020-11-05,9073.95925499947,1858621.5600000005,1867695.519255,20
2020-11-06,9073.95925499947,1868765.3600000003,1877839.3192549997,20
2020-11-09,9073.95925499947,1905458.32,1914532.2792549995,20
2020-11-10,9073.95925499947,1911983.41,1921057.3692549993,20
2020-11-11,9073.95925499947,1912316.4300000002,1921390.3892549996,20
2020-11-12,89128.89645499947,1846107.49,1935236.3864549994,19
2020-11-13,89128.89645499947,1853893.68,1943022.5764549994,19
2020-11-14,89128.89645499947,1865480.5099999998,1954609.4064549992,19
2020-11-17,89128.89645499947,1862430.8,1951559.6964549995,19
2020-11-18,89128.89645499947,1883656.36,1972785.2564549996,19
2020-11-19,89128.89645499947,1867207.5899999996,1956336.486454999,19
2020-11-20,89128.89645499947,1875201.3299999998,1964330.2264549993,19
2020-11-23,89128.89645499947,1912609.85,2001738.7464549995,19
2020-11-24,89128.89645499947,1918121.6600000001,2007250.5564549996,19
2020-11-25,89128.89645499947,1887906.06,1977034.9564549995,19
2020-11-26,89128.89645499947,1904562.35,1993691.2464549995,19
2020-11-27,89128.89645499947,1943076.38,2032205.2764549993,19
2020-12-01,26243.58640999948,2012228.0000000002,2038471.5864099998,20
2020-12-02,26243.58640999948,2020953.1500000001,2047196.7364099997,20
2020-12-03,26243.58640999948,2026404.7,2052648.2864099995,20
2020-12-04,26243.58640999948,2032922.4500000002,2059166.0364099997,20
2020-12-07,26243.58640999948,2040025.7500000005,2066269.33641,20
2020-12-08,26243.58640999948,2040940.3,2067183.8864099996,20
2020-12-09,26243.58640999948,2046280.35,2072523.9364099996,20
2020-12-10,26243.58640999948,2037985.7499999998,2064229.3364099993,20
2020-12-11,26243.58640999948,2040750.9000000001,2066994.4864099997,20
2020-12-14,26243.58640999948,2044873.4,2071116.9864099994,20
2020-12-15,26243.58640999948,2053186.25,2079429.8364099995,20
2020-12-16,26243.58640999948,2084513.7500000002,2110757.3364099995,20
2020-12-17,26243.58640999948,2091791.7,2118035.2864099992,20
2020-12-18,26243.58640999948,2092877.9000000001,2119121.4864099994,20
2020-12-21,26243.58640999948,1982070.2499999998,2008313.8364099993,20
2020-12-22,120347.21890999949,1914449.3499999999,2034796.5689099994,19
2020-12-23,120347.21890999949,1956964.8500000003,2077312.06891,19
2020-12-24,120347.21890999949,1956905.7,2077252.9189099995,19
2020-12-28,120347.21890999949,1972163.5499999998,2092510.7689099994,19
2020-12-29,120347.21890999949,1977356.85,2097704.0689099994,19
2020-12-30,120347.21890999949,1981308.35,2101655.5689099994,19
2020-12-31,120347.21890999949,1987884.15,2108231.3689099993,19
2021-01-01,34000.91118499939,2094350.7999999998,2128351.711184999,20
2021-01-04,34000.91118499939,2127931.85,2161932.7611849997,20
2021-01-05,34000.91118499939,2162484.3000000003,2196485.211185,20
2021-01-06,34000.91118499939,2171252.7,2205253.6111849993,20
2021-01-07,34000.91118499939,2217661.15,2251662.0611849995,20
2021-01-08,34000.91118499939,2243858.35,2277859.2611849997,20
2021-01-11,34000.91118499939,2238603.3499999996,2272604.261184999,20
2021-01-12,34000.91118499939,2249546.9000000004,2283547.8111849995,20
2021-01-13,34000.91118499939,2238560.9,2272561.8111849995,20
2021-01-14,34000.91118499939,2232635.3000000003,2266636.211185,20
2021-01-15,130622.86053499939,2100393.3000000003,2231016.160535,19
2021-01-18,226789.59373499942,1955344.6499999997,2182134.243734999,18
2021-01-19,226789.59373499942,2005378.1,2232167.6937349997,18
2021-01-20,226789.59373499942,2040216.55,2267006.1437349995,18
2021-01-21,226789.59373499942,2031199.0999999999,2257988.6937349993,18
2021-01-22,226789.59373499942,2021334.5499999998,2248124.143734999,18
2021-01-25,226789.59373499942,1970386.3,2197175.8937349995,18
2021-01-27,419257.85763499944,1731386.4000000001,2150644.2576349997,16
2021-01-28,419257.85763499944,1723383.0499999998,2142640.907634999,16
2021-01-29,419257.85763499944,1672526.7000000004,2091784.557635,16
2021-02-01,24268.890009999217,2186235.55,2210504.440009999,20
2021-02-02,24268.890009999217,2260389.3000000003,2284658.1900099996,20
2021-02-03,24268.890009999217,2280813.8500000006,2305082.74001,20
2021-02-04,24268.890009999217,2308534.9000000004,2332803.7900099996,20
2021-02-05,24268.890009999217,2284465.5,2308734.3900099993,20
2021-02-08,24268.890009999217,2308603.35,2332872.2400099994,20
2021-02-09,24268.890009999217,2319377.15,2343646.040009999,20
2021-02-10,24268.890009999217,2335958.45,2360227.3400099995,20
2021-02-11,24268.890009999217,2361707.0500000003,2385975.9400099996,20
2021-02-12,24268.890009999217,2344576.4,2368845.290009999,20
2021-02-15,24268.890009999217,2360113.9999999995,2384382.890009999,20
2021-02-16,24268.890009999217,2359332.35,2383601.2400099994,20
2021-02-17,24268.890009999217,2355502.6999999997,2379771.590009999,20
2021-02-18,24268.890009999217,2386549.15,2410818.040009999,20
2021-02-19,24268.890009999217,2356581.3500000006,2380850.24001,20
2021-02-22,24268.890009999217,2302098.8499999996,2326367.740009999,20
2021-02-23,24268.890009999217,2341950.9000000004,2366219.7900099996,20
2021-02-24,24268.890009999217,2382178.5000000005,2406447.3900099997,20
2021-02-25,24268.890009999217,2457293.1,2481561.9900099994,20
2021-02-26,24268.890009999217,2405925.7,2430194.5900099995,20
2021-03-01,4877.04268499912,2461932.95,2466809.9926849995,20
2021-03-02,4877.04268499912,2486776.45,2491653.4926849995,20
2021-03-03,4877.04268499912,2539108.9999999995,2543986.042684999,20
2021-03-04,4877.04268499912,2560656.15,2565533.192684999,20
2021-03-05,4877.04268499912,2474726.35,2479603.3926849994,20
2021-03-08,4877.04268499912,2493027.65,2497904.692684999,20
2021-03-09,4877.04268499912,2462264.25,2467141.2926849993,20
2021-03-10,114393.12178499911,2369236.6999999997,2483629.8217849988,19
2021-03-12,114393.12178499911,2352953.4,2467346.521784999,19
2021-03-15,114393.12178499911,2339610.5,2454003.621784999,19
2021-03-16,114393.12178499911,2331965.6,2446358.721784999,19
2021-03-17,114393.12178499911,2251610.85,2366003.971784999,19
2021-03-18,114393.12178499911,2207257.5,2321650.621784999,19
2021-03-19,114393.12178499911,2254350.3000000003,2368743.4217849993,19
2021-03-22,114393.12178499911,2249867.1,2364260.221784999,19
2021-03-23,114393.12178499911,2269576.75,2383969.871784999,19
2021-03-24,114393.12178499911,2200957.8000000003,2315350.9217849993,19
2021-03-25,114393.12178499911,2160588.25,2274981.371784999,19
2021-03-26,114393.12178499911,2203721.5999999996,2318114.7217849987,19
2021-03-30,114393.12178499911,2214872.4499999997,2329265.5717849988,19
2021-03-31,114393.12178499911,2222721.5,2337114.621784999,19
2021-04-01,325.07615999906557,2396334.0,2396659.0761599992,20
2021-04-05,325.07615999906557,2335601.4000000004,2335926.4761599996,20
2021-04-06,325.07615999906557,2357390.7,2357715.7761599994,20
2021-04-07,325.07615999906557,2386978.5500000003,2387303.6261599995,20
2021-04-08,325.07615999906557,2419528.1999999997,2419853.276159999,20
2021-04-09,325.07615999906557,2404630.95,2404956.0261599994,20
2021-04-12,325.07615999906557,2214054.35,2214379.4261599993,20
2021-04-13,205610.28575999907,2071268.8,2276879.085759999,18
2021-04-15,205610.28575999907,2047561.75,2253172.035759999,18
2021-04-16,205610.28575999907,2062388.5499999998,2267998.8357599988,18
2021-04-19,205610.28575999907,2009712.9999999998,2215323.285759999,18
2021-04-20,205610.28575999907,2010709.5,2216319.785759999,18
2021-04-22,205610.28575999907,2027218.4000000001,2232828.6857599993,18
2021-04-23,205610.28575999907,2028042.1999999997,2233652.4857599987,18
2021-04-26,205610.28575999907,2054286.65,2259896.935759999,18
2021-04-27,205610.28575999907,2089447.5,2295057.785759999,18
2021-04-28,205610.28575999907,2125039.3,2330649.5857599988,18
2021-04-29,205610.28575999907,2135886.7,2341496.985759999,18
2021-04-30,205610.28575999907,2160873.5500000003,2366483.835759999,18
2021-05-03,5843.125559999025,2388104.8000000003,2393947.9255599994,20
2021-05-04,5843.125559999025,2357747.8000000003,2363590.9255599994,20
2021-05-05,5843.125559999025,2376851.1999999997,2382694.325559999,20
2021-05-06,5843.125559999025,2394423.95,2400267.0755599993,20
2021-05-07,5843.125559999025,2398090.65,2403933.775559999,20
2021-05-10,5843.125559999025,2445506.65,2451349.775559999,20
2021-05-11,111945.73255999903,2372659.4499999997,2484605.1825599987,19
2021-05-12,219304.45255999902,2217275.4,2436579.852559999,18
2021-05-14,219304.45255999902,2158274.6500000004,2377579.1025599996,18
2021-05-17,219304.45255999902,2213376.0500000003,2432680.5025599995,18
2021-05-18,219304.45255999902,2262796.0,2482100.452559999,18
2021-05-19,219304.45255999902,2263374.25,2482678.702559999,18
2021-05-20,219304.45255999902,2246277.5500000003,2465582.0025599995,18
2021-05-21,219304.45255999902,2263006.4,2482310.852559999,18
2021-05-24,219304.45255999902,2302725.3499999996,2522029.802559999,18
2021-05-25,219304.45255999902,2314597.1500000004,2533901.6025599996,18
2021-05-26,219304.45255999902,2310382.3499999996,2529686.802559999,18
2021-05-27,219304.45255999902,2333363.9,2552668.352559999,18
2021-05-28,219304.45255999902,2325370.35,2544674.8025599993,18
2021-05-31,219304.45255999902,2322359.8,2541664.252559999,18
2021-06-01,3560.336234999224,2527160.52,2530720.8562349994,20
2021-06-02,3560.336234999224,2574402.2900000005,2577962.626235,20
2021-06-03,3560.336234999224,2608237.06,2611797.3962349994,20
2021-06-04,3560.336234999224,2623254.89,2626815.2262349995,20
2021-06-07,3560.336234999224,2654651.4000000004,2658211.7362349997,20
2021-06-08,3560.336234999224,2665946.6399999997,2669506.976234999,20
2021-06-09,3560.336234999224,2629349.69,2632910.0262349993,20
2021-06-10,3560.336234999224,2658599.7800000003,2662160.1162349996,20
2021-06-11,3560.336234999224,2672479.0700000008,2676039.406235,20
2021-06-14,3560.336234999224,2638383.15,2641943.4862349993,20
2021-06-15,3560.336234999224,2649643.15,2653203.4862349993,20
2021-06-16,3560.336234999224,2624622.8200000003,2628183.1562349997,20
2021-06-17,3560.336234999224,2596534.0599999996,2600094.396234999,20
2021-06-18,114573.56623499922,2449270.67,2563844.2362349993,19
2021-06-21,228005.12329499924,2357144.9000000004,2585150.0232949997,18
2021-06-22,228005.12329499924,2375334.4999999995,2603339.623294999,18
2021-06-23,228005.12329499924,2355438.65,2583443.7732949993,18
2021-06-24,228005.12329499924,2346816.3500000006,2574821.473295,18
2021-06-25,228005.12329499924,2368375.7,2596380.8232949995,18
2021-06-28,228005.12329499924,2386652.9499999997,2614658.073294999,18
2021-06-29,228005.12329499924,2364359.0,2592364.1232949994,18
2021-06-30,228005.12329499924,2369152.0,2597157.1232949994,18
2021-07-01,152.22266999924614,2615219.29,2615371.512669999,20
2021-07-02,152.22266999924614,2639092.8,2639245.022669999,20
2021-07-05,152.22266999924614,2671646.7499999995,2671798.9726699986,20
2021-07-06,152.22266999924614,2637926.41,2638078.6326699993,20
2021-07-07,152.22266999924614,2678437.2600000002,2678589.4826699994,20
2021-07-08,118208.37241999926,2560953.5700000003,2679161.9424199997,19
2021-07-09,118208.37241999926,2572882.3400000003,2691090.7124199998,19
2021-07-12,118208.37241999926,2580312.3299999996,2698520.702419999,19
2021-07-13,118208.37241999926,2575684.3400000003,2693892.7124199998,19
2021-07-14,118208.37241999926,2593623.9099999997,2711832.282419999,19
2021-07-15,118208.37241999926,2611419.8499999996,2729628.222419999,19
2021-07-16,118208.37241999926,2635877.5199999996,2754085.892419999,19
2021-07-19,118208.37241999926,2620681.38,2738889.7524199993,19
2021-07-20,118208.37241999926,2574195.9899999998,2692404.362419999,19
2021-07-22,118208.37241999926,2609019.34,2727227.7124199993,19
2021-07-23,118208.37241999926,2597923.81,2716132.1824199995,19
2021-07-26,118208.37241999926,2592902.7000000007,2711111.07242,19
2021-07-27,118208.37241999926,2593441.01,2711649.382419999,19
2021-07-28,118208.37241999926,2582570.37,2700778.7424199996,19
2021-07-29,118208.37241999926,2619212.4699999997,2737420.842419999,19
2021-07-30,118208.37241999926,2631265.7,2749474.0724199996,19
2021-08-02,138.0963499993377,2778560.1699999995,2778698.266349999,20
2021-08-03,138.0963499993377,2785712.7800000003,2785850.8763499996,20
2021-08-04,138.0963499993377,2741108.7,2741246.7963499995,20
2021-08-05,127135.21449999933,2612078.0300000003,2739213.2444999996,19
2021-08-06,127135.21449999933,2616494.98,2743630.1944999993,19
2021-08-09,127135.21449999933,2595380.02,2722515.2344999993,19
2021-08-10,127135.21449999933,2550337.5100000002,2677472.7244999995,19
2021-08-11,375585.47924999933,2302266.43,2677851.9092499996,17
2021-08-12,375585.47924999933,2340860.43,2716445.9092499996,17
2021-08-13,375585.47924999933,2331948.6,2707534.0792499995,17
2021-08-16,375585.47924999933,2317948.76,2693534.239249999,17
2021-08-17,375585.47924999933,2313596.66,2689182.1392499995,17
2021-08-18,375585.47924999933,2318891.86,2694477.3392499993,17
2021-08-20,375585.47924999933,2243504.42,2619089.8992499993,17
2021-08-23,735912.9760499992,1855633.5899999996,2591546.5660499986,14
2021-08-24,735912.9760499992,1889931.27,2625844.2460499993,14
2021-08-25,735912.9760499992,1894155.9999999998,2630068.976049999,14
2021-08-26,735912.9760499992,1881638.8,2617551.7760499995,14
2021-08-27,735912.9760499992,1900000.02,2635912.9960499993,14
2021-08-30,735912.9760499992,1939577.66,2675490.636049999,14
2021-08-31,735912.9760499992,1962275.55,2698188.5260499995,14
2021-09-01,513.5955249991675,2692090.8499999996,2692604.445524999,20
2021-09-02,513.5955249991675,2732983.44,2733497.0355249993,20
2021-09-03,513.5955249991675,2768163.2699999996,2768676.865524999,20
2021-09-06,513.5955249991675,2794906.99,2795420.5855249995,20
2021-09-07,513.5955249991675,2785170.72,2785684.3155249995,20
2021-09-08,513.5955249991675,2803190.02,2803703.6155249993,20
2021-09-09,513.5955249991675,2814950.3499999996,2815463.945524999,20
2021-09-13,513.5955249991675,2839706.0,2840219.5955249993,20
2021-09-14,513.5955249991675,2871009.0500000007,2871522.645525,20
2021-09-15,513.5955249991675,2890146.6700000004,2890660.2655249997,20
2021-09-16,513.5955249991675,2891568.5699999994,2892082.1655249987,20
2021-09-17,513.5955249991675,2854278.44,2854792.0355249993,20
2021-09-20,513.5955249991675,2761587.53,2762101.125524999,20
2021-09-21,513.5955249991675,2797036.0000000005,2797549.595525,20
2021-09-22,513.5955249991675,2826932.8499999996,2827446.445524999,20
2021-09-23,513.5955249991675,2866972.75,2867486.3455249993,20
2021-09-24,513.5955249991675,2848501.9999999995,2849015.595524999,20
2021-09-27,513.5955249991675,2855293.9099999997,2855807.505524999,20
2021-09-28,513.5955249991675,2818186.3699999996,2818699.965524999,20
2021-09-29,513.5955249991675,2834934.3400000003,2835447.9355249996,20
2021-09-30,513.5955249991675,2830239.2000000007,2830752.795525,20
2021-10-01,6459.828719998972,2802899.67,2809359.498719999,20
2021-10-04,6459.828719998972,2885704.0799999996,2892163.908719999,20
2021-10-05,6459.828719998972,2898405.7100000004,2904865.5387199996,20
2021-10-06,6459.828719998972,2885762.6499999994,2892222.4787199986,20
2021-10-07,6459.828719998972,2939309.2399999993,2945769.0687199985,20
2021-10-08,6459.828719998972,2972859.7199999997,2979319.548719999,20
2021-10-11,6459.828719998972,2992009.130000001,2998468.95872,20
2021-10-12,6459.828719998972,3029155.67,3035615.498719999,20
2021-10-13,6459.828719998972,3091136.9299999997,3097596.758719999,20
2021-10-14,6459.828719998972,3158369.4200000004,3164829.2487199996,20
2021-10-18,6459.828719998972,3203705.5300000003,3210165.3587199994,20
2021-10-19,6459.828719998972,3152026.88,3158486.708719999,20
2021-10-20,6459.828719998972,3007764.19,3014224.018719999,20
2021-10-21,136283.90006999898,2824100.76,2960384.660069999,19
2021-10-22,136283.90006999898,2780206.7,2916490.600069999,19
2021-10-25,136283.90006999898,2675113.6999999997,2811397.6000699988,19
2021-10-26,136283.90006999898,2742772.0100000007,2879055.9100699998,19
2021-10-27,266343.717269999,2607436.06,2873779.777269999,18
2021-10-28,266343.717269999,2565144.97,2831488.687269999,18
2021-10-29,266343.717269999,2535469.87,2801813.587269999,18
2021-11-01,14524.359994998726,2863807.2799999993,2878331.639994998,20
2021-11-02,14524.359994998726,2867367.1700000004,2881891.529994999,20
2021-11-03,14524.359994998726,2838411.71,2852936.0699949986,20
2021-11-04,14524.359994998726,2861799.11,2876323.4699949985,20
2021-11-08,14524.359994998726,2885799.7500000005,2900324.109994999,20
2021-11-09,138268.4649949987,2801823.4699999997,2940091.9349949984,19
2021-11-10,138268.4649949987,2779146.7800000003,2917415.244994999,19
2021-11-11,138268.4649949987,2756040.08,2894308.5449949987,19
2021-11-12,138268.4649949987,2792469.33,2930737.7949949987,19
2021-11-15,138268.4649949987,2817360.82,2955629.2849949985,19
2021-11-16,138268.4649949987,2829183.6099999994,2967452.074994998,19
2021-11-17,138268.4649949987,2816266.54,2954535.0049949987,19
2021-11-18,138268.4649949987,2795793.87,2934062.3349949988,19
2021-11-22,138268.4649949987,2729135.0399999996,2867403.504994998,19
2021-11-23,269498.9235949987,2640681.4799999995,2910180.403594998,18
2021-11-24,269498.9235949987,2625408.0500000003,2894906.973594999,18
2021-11-25,269498.9235949987,2660199.23,2929698.1535949986,18
2021-11-26,269498.9235949987,2555677.06,2825175.9835949987,18
2021-11-29,377485.7000949987,2423420.9,2800906.6000949987,17
2021-11-30,506623.7020949987,2299933.1999999997,2806556.9020949984,16
2021-12-01,14826.396499998576,2838305.3200000003,2853131.7164999987,20
2021-12-02,14826.396499998576,2872897.17,2887723.5664999983,20
2021-12-03,14826.396499998576,2908468.96,2923295.3564999984,20
2021-12-06,14826.396499998576,2876061.3799999994,2890887.776499998,20
2021-12-07,14826.396499998576,2906962.0900000003,2921788.4864999987,20
2021-12-08,14826.396499998576,2951423.6200000006,2966250.016499999,20
2021-12-09,14826.396499998576,3001129.1899999995,3015955.586499998,20
2021-12-10,14826.396499998576,3052595.97,3067422.3664999986,20
2021-12-13,14826.396499998576,3031300.09,3046126.4864999983,20
2021-12-14,14826.396499998576,3014134.5900000003,3028960.9864999987,20
2021-12-15,14826.396499998576,2976181.4499999997,2991007.846499998,20
2021-12-16,14826.396499998576,2967198.18,2982024.5764999986,20
2021-12-17,14826.396499998576,2866992.1099999994,2881818.506499998,20
2021-12-20,14826.396499998576,2745987.99,2760814.3864999986,20
2021-12-21,386542.38489999855,2434778.75,2821321.1348999985,17
2021-12-22,386542.38489999855,2482784.0300000003,2869326.414899999,17
2021-12-23,386542.38489999855,2488305.95,2874848.3348999987,17
2021-12-24,386542.38489999855,2466997.43,2853539.8148999987,17
2021-12-27,386542.38489999855,2478425.26,2864967.6448999983,17
2021-12-28,386542.38489999855,2517043.89,2903586.2748999987,17
2021-12-29,386542.38489999855,2521351.91,2907894.2948999987,17
2021-12-30,386542.38489999855,2503693.8600000003,2890236.244899999,17
2021-12-31,386542.38489999855,2548553.66,2935096.0448999987,17
2022-01-03,7987.454574998468,2959677.22,2967664.6745749987,20
2022-01-04,7987.454574998468,2965094.64,2973082.0945749986,20
2022-01-05,7987.454574998468,2948283.23,2956270.6845749984,20
2022-01-06,7987.454574998468,2943103.01,2951090.4645749982,20
2022-01-07,7987.454574998468,2954024.0200000005,2962011.474574999,20
2022-01-10,7987.454574998468,2968227.6500000004,2976215.104574999,20
2022-01-11,7987.454574998468,2943953.01,2951940.4645749982,20
2022-01-12,7987.454574998468,2972024.45,2980011.9045749987,20
2022-01-13,7987.454574998468,2981073.4699999997,2989060.924574998,20
2022-01-14,7987.454574998468,2985039.4900000007,2993026.944574999,20
2022-01-17,7987.454574998468,2978634.0000000005,2986621.454574999,20
2022-01-18,7987.454574998468,2906094.68,2914082.1345749986,20
2022-01-19,275093.39377499843,2625805.64,2900899.0337749985,18
2022-01-20,275093.39377499843,2617397.12,2892490.5137749985,18
2022-01-21,408585.8542749984,2408223.8000000003,2816809.6542749987,17
2022-01-24,408585.8542749984,2288407.9299999997,2696993.784274998,17
2022-01-25,530481.2065699984,2193183.0500000003,2723664.256569999,16
2022-01-27,647954.7315699984,2017079.75,2665034.4815699984,15
2022-01-28,781116.6885699984,1916465.9,2697582.5885699983,14
2022-01-31,781116.6885699984,1933273.9500000002,2714390.6385699986,14
2022-02-01,2615.5272999984445,2724442.39,2727057.9172999985,20
2022-02-02,2615.5272999984445,2758429.24,2761044.7672999986,20
2022-02-03,2615.5272999984445,2748881.7299999995,2751497.257299998,20
2022-02-04,128618.23929999844,2613789.4699999997,2742407.7092999984,19
2022-02-07,128618.23929999844,2577887.0800000005,2706505.319299999,19
2022-02-08,128618.23929999844,2564156.93,2692775.169299999,19
2022-02-09,255537.57429999846,2483699.92,2739237.4942999985,18
2022-02-10,255537.57429999846,2501155.81,2756693.3842999986,18
2022-02-11,255537.57429999846,2450335.4699999997,2705873.0442999983,18
2022-02-14,255537.57429999846,2351996.0299999993,2607533.604299998,18
2022-02-15,374698.56429999846,2316164.4199999995,2690862.984299998,17
2022-02-16,374698.56429999846,2305796.54,2680495.1042999984,17
2022-02-17,374698.56429999846,2298383.5500000003,2673082.1142999986,17
2022-02-18,374698.56429999846,2288549.5700000003,2663248.1342999986,17
2022-02-21,374698.56429999846,2253175.16,2627873.7242999985,17
2022-02-22,493962.89904999844,2112189.9699999997,2606152.869049998,16
2022-02-23,617617.1390499985,1998353.71,2615970.8490499984,15
2022-02-24,734931.0038999985,1750868.8299999998,2485799.833899998,14
2022-02-25,1230053.5543749987,1334334.4500000002,2564388.0043749986,10
2022-02-28,1230053.5543749987,1344602.46,2574656.0143749984,10
2022-03-02,22986.835324998363,2561119.16,2584105.9953249986,20
2022-03-03,22986.835324998363,2567566.55,2590553.3853249983,20
2022-03-04,22986.835324998363,2507664.74,2530651.5753249987,20
2022-03-07,245998.81482499838,2234764.97,2480763.7848249986,18
2022-03-08,697846.1256749984,1803514.35,2501360.4756749985,14
2022-03-09,697846.1256749984,1835619.57,2533465.6956749987,14
2022-03-10,697846.1256749984,1879085.1,2576931.2256749985,14
2022-03-11,697846.1256749984,1892169.7999999998,2590015.925674998,14
2022-03-14,697846.1256749984,1924096.57,2621942.6956749987,14
2022-03-15,697846.1256749984,1885718.1400000001,2583564.2656749985,14
2022-03-16,697846.1256749984,1913943.23,2611789.3556749984,14
2022-03-17,697846.1256749984,1924692.2300000002,2622538.355674999,14
2022-03-21,697846.1256749984,1944547.54,2642393.6656749984,14
2022-03-22,697846.1256749984,1959072.35,2656918.4756749985,14
2022-03-23,697846.1256749984,1972181.4400000002,2670027.565674999,14
2022-03-24,697846.1256749984,1989348.53,2687194.6556749986,14
2022-03-25,697846.1256749984,1989472.1300000001,2687318.2556749983,14
2022-03-28,697846.1256749984,1991484.8199999998,2689330.945674998,14
2022-03-29,697846.1256749984,1988144.01,2685990.135674998,14
2022-03-30,697846.1256749984,2012037.6300000001,2709883.7556749983,14
2022-03-31,697846.1256749984,2019743.03,2717589.1556749986,14
2022-04-01,16464.75949999853,2746314.3499999996,2762779.1094999984,20
2022-04-04,16464.75949999853,2789044.38,2805509.1394999987,20
2022-04-05,16464.75949999853,2788385.07,2804849.829499998,20
2022-04-06,16464.75949999853,2791720.37,2808185.129499999,20
2022-04-07,16464.75949999853,2761850.75,2778315.5094999988,20
2022-04-08,16464.75949999853,2778781.5,2795246.2594999988,20
2022-04-11,16464.75949999853,2766483.7000000007,2782948.459499999,20
2022-04-12,16464.75949999853,2734249.4,2750714.159499998,20
2022-04-13,16464.75949999853,2722974.66,2739439.419499999,20
2022-04-18,16464.75949999853,2677975.0000000005,2694439.7594999988,20
2022-04-19,16464.75949999853,2641168.25,2657633.0094999988,20
2022-04-20,16464.75949999853,2647742.1399999997,2664206.8994999984,20
2022-04-21,16464.75949999853,2676707.69,2693172.4494999982,20
2022-04-22,16464.75949999853,2638442.7099999995,2654907.469499998,20
2022-04-25,16464.75949999853,2568670.93,2585135.6894999985,20
2022-04-26,16464.75949999853,2616777.4499999997,2633242.209499998,20
2022-04-27,16464.75949999853,2592677.3200000003,2609142.079499999,20
2022-04-28,16464.75949999853,2616029.9600000004,2632494.7194999987,20
2022-04-29,16464.75949999853,2596153.89,2612618.6494999984,20
2022-05-02,131105.3894499986,2468422.2199999997,2599527.6094499985,20
2022-05-04,131105.3894499986,2391995.76,2523101.1494499985,20
2022-05-05,366605.6084499986,2157509.26,2524114.8684499986,18
2022-05-06,366605.6084499986,2092222.46,2458828.0684499987,18
2022-05-09,597714.9536549986,1817169.2499999998,2414884.2036549984,16
2022-05-10,961603.1513799985,1433727.35,2395330.5013799984,13
2022-05-11,1083751.8530799986,1300612.05,2384363.9030799987,11
2022-05-12,1192986.5548799986,1156920.2,2349906.7548799985,10
2022-05-13,1312283.3408799986,1067366.45,2379649.7908799984,9
2022-05-16,1428463.5088299986,971808.6499999999,2400272.158829998,8
2022-05-17,1428463.5088299986,989509.0,2417972.508829999,8
2022-05-18,1428463.5088299986,990606.1,2419069.6088299984,8
2022-05-19,1428463.5088299986,963708.3,2392171.8088299986,8
2022-05-20,1428463.5088299986,982727.6499999999,2411191.158829998,8
2022-05-23,1428463.5088299986,981706.4,2410169.9088299987,8
2022-05-24,1428463.5088299986,969219.05,2397682.5588299986,8
2022-05-25,1428463.5088299986,942814.55,2371278.0588299986,8
2022-05-26,1428463.5088299986,951578.5,2380042.008829999,8
2022-05-27,1428463.5088299986,970395.5499999999,2398859.0588299986,8
2022-05-30,1428463.5088299986,983620.1,2412083.6088299984,8
2022-05-31,1428463.5088299986,991343.05,2419806.5588299986,8
2022-06-01,2945.6112549988757,2412939.9000000004,2415885.5112549993,20
2022-06-02,2945.6112549988757,2423496.85,2426442.461254999,20
2022-06-03,2945.6112549988757,2383130.9899999998,2386076.6012549987,20
2022-06-06,113393.59040499889,2270074.14,2383467.730404999,19
2022-06-07,113393.59040499889,2249941.33,2363334.920404999,19
2022-06-08,113393.59040499889,2228835.02,2342228.610404999,19
2022-06-09,217996.4504049989,2132995.08,2350991.530404999,18
2022-06-10,217996.4504049989,2108882.6,2326879.050404999,18
2022-06-13,217996.4504049989,2031999.57,2249996.020404999,18
2022-06-14,652111.5195749989,1597104.0,2249215.519574999,14
2022-06-15,761854.6575749989,1487559.5999999999,2249414.257574999,13
2022-06-16,873447.0175749989,1336546.5,2209993.517574999,12
2022-06-17,1092176.7301249988,1101120.7,2193297.430124999,10
2022-06-20,1185396.6901249988,978828.15,2164224.8401249987,9
2022-06-21,1288398.505299999,900630.0499999999,2189028.5552999987,8
2022-06-22,1288398.505299999,883316.2000000001,2171714.705299999,8
2022-06-23,1288398.505299999,903422.55,2191821.055299999,8
2022-06-24,1288398.505299999,914056.55,2202455.055299999,8
2022-06-27,1288398.505299999,924826.9,2213225.405299999,8
2022-06-28,1288398.505299999,929564.0,2217962.505299999,8
2022-06-29,1288398.505299999,925319.5,2213718.005299999,8
2022-06-30,1288398.505299999,920890.35,2209288.855299999,8
2022-07-01,15893.589694999187,2187728.78,2203622.369694999,20
2022-07-04,15893.589694999187,2186498.03,2202391.619694999,20
2022-07-05,219013.6518949992,1980222.5,2199236.151894999,18
2022-07-06,219013.6518949992,1999230.95,2218244.601894999,18
2022-07-07,313858.3710949992,1917674.0499999996,2231532.4210949987,17
2022-07-08,313858.3710949992,1927994.95,2241853.321094999,17
2022-07-11,313858.3710949992,1948515.2000000002,2262373.5710949996,17
2022-07-12,313858.3710949992,1945698.2000000002,2259556.5710949996,17
2022-07-13,313858.3710949992,1938306.05,2252164.421094999,17
2022-07-14,313858.3710949992,1926917.9,2240776.2710949993,17
2022-07-15,313858.3710949992,1936166.9,2250025.2710949993,17
2022-07-18,313858.3710949992,1963557.6499999997,2277416.021094999,17
2022-07-19,313858.3710949992,1973970.5499999998,2287828.921094999,17
2022-07-20,313858.3710949992,1976736.3499999999,2290594.721094999,17
2022-07-21,313858.3710949992,2011997.75,2325856.1210949994,17
2022-07-22,313858.3710949992,2014942.45,2328800.821094999,17
2022-07-25,313858.3710949992,2012340.0999999999,2326198.471094999,17
2022-07-26,313858.3710949992,1976060.4,2289918.7710949993,17
2022-07-27,313858.3710949992,2008723.7,2322582.071094999,17
2022-07-28,313858.3710949992,2028192.4999999998,2342050.871094999,17
2022-07-29,313858.3710949992,2057650.6500000001,2371509.0210949993,17
2022-08-01,23289.389594999288,2396585.1,2419874.4895949992,20
2022-08-02,23289.389594999288,2391694.8,2414984.189594999,20
2022-08-03,23289.389594999288,2382958.6499999994,2406248.0395949986,20
2022-08-04,23289.389594999288,2378621.95,2401911.3395949993,20
2022-08-05,23289.389594999288,2378676.3,2401965.689594999,20
2022-08-08,23289.389594999288,2393371.9499999997,2416661.339594999,20
2022-08-10,23289.389594999288,2382386.05,2405675.439594999,20
2022-08-11,130485.60371999929,2294129.95,2424615.5537199993,19
2022-08-12,130485.60371999929,2297404.85,2427890.453719999,19
2022-08-16,130485.60371999929,2314806.0,2445291.603719999,19
2022-08-17,130485.60371999929,2338337.9499999997,2468823.553719999,19
2022-08-18,130485.60371999929,2336371.6,2466857.203719999,19
2022-08-19,130485.60371999929,2291251.4,2421737.003719999,19
2022-08-22,130485.60371999929,2234166.5,2364652.103719999,19
2022-08-23,130485.60371999929,2259740.8,2390226.403719999,19
2022-08-24,130485.60371999929,2287913.05,2418398.653719999,19
2022-08-25,130485.60371999929,2282497.55,2412983.153719999,19
2022-08-26,130485.60371999929,2288151.35,2418636.953719999,19
2022-08-29,130485.60371999929,2262772.6000000006,2393258.2037199996,19
2022-08-30,236414.47171999927,2216222.7499999995,2452637.221719999,18
2022-09-01,17454.844839999307,2444605.84,2462060.6848399993,20
2022-09-02,17454.844839999307,2432924.28,2450379.1248399992,20
2022-09-05,17454.844839999307,2454515.4299999997,2471970.274839999,20
2022-09-06,17454.844839999307,2457797.63,2475252.4748399993,20
2022-09-07,17454.844839999307,2462094.3800000004,2479549.22484,20
2022-09-08,17454.844839999307,2471014.0700000003,2488468.9148399998,20
2022-09-09,17454.844839999307,2483274.21,2500729.0548399994,20
2022-09-12,17454.844839999307,2511089.78,2528544.6248399992,20
2022-09-13,17454.844839999307,2524027.4899999998,2541482.334839999,20
2022-09-14,17454.844839999307,2529834.69,2547289.5348399994,20
2022-09-15,17454.844839999307,2523088.54,2540543.3848399995,20
2022-09-16,17454.844839999307,2451033.51,2468488.354839999,20
2022-09-19,17454.844839999307,2447911.84,2465366.6848399993,20
2022-09-20,17454.844839999307,2479569.48,2497024.3248399994,20
2022-09-21,17454.844839999307,2462078.59,2479533.4348399993,20
2022-09-22,17454.844839999307,2477476.56,2494931.4048399995,20
2022-09-23,17454.844839999307,2412248.53,2429703.3748399992,20
2022-09-26,126706.72083999931,2217727.5000000005,2344434.2208399996,19
2022-09-27,240763.37883999932,2108543.18,2349306.5588399996,18
2022-09-28,240763.37883999932,2090447.79,2331211.1688399995,18
2022-09-29,240763.37883999932,2100369.18,2341132.5588399996,18
2022-09-30,240763.37883999932,2138010.83,2378774.2088399995,18
2022-10-03,9352.985524999487,2323285.55,2332638.5355249993,20
2022-10-04,9352.985524999487,2412011.75,2421364.7355249994,20
2022-10-06,9352.985524999487,2458631.0500000003,2467984.0355249997,20
2022-10-07,9352.985524999487,2457951.8000000003,2467304.7855249997,20
2022-10-10,9352.985524999487,2437932.65,2447285.6355249994,20
2022-10-11,9352.985524999487,2387529.3000000003,2396882.2855249997,20
2022-10-12,117235.91802499948,2304270.65,2421506.5680249995,19
2022-10-13,117235.91802499948,2283446.9,2400682.8180249995,19
2022-10-14,117235.91802499948,2273563.6,2390799.5180249996,19
2022-10-17,117235.91802499948,2297484.6499999994,2414720.568024999,19
2022-10-18,117235.91802499948,2331224.4,2448460.3180249995,19
2022-10-19,117235.91802499948,2335711.95,2452947.8680249997,19
2022-10-20,117235.91802499948,2330261.8000000003,2447497.718025,19
2022-10-21,117235.91802499948,2325318.9,2442554.8180249995,19
2022-10-24,117235.91802499948,2326753.95,2443989.8680249997,19
2022-10-25,117235.91802499948,2330163.1999999997,2447399.1180249993,19
2022-10-27,117235.91802499948,2358836.8,2476072.7180249994,19
2022-10-28,117235.91802499948,2331860.4,2449096.3180249995,19
2022-10-31,117235.91802499948,2355092.7500000005,2472328.668025,19
2022-11-01,3401.104874999408,2486705.2,2490106.3048749994,20
2022-11-02,3401.104874999408,2478725.3500000006,2482126.454875,20
2022-11-03,3401.104874999408,2488160.75,2491561.8548749993,20
2022-11-04,3401.104874999408,2499068.25,2502469.3548749993,20
2022-11-07,3401.104874999408,2510374.9,2513776.004874999,20
2022-11-09,3401.104874999408,2498506.7,2501907.8048749994,20
2022-11-10,3401.104874999408,2466412.5999999996,2469813.704874999,20
2022-11-11,114428.31387499941,2366419.55,2480847.8638749993,19
2022-11-14,114428.31387499941,2369968.45,2484396.7638749997,19
2022-11-15,114428.31387499941,2360416.0,2474844.3138749995,19
2022-11-16,114428.31387499941,2329362.2999999993,2443790.613874999,19
2022-11-17,114428.31387499941,2317364.3499999996,2431792.663874999,19
2022-11-18,114428.31387499941,2306217.0999999996,2420645.413874999,19
2022-11-21,224978.9887499994,2211445.1,2436424.0887499996,18
2022-11-22,224978.9887499994,2229418.8,2454397.7887499994,18
2022-11-23,224978.9887499994,2242016.5,2466995.4887499996,18
2022-11-24,224978.9887499994,2237806.8000000003,2462785.78875,18
2022-11-25,224978.9887499994,2295802.95,2520781.9387499997,18
2022-11-28,224978.9887499994,2308240.7500000005,2533219.73875,18
2022-11-29,224978.9887499994,2297463.05,2522442.0387499994,18
2022-11-30,224978.9887499994,2315353.0,2540331.9887499996,18
2022-12-01,43425.21687499911,2508548.85,2551974.066874999,20
2022-12-02,43425.21687499911,2534031.0000000005,2577456.2168749995,20
2022-12-05,43425.21687499911,2535538.15,2578963.366874999,20
2022-12-06,43425.21687499911,2527184.7,2570609.916874999,20
2022-12-07,43425.21687499911,2501563.55,2544988.766874999,20
2022-12-08,43425.21687499911,2513420.0500000003,2556845.2668749993,20
2022-12-09,43425.21687499911,2485195.5,2528620.716874999,20
2022-12-12,273720.25537499913,2263471.5,2537191.7553749993,18
2022-12-13,273720.25537499913,2261913.6,2535633.8553749993,18
2022-12-14,273720.25537499913,2296030.5500000003,2569750.8053749995,18
2022-12-15,273720.25537499913,2277112.6500000004,2550832.9053749996,18
2022-12-16,273720.25537499913,2249280.5500000003,2523000.8053749995,18
2022-12-19,273720.25537499913,2279189.7500000005,2552910.0053749997,18
2022-12-20,273720.25537499913,2277191.75,2550912.0053749993,18
2022-12-21,273720.25537499913,2209676.8000000003,2483397.0553749995,18
2022-12-22,273720.25537499913,2172241.4000000004,2445961.6553749996,18
2022-12-23,495832.38667499914,1846390.95,2342223.336674999,16
2022-12-26,923311.854199999,1485563.1,2408874.954199999,12
2022-12-27,923311.854199999,1506541.2000000002,2429853.054199999,12
2022-12-28,923311.854199999,1513224.5999999999,2436536.4541999986,12
2022-12-29,923311.854199999,1538911.0,2462222.854199999,12
2022-12-30,923311.854199999,1545683.8499999999,2468995.7041999986,12
2023-01-02,618.8711699995911,2485299.4099999997,2485918.2811699994,20
2023-01-03,618.8711699995911,2518372.06,2518990.9311699998,20
2023-01-04,618.8711699995911,2477491.38,2478110.2511699996,20
2023-01-05,618.8711699995911,2481346.0199999996,2481964.8911699993,20
2023-01-06,618.8711699995911,2448333.43,2448952.30117,20
2023-01-09,618.8711699995911,2469795.71,2470414.5811699997,20
2023-01-10,618.8711699995911,2422295.28,2422914.1511699995,20
2023-01-11,227602.53419499958,2201604.4800000004,2429207.014195,18
2023-01-12,227602.53419499958,2202172.18,2429774.7141949995,18
2023-01-13,227602.53419499958,2222992.33,2450594.8641949994,18
2023-01-16,227602.53419499958,2232071.6799999997,2459674.214194999,18
2023-01-17,227602.53419499958,2207348.33,2434950.8641949994,18
2023-01-18,344836.41919499956,2087120.4399999997,2431956.859194999,17
2023-01-19,458796.02299499954,1967135.7500000002,2425931.772995,16
2023-01-20,458796.02299499954,1960144.79,2418940.812995,16
2023-01-23,458796.02299499954,1953831.6600000004,2412627.682995,16
2023-01-24,567686.8413949995,1821595.2300000002,2389282.0713949995,15
2023-01-25,567686.8413949995,1792972.0899999999,2360658.9313949994,15
2023-01-27,567686.8413949995,1741679.04,2309365.8813949996,15
2023-01-30,896396.4762349995,1408773.7,2305170.1762349997,12
2023-01-31,896396.4762349995,1447259.0500000003,2343655.5262349998,12
2023-02-01,39.766159999533556,2243483.35,2243523.1161599997,20
2023-02-02,213683.66888499953,2044582.6099999999,2258266.2788849995,18
2023-02-03,325114.07218499953,1922683.5500000003,2247797.6221849998,17
2023-02-06,543455.0686849996,1709875.69,2253330.7586849993,15
2023-02-07,653353.1738849996,1597388.7899999998,2250741.9638849995,14
2023-02-08,856411.3290849996,1416454.97,2272866.2990849996,12
2023-02-09,856411.3290849996,1419615.82,2276027.1490849997,12
2023-02-10,856411.3290849996,1423278.58,2279689.909085,12
2023-02-13,856411.3290849996,1395809.51,2252220.8390849996,12
2023-02-14,963116.5308349996,1277096.36,2240212.8908349997,11
2023-02-15,1071115.0896349996,1171305.99,2242421.079635,10
2023-02-16,1071115.0896349996,1175905.6099999999,2247020.6996349995,10
2023-02-17,1071115.0896349996,1154338.67,2225453.7596349996,10
2023-02-20,1178196.0668749996,1043512.8,2221708.8668749994,9
2023-02-21,1178196.0668749996,1045416.42,2223612.4868749995,9
2023-02-22,1178196.0668749996,1054140.13,2232336.1968749994,9
2023-02-23,1273931.9473249996,943415.9500000001,2217347.897325,8
2023-02-24,1273931.9473249996,945510.45,2219442.397325,8
2023-02-27,1273931.9473249996,939364.1,2213296.0473249997,8
2023-02-28,1273931.9473249996,948921.7,2222853.647325,8
2023-03-01,22.56952499988256,2255088.32,2255110.8895249995,20
2023-03-02,22.56952499988256,2235421.77,2235444.3395249997,20
2023-03-03,22.56952499988256,2285629.68,2285652.249525,20
2023-03-06,22.56952499988256,2290008.42,2290030.9895249996,20
2023-03-08,22.56952499988256,2276831.48,2276854.0495249997,20
2023-03-09,22.56952499988256,2249624.15,2249646.7195249996,20
2023-03-10,22.56952499988256,2224369.28,2224391.8495249995,20
2023-03-13,22.56952499988256,2151144.65,2151167.2195249996,20
2023-03-14,99865.87957499987,2011839.4500000002,2111705.329575,19
2023-03-15,302258.8340749999,1816147.32,2118406.154075,17
2023-03-16,404252.6135749999,1715249.15,2119501.7635749998,16
2023-03-17,404252.6135749999,1731780.5,2136033.113575,16
2023-03-20,404252.6135749999,1702900.4700000002,2107153.083575,16
2023-03-21,604465.7427249999,1516132.4499999997,2120598.1927249995,14
2023-03-22,604465.7427249999,1528462.0499999998,2132927.7927249996,14
2023-03-23,604465.7427249999,1514196.0,2118661.742725,14
2023-03-24,604465.7427249999,1489984.75,2094450.4927249998,14
2023-03-27,910024.96535,1173344.5,2083369.46535,11
2023-03-28,1008268.57855,1077000.5499999998,2085269.1285499998,10
2023-03-29,1110142.73775,997246.55,2107389.28775,9
2023-03-31,1110142.73775,1017034.85,2127177.58775,9
2023-04-03,1564.4452750004566,2110728.5,2112292.9452750003,20
2023-04-05,1564.4452750004566,2104932.15,2106496.595275,20
2023-04-06,1564.4452750004566,2103406.3000000003,2104970.7452750006,20
2023-04-10,1564.4452750004566,2110716.8000000003,2112281.2452750006,20
2023-04-11,1564.4452750004566,2117356.35,2118920.7952750004,20
2023-04-12,1564.4452750004566,2124608.0,2126172.4452750003,20
2023-04-13,1564.4452750004566,2118841.1500000004,2120405.5952750007,20
2023-04-17,1564.4452750004566,2118804.7,2120369.1452750005,20
2023-04-18,1564.4452750004566,2137606.15,2139170.595275,20
2023-04-19,1564.4452750004566,2121610.85,2123175.2952750004,20
2023-04-20,1564.4452750004566,2126392.2,2127956.6452750005,20
2023-04-21,1564.4452750004566,2114762.75,2116327.1952750003,20
2023-04-24,1564.4452750004566,2127285.6999999997,2128850.145275,20
2023-04-25,1564.4452750004566,2125002.8499999996,2126567.295275,20
2023-04-26,1564.4452750004566,2130852.65,2132417.095275,20
2023-04-27,1564.4452750004566,2147578.1999999997,2149142.645275,20
2023-04-28,1564.4452750004566,2182041.85,2183606.2952750004,20
2023-05-02,6026.3875500002905,2191800.4,2197826.78755,20
2023-05-03,6026.3875500002905,2203253.25,2209279.63755,20
2023-05-04,6026.3875500002905,2201976.3,2208002.68755,20
2023-05-05,6026.3875500002905,2185688.85,2191715.23755,20
2023-05-08,6026.3875500002905,2210690.45,2216716.8375500003,20
2023-05-09,6026.3875500002905,2200671.45,2206697.8375500003,20
2023-05-10,6026.3875500002905,2199302.35,2205328.73755,20
2023-05-11,6026.3875500002905,2199745.5,2205771.88755,20
2023-05-12,6026.3875500002905,2182135.1,2188161.48755,20
2023-05-15,6026.3875500002905,2208302.75,2214329.13755,20
2023-05-16,6026.3875500002905,2218766.8000000003,2224793.1875500004,20
2023-05-17,6026.3875500002905,2215985.45,2222011.8375500003,20
2023-05-18,104249.13210000028,2105536.15,2209785.2821000004,19
2023-05-19,104249.13210000028,2109402.0500000003,2213651.182100001,19
2023-05-22,104249.13210000028,2128025.05,2232274.1821,19
2023-05-23,104249.13210000028,2129579.7,2233828.8321,19
2023-05-24,104249.13210000028,2141903.1,2246152.2321000006,19
2023-05-25,104249.13210000028,2147204.8000000003,2251453.932100001,19
2023-05-26,104249.13210000028,2174425.6500000004,2278674.7821000004,19
2023-05-29,104249.13210000028,2184132.65,2288381.7821000004,19
2023-05-30,104249.13210000028,2183066.3,2287315.4321,19
2023-05-31,104249.13210000028,2218717.8500000006,2322966.9821000006,19
2023-06-01,12603.16722500042,2318896.3500000006,2331499.517225001,20
2023-06-02,12603.16722500042,2329335.2000000007,2341938.367225001,20
2023-06-05,12603.16722500042,2332312.45,2344915.6172250006,20
2023-06-06,12603.16722500042,2333136.3499999996,2345739.517225,20
2023-06-07,12603.16722500042,2376765.9000000004,2389369.067225001,20
2023-06-08,12603.16722500042,2364419.65,2377022.8172250004,20
2023-06-09,12603.16722500042,2366261.6,2378864.7672250005,20
2023-06-12,12603.16722500042,2375817.2499999995,2388420.417225,20
2023-06-13,12603.16722500042,2398705.1000000006,2411308.267225001,20
2023-06-14,12603.16722500042,2391856.4,2404459.5672250004,20
2023-06-15,12603.16722500042,2417607.6500000004,2430210.817225001,20
2023-06-16,12603.16722500042,2428804.2,2441407.3672250006,20
2023-06-19,12603.16722500042,2429919.6999999997,2442522.867225,20
2023-06-20,12603.16722500042,2435165.2499999995,2447768.417225,20
2023-06-21,12603.16722500042,2425519.55,2438122.7172250003,20
2023-06-22,117059.04802500042,2287635.4,2404694.4480250003,19
2023-06-23,117059.04802500042,2264437.4500000007,2381496.498025001,19
2023-06-26,223299.4480250004,2187611.9499999997,2410911.398025,18
2023-06-27,223299.4480250004,2198828.65,2422128.098025,18
2023-06-28,223299.4480250004,2201066.9,2424366.348025,18
2023-06-30,223299.4480250004,2219598.75,2442898.1980250003,18
2023-07-03,5963.1973000004655,2454086.3000000003,2460049.497300001,20
2023-07-04,5963.1973000004655,2454354.8000000003,2460317.997300001,20
2023-07-05,5963.1973000004655,2473948.5999999996,2479911.7973,20
2023-07-06,5963.1973000004655,2506343.9499999997,2512307.1473000003,20
2023-07-07,5963.1973000004655,2502663.2,2508626.397300001,20
2023-07-10,5963.1973000004655,2491804.5,2497767.6973000006,20
2023-07-11,5963.1973000004655,2518378.6999999997,2524341.8973000003,20
2023-07-12,5963.1973000004655,2541145.3000000003,2547108.497300001,20
2023-07-13,5963.1973000004655,2508471.8499999996,2514435.0473,20
2023-07-14,5963.1973000004655,2544456.5500000003,2550419.747300001,20
2023-07-17,5963.1973000004655,2560521.9,2566485.0973000005,20
2023-07-18,5963.1973000004655,2545371.65,2551334.8473000005,20
2023-07-19,5963.1973000004655,2553316.75,2559279.9473000006,20
2023-07-20,5963.1973000004655,2580704.85,2586668.0473000007,20
2023-07-21,5963.1973000004655,2588648.2500000005,2594611.447300001,20
2023-07-24,5963.1973000004655,2585785.5500000003,2591748.747300001,20
2023-07-25,5963.1973000004655,2555517.8000000003,2561480.997300001,20
2023-07-26,5963.1973000004655,2596695.8000000003,2602658.997300001,20
2023-07-27,5963.1973000004655,2593151.55,2599114.7473000004,20
2023-07-28,5963.1973000004655,2570735.2,2576698.397300001,20
2023-07-31,114137.19255000047,2489941.5,2604078.6925500003,19
2023-08-01,9849.491100000567,2584117.5000000005,2593966.991100001,20
2023-08-02,9849.491100000567,2558286.1999999997,2568135.6911000004,20
2023-08-03,9849.491100000567,2573211.3,2583060.7911000005,20
2023-08-04,9849.491100000567,2608968.05,2618817.5411000005,20
2023-08-07,9849.491100000567,2621915.95,2631765.441100001,20
2023-08-08,9849.491100000567,2626095.8,2635945.2911000005,20
2023-08-09,9849.491100000567,2650643.4999999995,2660492.9911,20
2023-08-10,9849.491100000567,2632740.1999999997,2642589.6911000004,20
2023-08-11,9849.491100000567,2622380.1999999997,2632229.6911000004,20
2023-08-14,9849.491100000567,2615955.6499999994,2625805.1411,20
2023-08-16,246374.77020000055,2400528.85,2646903.6202000007,18
2023-08-17,246374.77020000055,2399810.8,2646185.5702000004,18
2023-08-18,364883.49007500056,2251824.85,2616708.3400750007,17
2023-08-21,364883.49007500056,2266026.65,2630910.1400750005,17
2023-08-22,364883.49007500056,2311303.2499999995,2676186.740075,17
2023-08-23,364883.49007500056,2338315.45,2703198.9400750007,17
2023-08-24,364883.49007500056,2330681.7499999995,2695565.240075,17
2023-08-25,364883.49007500056,2338199.9499999997,2703083.4400750003,17
2023-08-28,364883.49007500056,2376441.6,2741325.0900750007,17
2023-08-29,364883.49007500056,2390532.4500000007,2755415.940075001,17
2023-08-30,364883.49007500056,2437045.4999999995,2801928.990075,17
2023-08-31,364883.49007500056,2444345.4,2809228.8900750005,17
2023-09-01,3992.907205000607,2843782.6799999992,2847775.5872049998,20
2023-09-04,3992.907205000607,2876187.55,2880180.4572050003,20
2023-09-05,3992.907205000607,2892539.35,2896532.2572050006,20
2023-09-06,3992.907205000607,2891109.8600000003,2895102.767205001,20
2023-09-07,3992.907205000607,2929942.14,2933935.0472050007,20
2023-09-08,3992.907205000607,2970869.1100000003,2974862.017205001,20
2023-09-11,3992.907205000607,3023011.63,3027004.5372050004,20
2023-09-12,3992.907205000607,2842244.88,2846237.7872050004,20
2023-09-13,121231.14566500061,2756856.0300000003,2878087.175665001,19
2023-09-14,121231.14566500061,2784066.49,2905297.635665001,19
2023-09-15,121231.14566500061,2800888.9099999997,2922120.0556650003,19
2023-09-18,121231.14566500061,2780078.2399999998,2901309.3856650004,19
2023-09-20,121231.14566500061,2763846.81,2885077.9556650007,19
2023-09-21,121231.14566500061,2726467.26,2847698.4056650004,19
2023-09-22,121231.14566500061,2736051.69,2857282.8356650006,19
2023-09-25,121231.14566500061,2748071.9499999997,2869303.0956650004,19
2023-09-26,121231.14566500061,2779619.2600000002,2900850.405665001,19
2023-09-27,121231.14566500061,2818237.5700000003,2939468.715665001,19
2023-09-28,121231.14566500061,2784713.23,2905944.3756650006,19
2023-09-29,121231.14566500061,2841252.2600000002,2962483.405665001,19
2023-10-03,3963.3383900005138,2971019.29,2974982.6283900007,20
2023-10-04,3963.3383900005138,2902464.8,2906428.1383900004,20
2023-10-05,3963.3383900005138,2909531.59,2913494.9283900005,20
2023-10-06,3963.3383900005138,2922901.04,2926864.3783900007,20
2023-10-09,3963.3383900005138,2840526.4699999997,2844489.8083900004,20
2023-10-10,3963.3383900005138,2880382.9700000007,2884346.3083900013,20
2023-10-11,3963.3383900005138,2899136.46,2903099.7983900006,20
2023-10-12,3963.3383900005138,2896744.8600000003,2900708.198390001,20
2023-10-13,3963.3383900005138,2912267.54,2916230.8783900007,20
2023-10-16,3963.3383900005138,2934507.1400000006,2938470.478390001,20
2023-10-17,3963.3383900005138,2972852.0900000003,2976815.428390001,20
2023-10-18,3963.3383900005138,2942060.27,2946023.6083900006,20
2023-10-19,139666.6775900005,2819417.42,2959084.0975900004,19
2023-10-20,139666.6775900005,2800919.3699999996,2940586.04759,19
2023-10-23,275903.2157900005,2548371.67,2824274.8857900007,18
2023-10-25,533130.7947900005,2261499.15,2794629.9447900006,16
2023-10-26,533130.7947900005,2262222.6900000004,2795353.484790001,16
2023-10-27,802355.4211850006,2039546.3999999997,2841901.8211850002,14
2023-10-30,802355.4211850006,2030016.2,2832371.6211850005,14
2023-10-31,802355.4211850006,2015920.3999999997,2818275.8211850002,14
2023-11-01,88.92413500018301,2811976.39,2812065.314135,20
2023-11-02,88.92413500018301,2875698.3000000003,2875787.2241350003,20
2023-11-03,128858.42971000019,2764615.8899999997,2893474.31971,19
2023-11-06,128858.42971000019,2798633.8400000003,2927492.2697100006,19
2023-11-07,128858.42971000019,2852311.1900000004,2981169.6197100007,19
2023-11-08,128858.42971000019,2861753.55,2990611.97971,19
2023-11-09,128858.42971000019,2826538.14,2955396.5697100004,19
2023-11-10,128858.42971000019,2839356.36,2968214.78971,19
2023-11-12,128858.42971000019,2877996.59,3006855.01971,19
2023-11-13,128858.42971000019,2941339.7100000004,3070198.1397100007,19
2023-11-15,128858.42971000019,2968107.9099999997,3096966.33971,19
2023-11-16,128858.42971000019,2973676.16,3102534.5897100004,19
2023-11-17,128858.42971000019,3005198.95,3134057.3797100005,19
2023-11-20,128858.42971000019,2989636.55,3118494.97971,19
2023-11-21,128858.42971000019,2981278.09,3110136.51971,19
2023-11-22,128858.42971000019,2963433.7399999998,3092292.16971,19
2023-11-23,128858.42971000019,2985933.9999999995,3114792.42971,19
2023-11-24,128858.42971000019,3006057.7600000002,3134916.1897100005,19
2023-11-28,128858.42971000019,3050464.51,3179322.93971,19
2023-11-29,128858.42971000019,3074877.2399999998,3203735.66971,19
2023-11-30,128858.42971000019,3110658.96,3239517.3897100003,19
2023-12-01,92.39833500020904,3223893.39,3223985.788335,20
2023-12-04,92.39833500020904,3288911.2500000005,3289003.6483350005,20
2023-12-05,92.39833500020904,3273906.55,3273998.948335,20
2023-12-06,92.39833500020904,3295923.16,3296015.558335,20
2023-12-07,92.39833500020904,3333898.74,3333991.1383350003,20
2023-12-08,92.39833500020904,3283605.6599999997,3283698.0583349997,20
2023-12-11,92.39833500020904,3324535.8499999996,3324628.2483349997,20
2023-12-12,92.39833500020904,3310593.45,3310685.848335,20
2023-12-13,92.39833500020904,3339401.8399999994,3339494.2383349994,20
2023-12-14,92.39833500020904,3394991.4000000004,3395083.7983350004,20
2023-12-15,92.39833500020904,3415339.959999999,3415432.358334999,20
2023-12-18,92.39833500020904,3434482.7500000005,3434575.1483350005,20
2023-12-19,92.39833500020904,3446416.26,3446508.658335,20
2023-12-20,92.39833500020904,3240193.7600000002,3240286.1583350003,20
2023-12-21,92.39833500020904,3351214.26,3351306.658335,20
2023-12-22,92.39833500020904,3363882.29,3363974.688335,20
2023-12-26,92.39833500020904,3387700.25,3387792.648335,20
2023-12-27,92.39833500020904,3393703.4,3393795.798335,20
2023-12-28,92.39833500020904,3418583.06,3418675.458335,20
2023-12-29,92.39833500020904,3485942.69,3486035.088335,20
2024-01-01,2938.2891250001558,3516959.5500000007,3519897.839125001,20
2024-01-02,2938.2891250001558,3528557.4,3531495.689125,20
2024-01-03,2938.2891250001558,3543304.4999999995,3546242.7891249997,20
2024-01-04,2938.2891250001558,3609593.899999999,3612532.189124999,20
2024-01-05,2938.2891250001558,3642148.7999999993,3645087.0891249995,20
2024-01-08,2938.2891250001558,3607937.0999999996,3610875.3891249998,20
2024-01-09,2938.2891250001558,3626784.4,3629722.689125,20
2024-01-10,2938.2891250001558,3642270.6000000006,3645208.8891250007,20
2024-01-11,2938.2891250001558,3659374.25,3662312.539125,20
2024-01-12,2938.2891250001558,3669735.5,3672673.789125,20
2024-01-15,2938.2891250001558,3708925.4,3711863.689125,20
2024-01-16,2938.2891250001558,3701084.899999999,3704023.189124999,20
2024-01-17,2938.2891250001558,3686869.85,3689808.139125,20
2024-01-18,2938.2891250001558,3687337.25,3690275.539125,20
2024-01-19,2938.2891250001558,3781343.9000000004,3784282.1891250005,20
2024-01-20,2938.2891250001558,3846536.349999999,3849474.6391249993,20
2024-01-23,2938.2891250001558,3671932.1,3674870.389125,20
2024-01-24,169335.81787500015,3613081.6,3782417.4178750003,19
2024-01-25,169335.81787500015,3665758.1000000006,3835093.9178750007,19
2024-01-29,169335.81787500015,3774562.85,3943898.6678750003,19
2024-01-30,169335.81787500015,3806637.5,3975973.317875,19
2024-01-31,169335.81787500015,3885333.1999999997,4054669.017875,19
2024-02-01,4.946165000059409,4064016.4000000004,4064021.3461650005,20
2024-02-02,4.946165000059409,4193906.17,4193911.116165,20
2024-02-05,4.946165000059409,4185559.52,4185564.466165,20
2024-02-06,361625.3506900001,3850735.3800000004,4212360.730690001,18
2024-02-07,361625.3506900001,3863408.26,4225033.61069,18
2024-02-08,361625.3506900001,3872799.69,4234425.04069,18
2024-02-09,361625.3506900001,3800653.8299999996,4162279.18069,18
2024-02-12,545091.2883650002,3342253.9899999993,3887345.278364999,17
2024-02-13,1432276.8109150003,2447618.65,3879895.460915,12
2024-02-14,1432276.8109150003,2567293.2199999997,3999570.030915,12
2024-02-15,1432276.8109150003,2616152.1600000006,4048428.970915001,12
2024-02-16,1432276.8109150003,2592983.42,4025260.230915,12
2024-02-19,1432276.8109150003,2616809.84,4049086.650915,12
2024-02-20,1432276.8109150003,2618390.98,4050667.7909150003,12
2024-02-21,1432276.8109150003,2566239.76,3998516.570915,12
2024-02-22,1432276.8109150003,2599717.49,4031994.3009150005,12
2024-02-23,1432276.8109150003,2594482.93,4026759.7409150004,12
2024-02-26,1432276.8109150003,2595651.8400000003,4027928.6509150006,12
2024-02-27,1432276.8109150003,2577673.27,4009950.0809150003,12
2024-02-28,1432276.8109150003,2506185.44,3938462.250915,12
2024-02-29,1432276.8109150003,2544530.5700000003,3976807.3809150006,12
2024-03-01,33.816060000506695,4020715.1300000004,4020748.946060001,20
2024-03-02,33.816060000506695,4051790.7299999995,4051824.54606,20
2024-03-04,33.816060000506695,4057395.84,4057429.6560600004,20
2024-03-05,33.816060000506695,4068278.6100000003,4068312.426060001,20
2024-03-06,33.816060000506695,3955865.130000001,3955898.9460600014,20
2024-03-07,185086.4201600005,3792093.13,3977179.5501600006,19
2024-03-11,185086.4201600005,3700509.43,3885595.850160001,19
2024-03-12,735216.2857100007,3023704.01,3758920.29571,16
2024-03-13,735216.2857100007,2770609.5700000003,3505825.8557100007,16
2024-03-14,1778721.0571400009,1838616.9500000002,3617338.0071400013,10
2024-03-15,1778721.0571400009,1851119.45,3629840.507140001,10
2024-03-18,1778721.0571400009,1831129.2,3609850.257140001,10
2024-03-19,1778721.0571400009,1798829.55,3577550.607140001,10
2024-03-20,1950284.9247400009,1652200.1500000001,3602485.074740001,9
2024-03-21,1950284.9247400009,1711384.65,3661669.574740001,9
2024-03-22,1950284.9247400009,1743427.0999999999,3693712.0247400007,9
2024-03-26,1950284.9247400009,1755688.8,3705973.724740001,9
2024-03-27,1950284.9247400009,1755416.25,3705701.1747400006,9
2024-03-28,1950284.9247400009,1774275.15,3724560.074740001,9
2024-04-01,318.1655700006522,3830574.53,3830892.6955700004,20
2024-04-02,318.1655700006522,3881250.71,3881568.8755700006,20
2024-04-03,318.1655700006522,3933076.3,3933394.4655700005,20
2024-04-04,318.1655700006522,3917772.8900000006,3918091.0555700012,20
2024-04-05,318.1655700006522,3986930.71,3987248.8755700006,20
2024-04-08,318.1655700006522,3983839.41,3984157.575570001,20
2024-04-09,318.1655700006522,3960844.22,3961162.385570001,20
2024-04-10,318.1655700006522,3960807.6,3961125.7655700007,20
2024-04-12,318.1655700006522,3921220.96,3921539.1255700006,20
2024-04-15,318.1655700006522,3816858.53,3817176.6955700004,20
2024-04-16,337745.7638200007,3507876.71,3845622.473820001,18
2024-04-18,507544.6828200007,3321060.58,3828605.2628200008,17
2024-04-19,507544.6828200007,3317852.8100000005,3825397.492820001,17
2024-04-22,507544.6828200007,3376765.21,3884309.8928200006,17
2024-04-23,507544.6828200007,3439832.1200000006,3947376.8028200013,17
2024-04-24,507544.6828200007,3467036.5700000003,3974581.252820001,17
2024-04-25,507544.6828200007,3511724.14,4019268.822820001,17
2024-04-26,507544.6828200007,3588567.78,4096112.4628200005,17
2024-04-29,507544.6828200007,3626637.6399999997,4134182.3228200004,17
2024-04-30,507544.6828200007,3597246.7100000004,4104791.392820001,17
2024-05-02,5.0668800008133985,4122855.45,4122860.516880001,20
2024-05-03,5.0668800008133985,4124941.52,4124946.586880001,20
2024-05-06,5.0668800008133985,4059153.77,4059158.836880001,20
2024-05-07,186138.9466300008,3765691.0700000008,3951830.0166300014,19
2024-05-08,373868.1298300008,3653731.31,4027599.439830001,18
2024-05-09,373868.1298300008,3501978.04,3875846.169830001,18
2024-05-10,561581.1373300008,3334332.16,3895913.297330001,17
2024-05-13,561581.1373300008,3314495.29,3876076.427330001,17
2024-05-14,752694.0373300008,3262723.2800000003,4015417.317330001,16
2024-05-15,752694.0373300008,3278596.83,4031290.8673300007,16
2024-05-16,752694.0373300008,3296903.7399999998,4049597.7773300004,16
2024-05-17,752694.0373300008,3365167.2200000007,4117861.2573300013,16
2024-05-18,752694.0373300008,3407045.21,4159739.2473300006,16
2024-05-21,752694.0373300008,3528950.3799999994,4281644.417330001,16
2024-05-22,752694.0373300008,3480492.5300000007,4233186.567330002,16
2024-05-23,752694.0373300008,3515963.87,4268657.907330001,16
2024-05-24,752694.0373300008,3505266.1000000006,4257960.137330001,16
2024-05-27,752694.0373300008,3526323.0900000003,4279017.127330001,16
2024-05-28,752694.0373300008,3460986.0100000002,4213680.047330001,16
2024-05-29,752694.0373300008,3494018.99,4246713.027330001,16
2024-05-30,752694.0373300008,3429304.68,4181998.717330001,16
2024-05-31,943037.0938300008,3296974.26,4240011.35383,15
2024-06-03,608.8521500011266,4387734.959999999,4388343.812150001,20
2024-06-04,608.8521500011266,3801983.86,3802592.712150001,20
2024-06-05,1544590.6502750013,2367480.8699999996,3912071.520275001,12
2024-06-06,1544590.6502750013,2464298.5799999996,4008889.230275001,12
2024-06-07,1544590.6502750013,2493030.1,4037620.7502750014,12
2024-06-10,1544590.6502750013,2497983.09,4042573.740275001,12
2024-06-11,1544590.6502750013,2541142.1100000003,4085732.7602750016,12
2024-06-12,1544590.6502750013,2551390.6900000004,4095981.3402750017,12
2024-06-13,1544590.6502750013,2575031.96,4119622.6102750013,12
2024-06-14,1544590.6502750013,2613421.3000000003,4158011.9502750016,12
2024-06-18,1544590.6502750013,2647698.66,4192289.3102750015,12
2024-06-19,1544590.6502750013,2599542.94,4144133.5902750012,12
2024-06-20,1544590.6502750013,2615794.03,4160384.680275001,12
2024-06-21,1544590.6502750013,2614233.9099999997,4158824.560275001,12
2024-06-24,1544590.6502750013,2607478.75,4152069.4002750013,12
2024-06-25,1544590.6502750013,2608650.79,4153241.4402750013,12
2024-06-26,1544590.6502750013,2611667.18,4156257.8302750015,12
2024-06-27,1544590.6502750013,2612893.1599999997,4157483.810275001,12
2024-06-28,1544590.6502750013,2612842.99,4157433.6402750015,12
2024-07-01,723.1419250009931,4226703.22,4227426.361925,20
2024-07-02,723.1419250009931,4204265.909999999,4204989.051925,20
2024-07-03,723.1419250009931,4298576.0200000005,4299299.161925001,20
2024-07-04,723.1419250009931,4361978.91,4362702.051925001,20
2024-07-05,723.1419250009931,4481340.21,4482063.351925001,20
2024-07-08,723.1419250009931,4552747.590000001,4553470.731925001,20
2024-07-09,723.1419250009931,4493960.890000001,4494684.031925001,20
2024-07-10,723.1419250009931,4487314.76,4488037.901925,20
2024-07-11,192102.641425001,4406999.38,4599102.021425001,19
2024-07-12,192102.641425001,4384135.590000001,4576238.231425002,19
2024-07-15,380048.54905000096,4188326.7,4568375.249050001,18
2024-07-16,380048.54905000096,4146834.16,4526882.709050002,18
2024-07-18,380048.54905000096,4049039.4500000007,4429087.999050002,18
2024-07-19,380048.54905000096,3978979.04,4359027.5890500005,18
2024-07-22,760537.747865001,3667375.5899999994,4427913.337865001,16
2024-07-23,760537.747865001,3573228.3499999996,4333766.097865,16
2024-07-24,945221.156590001,3397791.84,4343012.996590001,15
2024-07-25,945221.156590001,3337173.56,4282394.716590001,15
2024-07-26,1134546.741590001,3178254.34,4312801.081590001,14
2024-07-29,1134546.741590001,3271996.23,4406542.971590001,14
2024-07-30,1134546.741590001,3273951.3900000006,4408498.131590001,14
2024-07-31,1134546.741590001,3236096.1699999995,4370642.911590001,14
2024-08-01,2036.8840600012045,4312551.7,4314588.584060001,20
2024-08-02,2036.8840600012045,4277216.489999999,4279253.37406,20
2024-08-05,2036.8840600012045,4057135.8299999996,4059172.7140600006,20
2024-08-06,1205750.4912250012,2807672.1,4013422.591225001,14
2024-08-07,1800842.3125250014,2303779.05,4104621.362525001,11
2024-08-08,1800842.3125250014,2261404.85,4062247.1625250014,11
2024-08-09,1800842.3125250014,2268153.0,4068995.3125250014,11
2024-08-12,1800842.3125250014,2303624.15,4104466.4625250013,11
2024-08-13,1800842.3125250014,2267961.65,4068803.9625250013,11
2024-08-14,1977063.0842750014,2064639.5,4041702.5842750017,10
2024-08-16,1977063.0842750014,2105125.85,4082188.9342750013,10
2024-08-19,1977063.0842750014,2115929.0,4092992.0842750017,10
2024-08-20,1977063.0842750014,2096691.9499999997,4073755.034275001,10
2024-08-21,1977063.0842750014,2096247.1999999997,4073310.284275001,10
2024-08-22,1977063.0842750014,2123838.1500000004,4100901.234275002,10
2024-08-23,1977063.0842750014,2123360.35,4100423.4342750013,10
2024-08-26,1977063.0842750014,2118325.25,4095388.3342750017,10
2024-08-27,1977063.0842750014,2131126.55,4108189.6342750015,10
2024-08-28,1977063.0842750014,2149389.9499999997,4126453.034275001,10
2024-08-29,1977063.0842750014,2141856.8000000003,4118919.8842750015,10
2024-08-30,1977063.0842750014,2137360.2,4114423.284275002,10
2024-09-02,2398.1398850011465,4045369.53,4047767.669885001,20
2024-09-03,2398.1398850011465,4080784.5000000005,4083182.639885002,20
2024-09-04,2398.1398850011465,4047819.8499999996,4050217.989885001,20
2024-09-05,2398.1398850011465,4030549.0799999996,4032947.219885001,20
2024-09-06,2398.1398850011465,3928522.5100000002,3930920.6498850016,20
2024-09-09,182727.23988500115,3720539.2400000007,3903266.4798850017,19
2024-09-10,760875.4148350012,3183565.0000000005,3944440.414835002,16
2024-09-11,760875.4148350012,3162292.81,3923168.2248350014,16
2024-09-12,949591.9148350012,2997250.0,3946841.9148350013,15
2024-09-13,949591.9148350012,3020545.0,3970136.9148350013,15
2024-09-16,949591.9148350012,3036148.1599999997,3985740.074835001,15
2024-09-17,949591.9148350012,3024418.71,3974010.6248350013,15
2024-09-18,949591.9148350012,3005515.81,3955107.7248350014,15
2024-09-19,949591.9148350012,2947005.91,3896597.8248350015,15
2024-09-20,949591.9148350012,3023229.94,3972821.8548350013,15
2024-09-23,1139378.3674950013,2833521.81,3972900.1774950013,14
2024-09-24,1139378.3674950013,2802483.0100000002,3941861.3774950015,14
2024-09-25,1139378.3674950013,2765110.4899999998,3904488.857495001,14
2024-09-26,1139378.3674950013,2760771.15,3900149.517495001,14
2024-09-27,1139378.3674950013,2757335.42,3896713.787495001,14
2024-09-30,1139378.3674950013,2758212.639999999,3897591.0074950005,14
2024-10-01,12798.824415001174,3904927.3,3917726.124415001,20
2024-10-03,12798.824415001174,3827082.1399999997,3839880.9644150008,20
2024-10-04,12798.824415001174,3793885.3200000003,3806684.1444150014,20
2024-10-07,12798.824415001174,3647591.7399999998,3660390.564415001,20
2024-10-08,690692.1468800011,3100117.04,3790809.186880001,16
2024-10-09,690692.1468800011,3143195.6900000004,3833887.8368800012,16
2024-10-10,690692.1468800011,3131736.18,3822428.3268800015,16
2024-10-11,690692.1468800011,3168474.4200000004,3859166.5668800017,16
2024-10-14,690692.1468800011,3192975.8800000004,3883668.0268800016,16
2024-10-15,690692.1468800011,3228595.3100000005,3919287.4568800014,16
2024-10-16,690692.1468800011,3199735.8899999997,3890428.0368800005,16
2024-10-17,867540.9751300011,2967887.3099999996,3835428.2851300007,15
2024-10-18,867540.9751300011,2987082.25,3854623.225130001,15
2024-10-21,867540.9751300011,2938724.87,3806265.845130001,15
2024-10-22,1045579.815680001,2663247.9699999997,3708827.7856800007,14
2024-10-23,1209142.303380001,2570488.9299999997,3779631.233380001,13
2024-10-24,1209142.303380001,2562927.96,3772070.2633800013,13
2024-10-25,1209142.303380001,2495819.0400000005,3704961.3433800014,13
2024-10-28,1387690.0793800012,2357110.9899999998,3744801.069380001,12
2024-10-29,1387690.0793800012,2399695.13,3787385.209380001,12
2024-10-30,1387690.0793800012,2398276.79,3785966.869380001,12
2024-10-31,1387690.0793800012,2404985.56,3792675.6393800015,12
2024-11-01,183755.8102600018,3610944.36,3794700.170260002,20
2024-11-04,183755.8102600018,3571647.4600000004,3755403.2702600025,20
2024-11-05,183755.8102600018,3614742.06,3798497.870260002,20
2024-11-06,183755.8102600018,3714050.4300000006,3897806.240260002,20
2024-11-07,183755.8102600018,3709559.84,3893315.6502600014,20
2024-11-08,183755.8102600018,3668162.4500000007,3851918.2602600027,20
2024-11-11,183755.8102600018,3616596.18,3800351.990260002,20
2024-11-12,357922.70745000185,3412815.94,3770738.647450002,19
2024-11-13,357922.70745000185,3311184.95,3669107.657450002,19
2024-11-14,707388.5711750019,2981453.41,3688841.981175002,17
2024-11-18,879774.6036750019,2815192.0399999996,3694966.6436750013,16
2024-11-19,1051017.3536750018,2658611.53,3709628.8836750016,15
2024-11-21,1051017.3536750018,2692608.64,3743625.993675002,15
2024-11-22,1226636.9285750017,2553517.0100000002,3780153.938575002,14
2024-11-25,1226636.9285750017,2595677.8899999997,3822314.8185750013,14
2024-11-26,1226636.9285750017,2589005.81,3815642.7385750017,14
2024-11-27,1226636.9285750017,2609488.63,3836125.5585750015,14
2024-11-28,1226636.9285750017,2597484.19,3824121.1185750016,14
2024-11-29,1226636.9285750017,2610476.9599999995,3837113.888575001,14
2024-12-02,12675.706615001574,3874754.28,3887429.986615001,20
2024-12-03,12675.706615001574,3880988.6899999995,3893664.396615001,20
2024-12-04,12675.706615001574,3932668.0100000002,3945343.7166150017,20
2024-12-05,12675.706615001574,4002535.06,4015210.7666150015,20
2024-12-06,12675.706615001574,4058247.13,4070922.8366150013,20
2024-12-09,12675.706615001574,4084706.77,4097382.4766150014,20
2024-12-10,12675.706615001574,4074346.6699999995,4087022.376615001,20
2024-12-11,12675.706615001574,4102089.5799999996,4114765.286615001,20
2024-12-12,12675.706615001574,4083682.9899999998,4096358.696615001,20
2024-12-13,12675.706615001574,4082473.02,4095148.7266150014,20
2024-12-16,189875.20806500159,3944418.73,4134293.9380650017,19
2024-12-17,189875.20806500159,3945834.7500000005,4135709.958065002,19
2024-12-18,189875.20806500159,3905261.36,4095136.5680650016,19
2024-12-19,189875.20806500159,3909890.44,4099765.6480650017,19
2024-12-20,189875.20806500159,3790556.2399999998,3980431.4480650015,19
2024-12-23,189875.20806500159,3824209.15,4014084.3580650017,19
2024-12-24,189875.20806500159,3823726.2800000003,4013601.488065002,19
2024-12-26,365236.7705650016,3682361.67,4047598.4405650017,18
2024-12-27,365236.7705650016,3659075.7200000007,4024312.4905650024,18
2024-12-30,365236.7705650016,3702243.77,4067480.540565002,18
2024-12-31,530380.6426250016,3529775.4,4060156.0426250016,17
2025-01-01,15288.240275001386,4052691.44,4067979.6802750016,20
2025-01-02,15288.240275001386,4075639.3599999994,4090927.6002750006,20
2025-01-03,15288.240275001386,4099409.0999999996,4114697.340275001,20
2025-01-06,15288.240275001386,4008963.6199999996,4024251.8602750013,20
2025-01-07,15288.240275001386,4049476.1399999997,4064764.380275001,20
2025-01-08,15288.240275001386,3955262.8000000007,3970551.040275002,20
2025-01-09,15288.240275001386,3849106.76,3864395.000275001,20
2025-01-10,195725.4778250014,3582456.55,3778182.027825001,19
2025-01-13,907985.2132300013,2707112.85,3615098.0632300014,15
2025-01-14,1085798.0932300012,2549366.8,3635164.893230001,14
2025-01-15,1250316.1454300012,2423522.5,3673838.6454300014,13
2025-01-16,1250316.1454300012,2435673.05,3685989.1954300012,13
2025-01-17,1250316.1454300012,2418707.7,3669023.8454300016,13
2025-01-20,1250316.1454300012,2435883.8000000007,3686199.945430002,13
2025-01-21,1250316.1454300012,2308503.25,3558819.3954300014,13
2025-01-22,1419979.3682800012,2101727.35,3521706.7182800015,12
2025-01-23,1756863.283280001,1840196.5999999999,3597059.8832800006,10
2025-01-24,1756863.283280001,1829469.7999999998,3586333.083280001,10
2025-01-27,1756863.283280001,1753252.1500000004,3510115.4332800014,10
2025-01-28,1930197.3416050011,1533822.05,3464019.391605001,9
2025-01-29,2076028.2666050012,1429581.5999999999,3505609.866605001,8
2025-01-30,2076028.2666050012,1387830.2499999998,3463858.516605001,8
2025-01-31,2076028.2666050012,1408539.7000000002,3484567.966605001,8
2025-02-01,13479.21845000083,3432671.07,3446150.288450001,20
2025-02-03,164781.67382500082,3247847.5599999996,3412629.2338250005,19
2025-02-04,328316.00382500084,3148611.0300000003,3476927.033825001,18
2025-02-05,328316.00382500084,3207057.9299999997,3535373.9338250007,18
2025-02-06,328316.00382500084,3174986.1899999995,3503302.1938250004,18
2025-02-07,328316.00382500084,3183723.02,3512039.023825001,18
2025-02-10,328316.00382500084,3099851.26,3428167.2638250007,18
2025-02-11,644368.3131750008,2666808.9699999997,3311177.2831750005,16
2025-02-12,1109849.841975001,2178061.25,3287911.0919750007,13
2025-02-13,1109849.841975001,2190132.55,3299982.3919750005,13
2025-02-14,1109849.841975001,2101613.8699999996,3211463.711975001,13
2025-02-17,1430928.170970001,1799583.6500000001,3230511.820970001,11
2025-02-18,1430928.170970001,1791065.8699999999,3221994.040970001,11
2025-02-19,1572415.620970001,1686533.1,3258948.720970001,10
2025-02-20,1572415.620970001,1710313.18,3282728.800970001,10
2025-02-21,1572415.620970001,1672394.8,3244810.4209700013,10
2025-02-24,1730322.454895001,1489869.06,3220191.514895001,9
2025-02-25,1730322.454895001,1482842.3900000001,3213164.844895001,9
2025-02-27,1730322.454895001,1458866.87,3189189.324895001,9
2025-02-28,1888267.681145001,1250077.44,3138345.1211450007,8
2025-03-03,311363.53469500085,2792845.0100000002,3104208.544695001,19
2025-03-04,311363.53469500085,2805318.4500000007,3116681.9846950015,19
2025-03-05,311363.53469500085,2850417.68,3161781.214695001,19
2025-03-06,311363.53469500085,2869545.0300000003,3180908.564695001,19
2025-03-07,311363.53469500085,2858481.7,3169845.234695001,19
2025-03-10,311363.53469500085,2780168.6700000004,3091532.2046950012,19
2025-03-11,439222.5580450009,2640706.3599999994,3079928.918045,18
2025-03-12,439222.5580450009,2635798.5900000003,3075021.148045001,18
2025-03-13,439222.5580450009,2626465.0599999996,3065687.6180450004,18
2025-03-17,584485.3365450009,2496131.82,3080617.1565450006,17
2025-03-18,871443.4727150009,2265351.62,3136795.0927150007,15
2025-03-19,871443.4727150009,2306698.79,3178142.2627150007,15
2025-03-20,871443.4727150009,2329171.4800000004,3200614.952715001,15
2025-03-21,871443.4727150009,2382148.54,3253592.0127150007,15
2025-03-24,871443.4727150009,2410416.25,3281859.7227150006,15
2025-03-25,871443.4727150009,2372461.56,3243905.032715001,15
2025-03-26,871443.4727150009,2342081.9000000004,3213525.372715001,15
2025-03-27,871443.4727150009,2416541.6700000004,3287985.1427150015,15
2025-03-28,871443.4727150009,2419059.8899999997,3290503.3627150003,15
2025-04-01,33139.79281500066,3241895.41,3275035.202815001,20
2025-04-02,33139.79281500066,3291504.3700000006,3324644.1628150013,20
2025-04-03,33139.79281500066,3260286.8399999994,3293426.632815,20
2025-04-04,170683.16781500066,3022276.33,3192959.497815001,19
2025-04-07,297649.0329150007,2768081.3200000003,3065730.352915001,18
2025-04-08,734543.1073150007,2402365.15,3136908.2573150005,15
2025-04-09,734543.1073150007,2383841.0700000003,3118384.177315001,15
2025-04-11,883377.5203150008,2279900.7700000005,3163278.2903150013,14
2025-04-15,883377.5203150008,2338885.11,3222262.6303150007,14
2025-04-16,883377.5203150008,2358620.3000000003,3241997.820315001,14
2025-04-17,883377.5203150008,2375992.13,3259369.6503150007,14
2025-04-21,883377.5203150008,2444354.1700000004,3327731.690315001,14
2025-04-22,883377.5203150008,2428131.27,3311508.790315001,14
2025-04-23,883377.5203150008,2436829.09,3320206.6103150006,14
2025-04-24,883377.5203150008,2448380.49,3331758.010315001,14
2025-04-25,883377.5203150008,2392872.8400000003,3276250.360315001,14
2025-04-28,1020942.0635150007,2280844.76,3301786.8235150008,13
2025-04-29,1020942.0635150007,2287262.68,3308204.7435150007,13
2025-04-30,1020942.0635150007,2270784.3400000003,3291726.403515001,13
2025-05-02,3781.5589950009016,3241297.7199999997,3245079.2789950008,20
2025-05-05,3781.5589950009016,3297836.0100000002,3301617.5689950013,20
2025-05-06,3781.5589950009016,3199660.2399999998,3203441.798995001,20
2025-05-07,147445.7389950009,3094399.44,3241845.1789950007,19
2025-05-08,147445.7389950009,3041072.9999999995,3188518.7389950003,19
2025-05-09,147445.7389950009,3030189.4800000004,3177635.218995001,19
2025-05-12,147445.7389950009,3166335.1699999995,3313780.908995,19
2025-05-13,147445.7389950009,3212225.35,3359671.088995001,19
2025-05-14,147445.7389950009,3270448.8800000004,3417894.618995001,19
2025-05-15,147445.7389950009,3304432.8299999996,3451878.5689950003,19
2025-05-16,147445.7389950009,3348273.8400000003,3495719.578995001,19
2025-05-19,147445.7389950009,3349916.09,3497361.8289950006,19
2025-05-20,147445.7389950009,3315091.25,3462536.9889950007,19
2025-05-21,147445.7389950009,3337114.35,3484560.088995001,19
2025-05-22,147445.7389950009,3352168.3799999994,3499614.118995,19
2025-05-23,147445.7389950009,3366265.16,3513710.898995001,19
2025-05-26,298189.2839950009,3230917.75,3529107.0339950006,18
2025-05-27,298189.2839950009,3243121.9200000004,3541311.2039950015,18
2025-05-28,298189.2839950009,3261540.93,3559730.2139950013,18
2025-05-29,298189.2839950009,3304109.7399999998,3602299.023995001,18
2025-05-30,298189.2839950009,3345942.26,3644131.5439950004,18
2025-06-02,6351.730770000577,3689051.23,3695402.9607700007,20
2025-06-03,6351.730770000577,3695282.5400000005,3701634.270770001,20
2025-06-04,6351.730770000577,3733439.71,3739791.4407700007,20
2025-06-05,6351.730770000577,3811099.37,3817451.100770001,20
2025-06-06,6351.730770000577,3845333.03,3851684.7607700005,20
2025-06-09,6351.730770000577,3871989.14,3878340.870770001,20
2025-06-10,6351.730770000577,3894076.5000000005,3900428.230770001,20
2025-06-11,6351.730770000577,3840224.93,3846576.660770001,20
2025-06-12,6351.730770000577,3734535.2399999998,3740886.9707700005,20
2025-06-13,6351.730770000577,3728956.9199999995,3735308.65077,20
2025-06-16,6351.730770000577,3758665.42,3765017.1507700006,20
2025-06-17,6351.730770000577,3731445.81,3737797.540770001,20
2025-06-18,6351.730770000577,3747871.3300000005,3754223.0607700013,20
2025-06-19,6351.730770000577,3664485.29,3670837.0207700008,20
2025-06-20,173021.35077000057,3603152.3199999994,3776173.6707699997,19
2025-06-23,173021.35077000057,3663970.71,3836992.0607700003,19
2025-06-24,173021.35077000057,3651501.4399999995,3824522.79077,19
2025-06-25,173021.35077000057,3648002.5300000003,3821023.8807700006,19
2025-06-26,173021.35077000057,3675459.8200000008,3848481.170770001,19
2025-06-27,173021.35077000057,3700646.2600000007,3873667.610770001,19
2025-06-30,173021.35077000057,3743025.52,3916046.8707700004,19
2025-07-01,10425.50129000048,3920360.1099999994,3930785.61129,20
2025-07-02,10425.50129000048,3879605.5000000005,3890031.001290001,20
2025-07-03,10425.50129000048,3881302.2100000004,3891727.711290001,20
2025-07-04,10425.50129000048,3901938.2499999995,3912363.75129,20
2025-07-07,10425.50129000048,3859754.3099999996,3870179.81129,20
2025-07-08,10425.50129000048,3847048.2700000005,3857473.771290001,20
2025-07-09,10425.50129000048,3886959.2600000002,3897384.7612900008,20
2025-07-10,10425.50129000048,3839561.67,3849987.1712900004,20
2025-07-11,10425.50129000048,3777638.58,3788064.0812900006,20
2025-07-14,10425.50129000048,3777107.96,3787533.4612900005,20
2025-07-15,10425.50129000048,3797042.9,3807468.4012900004,20
2025-07-16,10425.50129000048,3808791.21,3819216.7112900005,20
2025-07-17,10425.50129000048,3773622.9800000004,3784048.481290001,20
2025-07-18,10425.50129000048,3711922.4699999997,3722347.9712900002,20
2025-07-21,190987.02213500047,3535157.710000001,3726144.7321350016,19
2025-07-22,190987.02213500047,3526364.8799999994,3717351.902135,19
2025-07-23,190987.02213500047,3534315.9200000004,3725302.942135001,19
2025-07-24,190987.02213500047,3518622.8000000003,3709609.822135001,19
2025-07-25,190987.02213500047,3419535.5399999996,3610522.5621350002,19
2025-07-28,190987.02213500047,3316814.8399999994,3507801.862135,19
2025-07-29,841580.9651850003,2683924.81,3525505.775185,15
2025-07-30,841580.9651850003,2679777.55,3521358.5151850004,15
2025-07-31,841580.9651850003,2659253.11,3500834.075185,15
2025-08-01,36610.32968000037,3422702.37,3459312.6996800005,20
2025-08-04,206757.92488000038,3296533.6500000004,3503291.5748800007,19
2025-08-05,206757.92488000038,3290762.46,3497520.3848800003,19
2025-08-06,512540.01270500035,2960004.07,3472544.0827050004,17
2025-08-07,512540.01270500035,2966191.7900000005,3478731.802705001,17
2025-08-08,512540.01270500035,2890507.77,3403047.7827050006,17
2025-08-11,668870.3649050003,2768859.93,3437730.2949050004,16
2025-08-12,971830.2424050003,2459672.7800000003,3431503.0224050004,14
2025-08-13,971830.2424050003,2486186.92,3458017.162405,14
2025-08-14,971830.2424050003,2469678.1,3441508.3424050002,14
2025-08-18,971830.2424050003,2491728.39,3463558.6324050003,14
2025-08-19,971830.2424050003,2517081.31,3488911.552405,14
2025-08-20,1131408.5154050002,2374344.89,3505753.4054050003,13
2025-08-21,1131408.5154050002,2386107.47,3517515.9854050004,13
2025-08-22,1131408.5154050002,2395586.91,3526995.4254050003,13
2025-08-25,1131408.5154050002,2395975.32,3527383.835405,13
2025-08-26,1131408.5154050002,2373695.7800000003,3505104.2954050004,13
2025-08-28,1131408.5154050002,2337997.37,3469405.8854050003,13
2025-08-29,1288462.5804050001,2191720.95,3480183.5304050003,12
2025-09-01,33655.14592999997,3494221.3000000007,3527876.445930001,20
2025-09-02,33655.14592999997,3491245.46,3524900.60593,20
2025-09-03,191103.61842999997,3390506.7099999995,3581610.3284299993,19
2025-09-04,191103.61842999997,3334703.9000000004,3525807.51843,19
2025-09-05,191103.61842999997,3351469.9599999995,3542573.5784299993,19
2025-09-08,191103.61842999997,3368880.94,3559984.5584299997,19
2025-09-09,191103.61842999997,3381693.2699999996,3572796.8884299994,19
2025-09-10,191103.61842999997,3404151.86,3595255.4784299997,19
2025-09-11,191103.61842999997,3411407.2600000007,3602510.8784300005,19
2025-09-12,191103.61842999997,3422784.8,3613888.4184299996,19
2025-09-15,191103.61842999997,3446966.27,3638069.88843,19
2025-09-16,191103.61842999997,3461807.31,3652910.92843,19
2025-09-17,191103.61842999997,3472996.85,3664100.46843,19
2025-09-18,191103.61842999997,3478406.4699999997,3669510.0884299995,19
2025-09-19,191103.61842999997,3469097.85,3660201.46843,19
2025-09-22,191103.61842999997,3439649.5100000002,3630753.12843,19
2025-09-23,191103.61842999997,3432585.2,3623688.81843,19
2025-09-24,191103.61842999997,3413605.31,3604708.92843,19
2025-09-25,191103.61842999997,3394993.8600000003,3586097.47843,19
2025-09-26,350014.89342999994,3165211.2,3515226.0934300004,18
2025-09-29,350014.89342999994,3160939.88,3510954.77343,18
2025-09-30,350014.89342999994,3150032.0700000003,3500046.9634300005,18
2025-10-01,39029.06413000022,3513758.650000001,3552787.714130001,20
2025-10-03,39029.06413000022,3557869.02,3596898.0841300003,20
2025-10-06,39029.06413000022,3542737.0199999996,3581766.08413,20
2025-10-07,39029.06413000022,3557991.7299999995,3597020.79413,20
2025-10-08,39029.06413000022,3520371.54,3559400.6041300003,20
2025-10-09,39029.06413000022,3521376.7600000002,3560405.8241300005,20
2025-10-10,344959.4791300002,3203621.5300000003,3548581.0091300006,18
2025-10-13,344959.4791300002,3192050.9199999995,3537010.39913,18
2025-10-14,344959.4791300002,3158776.2600000002,3503735.7391300006,18
2025-10-15,344959.4791300002,3178465.9799999995,3523425.45913,18
2025-10-16,501798.66693000024,3018485.7,3520284.3669300005,17
2025-10-17,660460.3169300002,2830639.0200000005,3491099.3369300007,16
2025-10-20,660460.3169300002,2866525.32,3526985.63693,16
2025-10-21,660460.3169300002,2884245.4899999998,3544705.80693,16
2025-10-23,660460.3169300002,2853959.4999999995,3514419.8169299997,16
2025-10-24,660460.3169300002,2878119.5400000005,3538579.8569300007,16
2025-10-27,660460.3169300002,2896695.3300000005,3557155.6469300007,16
2025-10-28,660460.3169300002,2901311.6700000004,3561771.9869300006,16
2025-10-29,813720.0819300002,2733788.6199999996,3547508.70193,15
2025-10-30,813720.0819300002,2731116.1700000004,3544836.2519300007,15
2025-10-31,813720.0819300002,2728905.5600000005,3542625.641930001,15
2025-11-03,2986.142640000442,3536896.9800000004,3539883.1226400007,20
2025-11-04,2986.142640000442,3493569.0599999987,3496555.202639999,20
2025-11-06,2986.142640000442,3427837.17,3430823.31264,20
2025-11-07,305778.6715400004,3156509.56,3462288.2315400005,18
2025-11-10,305778.6715400004,3154953.62,3460732.2915400006,18
2025-11-11,460918.2925200004,3009209.36,3470127.6525200005,17
2025-11-12,460918.2925200004,2994680.64,3455598.9325200007,17
2025-11-13,460918.2925200004,2990148.7800000007,3451067.0725200013,17
2025-11-14,460918.2925200004,3010058.78,3470977.0725200004,17
2025-11-17,623812.5840200004,2876808.35,3500620.9340200005,16
2025-11-18,623812.5840200004,2843759.3899999997,3467571.97402,16
2025-11-19,785101.1876700004,2638864.54,3423965.7276700004,15
2025-11-20,785101.1876700004,2635435.1200000006,3420536.307670001,15
2025-11-21,785101.1876700004,2592598.13,3377699.3176700003,15
2025-11-24,1106288.6826700005,2258646.02,3364934.7026700005,13
2025-11-25,1263561.3193200005,2116989.14,3380550.4593200004,12
2025-11-26,1263561.3193200005,2150263.6,3413824.9193200003,12
2025-11-27,1263561.3193200005,2153390.76,3416952.0793200005,12
2025-11-28,1263561.3193200005,2138718.42,3402279.7393200006,12
2025-12-01,4453.7789400006295,3387922.5900000003,3392376.368940001,20
2025-12-02,4453.7789400006295,3376702.1399999997,3381155.9189400002,20
2025-12-03,4453.7789400006295,3370680.26,3375134.0389400003,20
2025-12-04,4453.7789400006295,3388394.5199999996,3392848.29894,20
2025-12-05,4453.7789400006295,3396459.4699999997,3400913.2489400003,20
2025-12-08,4453.7789400006295,3320087.7,3324541.4789400008,20
2025-12-09,314221.4294400007,3020271.1,3334492.5294400007,18
2025-12-10,468569.5594400007,2829712.51,3298282.0694400007,17
2025-12-11,618853.7944400007,2715313.39,3334167.184440001,16
2025-12-12,618853.7944400007,2765658.66,3384512.454440001,16
2025-12-15,618853.7944400007,2766538.11,3385391.9044400007,16
2025-12-16,618853.7944400007,2738265.61,3357119.4044400007,16
2025-12-17,618853.7944400007,2723646.84,3342500.6344400006,16
2025-12-18,618853.7944400007,2732367.3600000003,3351221.154440001,16
2025-12-19,618853.7944400007,2768431.94,3387285.7344400007,16
2025-12-22,618853.7944400007,2811756.7400000007,3430610.5344400015,16
2025-12-23,618853.7944400007,2808401.8500000006,3427255.6444400013,16
2025-12-24,618853.7944400007,2815420.12,3434273.914440001,16
2025-12-26,618853.7944400007,2833000.75,3451854.544440001,16
2025-12-29,772201.1778150006,2667396.24,3439597.4178150008,15
2025-12-30,772201.1778150006,2715373.45,3487574.6278150007,15
2025-12-31,772201.1778150006,2705988.61,3478189.7878150004,15
2026-01-01,6545.854965000646,3498225.82,3504771.6749650007,20
2026-01-02,6545.854965000646,3556119.99,3562665.8449650006,20
2026-01-05,6545.854965000646,3534326.6999999993,3540872.5549649997,20
2026-01-06,165042.25321500064,3388264.1199999996,3553306.373215,19
2026-01-07,165042.25321500064,3394405.3899999997,3559447.643215,19
2026-01-08,165042.25321500064,3314336.6399999997,3479378.893215,19
2026-01-09,165042.25321500064,3298741.139999999,3463783.3932149997,19
2026-01-12,165042.25321500064,3305815.2199999997,3470857.4732150002,19
2026-01-13,165042.25321500064,3288932.9699999993,3453975.223215,19
2026-01-14,640784.3180900007,2863279.0799999996,3504063.3980900003,16
2026-01-16,640784.3180900007,2892167.6600000006,3532951.9780900013,16
2026-01-19,640784.3180900007,2877871.1700000004,3518655.488090001,16
2026-01-20,640784.3180900007,2794381.66,3435165.978090001,16
2026-01-21,640784.3180900007,2787929.19,3428713.5080900006,16
2026-01-22,640784.3180900007,2813571.3800000004,3454355.698090001,16
2026-01-23,640784.3180900007,2766932.5199999996,3407716.83809,16
2026-01-27,793504.8930900006,2661993.6000000006,3455498.493090001,15
2026-01-28,793504.8930900006,2723844.43,3517349.323090001,15
2026-01-29,793504.8930900006,2792258.59,3585763.48309,15
2026-01-30,793504.8930900006,2748734.41,3542239.3030900005,15
2026-02-01,1542.4260700004525,3368967.53,3370509.9560700003,20
2026-02-02,323736.40907000046,3097408.04,3421144.4490700006,18
2026-02-03,323736.40907000046,3179691.83,3503428.2390700006,18
2026-02-04,323736.40907000046,3186150.8099999996,3509887.21907,18
2026-02-05,323736.40907000046,3155362.78,3479099.1890700003,18
2026-02-06,323736.40907000046,3163617.15,3487353.5590700004,18
2026-02-09,649271.5228450005,2890873.1,3540144.6228450006,16
2026-02-10,649271.5228450005,2912293.37,3561564.8928450006,16
2026-02-11,649271.5228450005,2920935.8099999996,3570207.332845,16
2026-02-12,812875.7478450005,2752538.91,3565414.6578450007,15
2026-02-13,812875.7478450005,2688815.24,3501690.987845001,15
2026-02-16,812875.7478450005,2673543.21,3486418.9578450006,15
2026-02-17,976465.9239500004,2505946.55,3482412.4739500005,14
2026-02-18,976465.9239500004,2538096.52,3514562.44395,14
2026-02-19,976465.9239500004,2485171.41,3461637.333950001,14
2026-02-20,976465.9239500004,2520247.36,3496713.28395,14
2026-02-23,976465.9239500004,2519907.5599999996,3496373.4839500003,14
2026-02-24,976465.9239500004,2532249.69,3508715.61395,14
2026-02-25,976465.9239500004,2565207.26,3541673.1839500004,14
2026-02-26,976465.9239500004,2584580.5100000002,3561046.4339500004,14
2026-02-27,976465.9239500004,2556553.35,3533019.2739500003,14
2026-03-02,83995.2642500005,3441379.5500000003,3525374.8142500008,20
2026-03-04,83995.2642500005,3344944.93,3428940.1942500006,20
2026-03-05,251422.1466500005,3235820.7399999998,3487242.8866500002,19
2026-03-06,397214.6294000005,3071444.31,3468658.9394000005,18
2026-03-09,397214.6294000005,2989979.81,3387194.4394000005,18
2026-03-10,397214.6294000005,3037073.1500000004,3434287.779400001,18
2026-03-11,550783.9294000005,2845243.99,3396027.919400001,17
2026-03-12,550783.9294000005,2833650.019999999,3384433.9493999993,17
2026-03-13,550783.9294000005,2740301.04,3291084.9694000008,17
2026-03-16,701914.3931500005,2583975.9099999997,3285890.30315,16
2026-03-17,854177.6551500005,2497375.24,3351552.8951500007,15
2026-03-18,854177.6551500005,2518230.5900000003,3372408.245150001,15
2026-03-19,854177.6551500005,2435070.5200000005,3289248.175150001,15
2026-03-20,854177.6551500005,2458424.51,3312602.1651500002,15
2026-03-23,854177.6551500005,2348775.92,3202953.5751500004,15
2026-03-24,999292.0565500004,2263065.01,3262357.06655,14
2026-03-25,999292.0565500004,2312767.16,3312059.2165500005,14
2026-03-27,999292.0565500004,2272100.31,3271392.3665500004,14
2026-03-30,999292.0565500004,2217349.1,3216641.1565500004,14
2026-04-01,5506.181960000889,3272346.780000001,3277852.961960002,20
2026-04-02,5506.181960000889,3265659.620000001,3271165.8019600017,20
2026-04-06,5506.181960000889,3320811.35,3326317.531960001,20
2026-04-07,5506.181960000889,3332421.16,3337927.341960001,20
2026-04-08,5506.181960000889,3459367.79,3464873.9719600007,20
2026-04-09,5506.181960000889,3505063.0599999996,3510569.2419600002,20
2026-04-10,5506.181960000889,3549372.82,3554879.001960001,20
2026-04-13,5506.181960000889,3545516.11,3551022.291960001,20
2026-04-15,5506.181960000889,3621119.64,3626625.8219600013,20
2026-04-16,5506.181960000889,3668901.5,3674407.6819600007,20
2026-04-17,5506.181960000889,3727494.7800000003,3733000.961960001,20
2026-04-20,5506.181960000889,3698923.1700000004,3704429.3519600015,20
2026-04-21,5506.181960000889,3735500.9999999995,3741007.1819600007,20
2026-04-22,5506.181960000889,3778482.29,3783988.4719600007,20
2026-04-23,5506.181960000889,3772063.1199999996,3777569.301960001,20
2026-04-24,5506.181960000889,3747090.2800000003,3752596.461960001,20
2026-04-27,5506.181960000889,3766208.53,3771714.711960001,20
2026-04-28,5506.181960000889,3816312.1700000004,3821818.3519600015,20
2026-04-29,5506.181960000889,3812578.0,3818084.1819600007,20
2026-04-30,5506.181960000889,3760285.0599999996,3765791.2419600002,20
2026-05-04,25349.36405500074,3762926.3699999996,3788275.7340550004,20
2026-05-05,25349.36405500074,3796368.8899999997,3821718.2540550004,20
2026-05-06,25349.36405500074,3810554.55,3835903.9140550005,20
2026-05-07,25349.36405500074,3909119.2199999997,3934468.5840550005,20
2026-05-08,25349.36405500074,3898614.0599999996,3923963.4240550003,20
2026-05-11,25349.36405500074,3841038.68,3866388.044055001,20
2026-05-12,25349.36405500074,3725179.9999999995,3750529.3640550002,20
2026-05-13,198875.65360000075,3617130.24,3816005.893600001,19
2026-05-14,198875.65360000075,3638653.87,3837529.523600001,19
2026-05-15,198875.65360000075,3595597.25,3794472.903600001,19
2026-05-18,198875.65360000075,3571123.72,3769999.373600001,19
2026-05-19,198875.65360000075,3608877.05,3807752.7036000006,19
2026-05-20,198875.65360000075,3637715.3100000005,3836590.9636000013,19
2026-05-21,198875.65360000075,3652040.17,3850915.8236000007,19
2026-05-22,198875.65360000075,3652506.79,3851382.443600001,19
2026-05-25,198875.65360000075,3684827.38,3883703.0336000007,19
2026-05-26,198875.65360000075,3763555.11,3962430.7636000006,19
2026-05-27,198875.65360000075,3800616.6399999997,3999492.2936000004,19
2026-05-29,198875.65360000075,3782785.8300000005,3981661.4836000013,19
2026-06-01,18821.473260000726,3889531.0900000003,3908352.563260001,20
2026-06-02,18821.473260000726,3944914.24,3963735.713260001,20
2026-06-03,18821.473260000726,3970296.41,3989117.883260001,20
2026-06-04,18821.473260000726,4004771.6399999997,4023593.1132600005,20
2026-06-05,18821.473260000726,3963265.85,3982087.323260001,20
2026-06-08,18821.473260000726,3831440.3900000006,3850261.8632600014,20
2026-06-09,18821.473260000726,3927724.7399999993,3946546.21326,20
2026-06-10,18821.473260000726,3840929.7499999995,3859751.2232600003,20
2026-06-11,18821.473260000726,3787236.2099999995,3806057.6832600003,20
2026-06-12,206559.44326000073,3730872.3000000003,3937431.743260001,19
2026-06-15,206559.44326000073,3738350.19,3944909.6332600005,19
2026-06-16,206559.44326000073,3736164.9999999995,3942724.44326,19
2026-06-17,206559.44326000073,3773509.05,3980068.4932600004,19
2026-06-18,206559.44326000073,3789731.0899999994,3996290.53326,19
2026-06-19,206559.44326000073,3829983.5700000003,4036543.013260001,19
2026-06-22,206559.44326000073,3819880.2899999996,4026439.73326,19
2026-06-23,206559.44326000073,3755123.720000001,3961683.1632600017,19
2026-06-24,206559.44326000073,3714561.1299999994,3921120.57326,19
2026-06-25,206559.44326000073,3672364.6499999994,3878924.09326,19
2026-06-29,206559.44326000073,3685699.88,3892259.3232600004,19
2026-06-30,388985.39326000074,3543533.7600000002,3932519.153260001,18
2026-07-01,37566.26712000018,3887589.88,3925156.14712,20
2026-07-02,37566.26712000018,3893500.9000000004,3931067.1671200003,20
2026-07-03,37566.26712000018,3841221.5899999994,3878787.8571199994,20
