date,symbol,side,qty,price,cost,pnl,reason
2018-11-01,BALRAMCHIN,BUY,931,107.7,150.40305,0.0,REBAL_ENTRY
2018-11-01,AUROPHARMA,BUY,126,800.0,151.20000000000002,0.0,REBAL_ENTRY
2018-11-01,BIOCON,BUY,303,327.5,148.84875,0.0,REBAL_ENTRY
2018-11-01,UBL,BUY,81,1239.9,150.64785,0.0,REBAL_ENTRY
2018-11-01,STAR,BUY,263,378.95,149.49577499999998,0.0,REBAL_ENTRY
2018-11-01,LUPIN,BUY,112,875.0,147.0,0.0,REBAL_ENTRY
2018-11-01,BATAINDIA,BUY,102,975.0,149.175,0.0,REBAL_ENTRY
2018-11-01,UPL,BUY,231,432.3,149.79195,0.0,REBAL_ENTRY
2018-11-01,ASHOKLEY,BUY,1821,55.3,151.05194999999998,0.0,REBAL_ENTRY
2018-11-01,HAVELLS,BUY,154,647.0,149.457,0.0,REBAL_ENTRY
2018-11-01,PAGEIND,BUY,3,29400.0,132.3,0.0,REBAL_ENTRY
2018-11-01,COFORGE,BUY,407,246.0,150.183,0.0,REBAL_ENTRY
2018-11-01,HEG,BUY,117,889.8,156.1599,0.0,REBAL_ENTRY
2018-11-01,FEDERALBNK,BUY,1208,82.75,149.943,0.0,REBAL_ENTRY
2018-11-01,RBLBANK,BUY,190,525.0,149.625,0.0,REBAL_ENTRY
2018-11-01,BHARATFORG,BUY,170,585.0,149.175,0.0,REBAL_ENTRY
2018-11-01,DABUR,BUY,259,384.75,149.475375,0.0,REBAL_ENTRY
2018-11-01,BALKRISIND,BUY,91,1100.9,150.27285,0.0,REBAL_ENTRY
2018-11-01,JUSTDIAL,BUY,198,504.8,149.9256,0.0,REBAL_ENTRY
2018-11-01,ACC,BUY,72,1384.0,149.472,0.0,REBAL_ENTRY
2018-11-12,BALKRISIND,SELL,91,932.0,127.218,-15497.11800000001,STOP
2018-11-15,ASHOKLEY,SELL,1821,51.3,140.12595,-7424.12595,STOP
2018-11-16,PAGEIND,SELL,3,25605.0,115.2225,-11500.2225,STOP
2018-11-19,COFORGE,SELL,407,227.0,138.58350000000002,-7871.5835,STOP
2018-11-29,BALRAMCHIN,SELL,931,97.1,135.60014999999999,-10004.200150000008,STOP
2018-11-29,BIOCON,SELL,303,299.0,135.8955,-8771.3955,STOP
2018-12-03,STAR,SELL,263,436.05,172.021725,14845.278275000006,REBAL_EXIT
2018-12-03,BHARATFORG,SELL,170,569.8,145.29899999999998,-2729.2990000000077,REBAL_EXIT
2018-12-03,AUROPHARMA,SELL,4,812.0,4.872,43.128,REBAL_TRIM
2018-12-03,UBL,SELL,1,1247.0,1.8705,5.229499999999909,REBAL_TRIM
2018-12-03,BATAINDIA,SELL,7,1046.3,10.986149999999999,488.1138499999997,REBAL_TRIM
2018-12-03,UPL,SELL,26,487.3,19.004700000000003,1410.9953,REBAL_TRIM
2018-12-03,HAVELLS,SELL,9,687.45,9.280575,354.7694250000004,REBAL_TRIM
2018-12-03,HEG,BUY,1,838.35,1.257525,0.0,REBAL_ENTRY
2018-12-03,FEDERALBNK,SELL,43,85.4,5.5083,108.44170000000024,REBAL_TRIM
2018-12-03,RBLBANK,SELL,9,558.7,7.5424500000000005,295.75755000000044,REBAL_TRIM
2018-12-03,DABUR,SELL,17,412.8,10.5264,466.32360000000017,REBAL_TRIM
2018-12-03,JUSTDIAL,BUY,1,499.95,0.749925,0.0,REBAL_ENTRY
2018-12-03,ACC,SELL,6,1497.0,13.473,664.527,REBAL_TRIM
2018-12-03,BALRAMCHIN,BUY,982,101.75,149.87775,0.0,REBAL_ENTRY
2018-12-03,BIOCON,BUY,318,316.0,150.732,0.0,REBAL_ENTRY
2018-12-03,ZEEL,BUY,207,482.67,149.869035,0.0,REBAL_ENTRY
2018-12-03,APOLLOTYRE,BUY,415,242.35,150.862875,0.0,REBAL_ENTRY
2018-12-03,HEROMOTOCO,BUY,34,2877.8,146.76780000000002,0.0,REBAL_ENTRY
2018-12-03,BEML,BUY,264,380.2,150.5592,0.0,REBAL_ENTRY
2018-12-03,M&MFIN,BUY,391,257.4,150.9651,0.0,REBAL_ENTRY
2018-12-03,HINDPETRO,BUY,761,128.8,147.0252,0.0,REBAL_ENTRY
2018-12-06,HEG,SELL,118,799.0,141.423,-10804.372999999996,STOP
2018-12-07,M&MFIN,SELL,391,229.25,134.455125,-11141.105124999991,STOP
2018-12-11,AUROPHARMA,SELL,122,722.0,132.126,-9648.126,STOP
2018-12-24,ZEEL,SELL,207,438.79,136.244295,-9219.404295,STOP
2019-01-01,LUPIN,SELL,112,848.7,142.5816,-3088.181599999995,REBAL_EXIT
2019-01-01,ACC,SELL,66,1516.9,150.1731,8621.226900000005,REBAL_EXIT
2019-01-01,BALRAMCHIN,SELL,982,102.5,150.98250000000002,585.5174999999999,REBAL_EXIT
2019-01-01,BIOCON,SELL,318,315.7,150.5889,-245.9889000000036,REBAL_EXIT
2019-01-01,APOLLOTYRE,SELL,415,236.5,147.22125,-2574.971249999998,REBAL_EXIT
2019-01-01,UBL,SELL,7,1372.5,14.41125,913.7887499999994,REBAL_TRIM
2019-01-01,BATAINDIA,SELL,6,1133.0,10.197000000000001,937.803,REBAL_TRIM
2019-01-01,UPL,BUY,3,486.0,2.187,0.0,REBAL_ENTRY
2019-01-01,HAVELLS,BUY,1,694.4,1.0416,0.0,REBAL_ENTRY
2019-01-01,FEDERALBNK,SELL,83,93.75,11.671875,901.328125,REBAL_TRIM
2019-01-01,RBLBANK,SELL,6,578.7,5.2083,316.99170000000026,REBAL_TRIM
2019-01-01,DABUR,SELL,8,431.75,5.181,370.819,REBAL_TRIM
2019-01-01,JUSTDIAL,BUY,2,502.0,1.506,0.0,REBAL_ENTRY
2019-01-01,BEML,SELL,41,453.5,27.89025,2977.4097500000007,REBAL_TRIM
2019-01-01,HINDPETRO,SELL,61,144.25,13.198875000000001,929.2511249999993,REBAL_TRIM
2019-01-01,PCJEWELLER,BUY,11714,8.59,150.93489,0.0,REBAL_ENTRY
2019-01-01,BANKINDIA,BUY,1037,97.7,151.97235,0.0,REBAL_ENTRY
2019-01-01,LICHSGFIN,BUY,210,477.55,150.42825,0.0,REBAL_ENTRY
2019-01-01,SRF,BUY,252,400.0,151.20000000000002,0.0,REBAL_ENTRY
2019-01-01,LTF,BUY,711,142.7,152.18955,0.0,REBAL_ENTRY
2019-01-01,CEATLTD,BUY,77,1305.3,150.76215,0.0,REBAL_ENTRY
2019-01-01,M&MFIN,BUY,376,270.0,152.28,0.0,REBAL_ENTRY
2019-01-01,ESCORTS,BUY,143,708.5,151.97325,0.0,REBAL_ENTRY
2019-01-01,HEG,BUY,136,741.5,151.266,0.0,REBAL_ENTRY
2019-01-15,LTF,SELL,711,127.45,135.925425,-10978.675424999989,STOP
2019-01-15,M&MFIN,SELL,376,248.7,140.2668,-8149.066800000005,STOP
2019-01-21,PCJEWELLER,SELL,11714,7.8,137.0538,-9391.113800000001,STOP
2019-01-22,HEROMOTOCO,SELL,34,2629.05,134.08155000000002,-8591.58155,STOP
2019-01-22,HEG,SELL,136,675.0,137.70000000000002,-9181.7,STOP
2019-01-28,BANKINDIA,SELL,1037,88.68,137.94174,-9491.681739999996,STOP
2019-01-28,CEATLTD,SELL,77,1182.0,136.52100000000002,-9630.620999999997,STOP
2019-01-29,JUSTDIAL,SELL,201,457.0,137.7855,-9735.135500000006,STOP
2019-01-29,LICHSGFIN,SELL,210,435.15,137.07225,-9041.072250000007,STOP
2019-01-30,ESCORTS,SELL,143,647.0,138.7815,-8933.2815,STOP
2019-02-01,RBLBANK,SELL,175,568.9,149.33625,7533.163749999996,REBAL_EXIT
2019-02-01,UBL,SELL,7,1430.0,15.015,1315.6849999999993,REBAL_TRIM
2019-02-01,BATAINDIA,SELL,4,1115.65,6.693900000000001,555.9061000000004,REBAL_TRIM
2019-02-01,UPL,SELL,19,511.4,14.574900000000001,1473.6092346153841,REBAL_TRIM
2019-02-01,HAVELLS,SELL,13,715.0,13.9425,865.8369520547953,REBAL_TRIM
2019-02-01,FEDERALBNK,BUY,28,86.45,3.6309,0.0,REBAL_ENTRY
2019-02-01,DABUR,SELL,20,450.0,13.5,1291.5,REBAL_TRIM
2019-02-01,BEML,BUY,17,400.9,10.222949999999999,0.0,REBAL_ENTRY
2019-02-01,HINDPETRO,BUY,27,132.0,5.346,0.0,REBAL_ENTRY
2019-02-01,SRF,SELL,15,403.4,9.0765,41.92349999999966,REBAL_TRIM
2019-02-01,JUBLFOOD,BUY,378,253.9,143.9613,0.0,REBAL_ENTRY
2019-02-01,BANKINDIA,BUY,992,99.42,147.93696,0.0,REBAL_ENTRY
2019-02-01,INDUSTOWER,BUY,326,296.0,144.744,0.0,REBAL_ENTRY
2019-02-01,COFORGE,BUY,364,262.0,143.052,0.0,REBAL_ENTRY
2019-02-01,STAR,BUY,231,414.3,143.55495000000002,0.0,REBAL_ENTRY
2019-02-01,LUPIN,BUY,108,879.7,142.5114,0.0,REBAL_ENTRY
2019-02-01,INDUSINDBK,BUY,63,1507.9,142.49655,0.0,REBAL_ENTRY
2019-02-01,AUROPHARMA,BUY,121,782.05,141.942075,0.0,REBAL_ENTRY
2019-02-01,NCC,BUY,1199,80.0,143.88,0.0,REBAL_ENTRY
2019-02-01,ESCORTS,BUY,144,673.85,145.5516,0.0,REBAL_ENTRY
2019-02-01,LTF,BUY,738,122.8,135.93959999999998,0.0,REBAL_ENTRY
2019-02-04,BANKINDIA,SELL,992,88.31,131.40528,-11152.52528,STOP
2019-02-06,STAR,SELL,231,382.35,132.48427500000003,-7512.934274999997,STOP
2019-02-13,ESCORTS,SELL,144,611.05,131.9868,-9175.18680000001,STOP
2019-02-14,LUPIN,SELL,108,793.05,128.4741,-9486.67410000001,STOP
2019-02-19,HINDPETRO,SELL,727,117.0,127.5885,-8792.588500000023,STOP
2019-02-19,AUROPHARMA,SELL,121,717.5,130.22625,-7940.776249999994,STOP
2019-03-01,JUBLFOOD,SELL,378,255.4,144.8118,422.1882,REBAL_EXIT
2019-03-01,INDUSINDBK,SELL,63,1481.7,140.02065000000002,-1790.6206500000028,REBAL_EXIT
2019-03-01,LTF,SELL,738,116.25,128.68875,-4962.588749999998,REBAL_EXIT
2019-03-01,UBL,BUY,4,1351.6,8.1096,0.0,REBAL_ENTRY
2019-03-01,BATAINDIA,SELL,12,1290.25,23.2245,3759.7755,REBAL_TRIM
2019-03-01,UPL,SELL,22,560.25,18.48825,2779.3723269230773,REBAL_TRIM
2019-03-01,HAVELLS,SELL,2,717.5,2.1525,138.19818493150697,REBAL_TRIM
2019-03-01,FEDERALBNK,BUY,13,84.2,1.6419000000000001,0.0,REBAL_ENTRY
2019-03-01,DABUR,BUY,1,439.7,0.65955,0.0,REBAL_ENTRY
2019-03-01,BEML,SELL,15,422.0,9.495000000000001,595.5112500000001,REBAL_TRIM
2019-03-01,SRF,SELL,32,460.0,22.080000000000002,1897.92,REBAL_TRIM
2019-03-01,INDUSTOWER,SELL,6,297.65,2.6788499999999997,7.221149999999864,REBAL_TRIM
2019-03-01,COFORGE,SELL,8,264.5,3.174,16.826,REBAL_TRIM
2019-03-01,NCC,SELL,99,85.7,12.726450000000002,551.5735500000003,REBAL_TRIM
2019-03-01,YESBANK,BUY,407,234.9,143.40645,0.0,REBAL_ENTRY
2019-03-01,PRAJIND,BUY,664,146.0,145.416,0.0,REBAL_ENTRY
2019-03-01,LICHSGFIN,BUY,201,468.1,141.13215000000002,0.0,REBAL_ENTRY
2019-03-01,SUNTV,BUY,154,605.0,139.755,0.0,REBAL_ENTRY
2019-03-01,JUSTDIAL,BUY,182,506.9,138.3837,0.0,REBAL_ENTRY
2019-03-01,PCJEWELLER,BUY,13346,7.1,142.1349,0.0,REBAL_ENTRY
2019-03-01,BANDHANBNK,BUY,196,484.5,142.443,0.0,REBAL_ENTRY
2019-03-01,ESCORTS,BUY,143,672.6,144.27270000000001,0.0,REBAL_ENTRY
2019-03-01,BANKINDIA,BUY,1188,77.75,138.5505,0.0,REBAL_ENTRY
2019-04-01,FEDERALBNK,SELL,1123,96.95,163.312275,15660.83772499999,REBAL_EXIT
2019-04-01,DABUR,SELL,215,410.05,132.241125,5252.308875000004,REBAL_EXIT
2019-04-01,PCJEWELLER,SELL,13346,8.28,165.75732,15582.522679999996,REBAL_EXIT
2019-04-01,BANDHANBNK,SELL,196,528.5,155.379,8468.621,REBAL_EXIT
2019-04-01,BANKINDIA,SELL,1188,97.93,174.51126000000002,23799.328740000008,REBAL_EXIT
2019-04-01,UBL,BUY,5,1407.0,10.5525,0.0,REBAL_ENTRY
2019-04-01,BATAINDIA,BUY,1,1405.0,2.1075,0.0,REBAL_ENTRY
2019-04-01,UPL,BUY,4,612.6,3.6756,0.0,REBAL_ENTRY
2019-04-01,HAVELLS,BUY,4,775.0,4.65,0.0,REBAL_ENTRY
2019-04-01,BEML,SELL,18,505.0,13.635,2206.3725,REBAL_TRIM
2019-04-01,SRF,BUY,13,460.0,8.97,0.0,REBAL_ENTRY
2019-04-01,INDUSTOWER,BUY,15,314.95,7.086375,0.0,REBAL_ENTRY
2019-04-01,COFORGE,BUY,40,265.0,15.9,0.0,REBAL_ENTRY
2019-04-01,NCC,SELL,170,112.9,28.7895,5564.210500000001,REBAL_TRIM
2019-04-01,YESBANK,SELL,26,276.0,10.764,1057.836,REBAL_TRIM
2019-04-01,PRAJIND,BUY,13,156.2,3.0459,0.0,REBAL_ENTRY
2019-04-01,LICHSGFIN,SELL,1,526.55,0.789825,57.66017499999993,REBAL_TRIM
2019-04-01,SUNTV,BUY,13,630.0,12.285,0.0,REBAL_ENTRY
2019-04-01,JUSTDIAL,SELL,8,611.95,7.343400000000001,833.0566000000006,REBAL_TRIM
2019-04-01,ESCORTS,SELL,12,803.0,14.454,1550.3459999999998,REBAL_TRIM
2019-04-01,IDFCFIRSTB,BUY,1892,55.9,158.6442,0.0,REBAL_ENTRY
2019-04-01,RBLBANK,BUY,154,681.95,157.53045,0.0,REBAL_ENTRY
2019-04-01,JUBLFOOD,BUY,363,291.2,158.55839999999998,0.0,REBAL_ENTRY
2019-04-01,INDUSINDBK,BUY,59,1797.0,159.0345,0.0,REBAL_ENTRY
2019-04-01,ACC,BUY,63,1673.0,158.0985,0.0,REBAL_ENTRY
2019-04-23,JUBLFOOD,SELL,363,264.6,144.0747,-9799.874699999988,STOP
2019-04-24,INDUSINDBK,SELL,59,1667.0,147.5295,-7817.5295,STOP
2019-04-26,INDUSTOWER,SELL,335,273.0,137.1825,-8126.432499999991,STOP
2019-05-02,YESBANK,SELL,381,162.0,92.583,-27867.483,STOP
2019-05-02,IDFCFIRSTB,SELL,1892,49.45,140.3391,-12343.739099999992,STOP
2019-05-02,UBL,SELL,75,1419.7,159.71625,12042.983749999994,REBAL_EXIT
2019-05-02,COFORGE,SELL,396,258.5,153.549,-1659.5490000000034,REBAL_EXIT
2019-05-02,PRAJIND,SELL,677,136.5,138.61575,-6702.715750000009,REBAL_EXIT
2019-05-02,BATAINDIA,SELL,7,1454.0,15.267,3297.0573243243243,REBAL_TRIM
2019-05-02,UPL,SELL,13,618.4,12.0588,2342.579906140352,REBAL_TRIM
2019-05-02,HAVELLS,SELL,9,778.8,10.5138,1138.7175242009139,REBAL_TRIM
2019-05-02,BEML,BUY,17,435.0,11.0925,0.0,REBAL_ENTRY
2019-05-02,SRF,SELL,28,512.0,21.504,3014.312513761468,REBAL_TRIM
2019-05-02,NCC,BUY,57,100.0,8.55,0.0,REBAL_ENTRY
2019-05-02,SUNTV,BUY,3,575.0,2.5875,0.0,REBAL_ENTRY
2019-05-02,JUSTDIAL,SELL,5,579.05,4.342875,356.4071249999999,REBAL_TRIM
2019-05-02,ESCORTS,BUY,1,713.5,1.07025,0.0,REBAL_ENTRY
2019-05-02,RBLBANK,SELL,10,678.75,10.18125,-42.18125000000045,REBAL_TRIM
2019-05-02,ACC,SELL,3,1628.0,7.3260000000000005,-142.326,REBAL_TRIM
2019-05-02,PCJEWELLER,BUY,8233,11.54,142.51323,0.0,REBAL_ENTRY
2019-05-02,HINDPETRO,BUY,580,169.05,147.0735,0.0,REBAL_ENTRY
2019-05-02,ICICIPRULI,BUY,265,369.0,146.6775,0.0,REBAL_ENTRY
2019-05-02,SAIL,BUY,1755,56.0,147.42000000000002,0.0,REBAL_ENTRY
2019-05-02,ZEEL,BUY,231,424.74,147.17241,0.0,REBAL_ENTRY
2019-05-02,VOLTAS,BUY,162,601.0,146.043,0.0,REBAL_ENTRY
2019-05-02,JUBLFOOD,BUY,368,265.95,146.8044,0.0,REBAL_ENTRY
2019-05-02,BHEL,BUY,1383,70.95,147.185775,0.0,REBAL_ENTRY
2019-05-06,SUNTV,SELL,170,552.0,140.76,-9385.75999999998,STOP
2019-05-07,ZEEL,SELL,231,382.96,132.69564,-9783.875640000007,STOP
2019-05-08,BHEL,SELL,1383,63.9,132.56055,-9882.710550000005,STOP
2019-05-10,ESCORTS,SELL,132,610.0,120.78,-8424.880000000012,STOP
2019-05-14,HINDPETRO,SELL,580,149.75,130.2825,-11324.282500000007,STOP
2019-05-14,ICICIPRULI,SELL,265,335.1,133.20225,-9116.702249999995,STOP
2019-05-14,SAIL,SELL,1755,50.5,132.94125,-9785.44125,STOP
2019-05-15,JUBLFOOD,SELL,368,241.15,133.1148,-9259.514799999994,STOP
2019-05-20,PCJEWELLER,SELL,8233,10.24,126.45888,-10829.35887999999,STOP
2019-06-03,BATAINDIA,SELL,67,1330.0,133.665,23262.010675675672,REBAL_EXIT
2019-06-03,VOLTAS,SELL,162,586.0,142.398,-2572.398,REBAL_EXIT
2019-06-03,UPL,SELL,8,642.7,7.712400000000001,1635.6960345479092,REBAL_TRIM
2019-06-03,HAVELLS,BUY,2,749.8,2.2494,0.0,REBAL_ENTRY
2019-06-03,BEML,SELL,27,489.0,19.8045,2768.9201819196433,REBAL_TRIM
2019-06-03,SRF,SELL,22,569.1,18.7803,3622.704103669725,REBAL_TRIM
2019-06-03,NCC,SELL,6,97.75,0.87975,98.69015881458967,REBAL_TRIM
2019-06-03,LICHSGFIN,SELL,26,550.9,21.4851,2131.314899999999,REBAL_TRIM
2019-06-03,JUSTDIAL,SELL,44,746.95,49.298700000000004,10512.901300000003,REBAL_TRIM
2019-06-03,RBLBANK,SELL,5,685.4,5.1405,12.10949999999966,REBAL_TRIM
2019-06-03,ACC,SELL,4,1696.85,10.181099999999999,85.21889999999964,REBAL_TRIM
2019-06-03,EMBDL,BUY,765,124.95,143.380125,0.0,REBAL_ENTRY
2019-06-03,HINDPETRO,BUY,504,196.05,148.21380000000002,0.0,REBAL_ENTRY
2019-06-03,FEDERALBNK,BUY,894,107.6,144.2916,0.0,REBAL_ENTRY
2019-06-03,ICICIGI,BUY,81,1183.85,143.837775,0.0,REBAL_ENTRY
2019-06-03,ICICIPRULI,BUY,247,395.0,146.3475,0.0,REBAL_ENTRY
2019-06-03,INDIACEM,BUY,908,105.55,143.7591,0.0,REBAL_ENTRY
2019-06-03,SAMMAANCAP,BUY,136,703.15,143.4426,0.0,REBAL_ENTRY
2019-06-03,BANKINDIA,BUY,1085,88.63,144.24532499999998,0.0,REBAL_ENTRY
2019-06-03,PCJEWELLER,BUY,12447,7.7,143.76285000000001,0.0,REBAL_ENTRY
2019-06-03,INDUSINDBK,BUY,59,1600.1,141.60885,0.0,REBAL_ENTRY
2019-06-03,BHEL,BUY,1367,69.8,143.1249,0.0,REBAL_ENTRY
2019-06-07,HINDPETRO,SELL,504,178.35,134.83259999999999,-9055.632600000008,STOP
2019-06-07,INDIACEM,SELL,908,96.9,131.97780000000003,-7986.177799999992,STOP
2019-06-07,PCJEWELLER,SELL,12447,6.8,126.95939999999999,-11329.259400000004,STOP
2019-06-12,SAMMAANCAP,SELL,136,595.45,121.47180000000002,-14768.67179999999,STOP
2019-06-13,EMBDL,SELL,765,113.0,129.6675,-9271.417500000001,STOP
2019-06-14,ICICIPRULI,SELL,247,364.7,135.12135,-7619.221350000003,STOP
2019-06-14,BANKINDIA,SELL,1085,80.78,131.46945,-8648.719449999995,STOP
2019-06-17,RBLBANK,SELL,139,625.6,130.4376,-7963.0876000000035,STOP
2019-06-17,INDUSINDBK,SELL,59,1427.5,126.33375000000001,-10309.733749999994,STOP
2019-06-18,ACC,SELL,56,1506.05,126.5082,-9475.708200000003,STOP
2019-07-01,NCC,SELL,981,98.0,144.207,16380.723091185411,REBAL_EXIT
2019-07-01,UPL,BUY,1,604.3,0.90645,0.0,REBAL_ENTRY
2019-07-01,HAVELLS,SELL,13,790.9,15.42255,1781.831364098174,REBAL_TRIM
2019-07-01,BEML,BUY,2,457.2,1.3716,0.0,REBAL_ENTRY
2019-07-01,SRF,SELL,19,613.8,17.493299999999998,3976.725048623852,REBAL_TRIM
2019-07-01,LICHSGFIN,SELL,8,551.5,6.618,660.5819999999998,REBAL_TRIM
2019-07-01,JUSTDIAL,SELL,6,759.25,6.8332500000000005,1507.2667500000002,REBAL_TRIM
2019-07-01,FEDERALBNK,SELL,56,108.6,9.122399999999999,46.8776,REBAL_TRIM
2019-07-01,BHEL,SELL,125,73.4,13.762500000000001,436.2375000000011,REBAL_TRIM
2019-07-01,EMBDL,BUY,798,114.5,137.0565,0.0,REBAL_ENTRY
2019-07-01,ICICIPRULI,BUY,233,391.0,136.6545,0.0,REBAL_ENTRY
2019-07-01,MARICO,BUY,245,371.15,136.397625,0.0,REBAL_ENTRY
2019-07-01,BATAINDIA,BUY,62,1449.9,134.8407,0.0,REBAL_ENTRY
2019-07-01,HINDPETRO,BUY,541,167.6,136.0074,0.0,REBAL_ENTRY
2019-07-01,VOLTAS,BUY,141,645.4,136.50209999999998,0.0,REBAL_ENTRY
2019-07-01,LUPIN,BUY,120,758.0,136.44,0.0,REBAL_ENTRY
2019-07-01,HEROMOTOCO,BUY,37,2434.9,135.13695,0.0,REBAL_ENTRY
2019-07-01,DABUR,BUY,226,400.8,135.87120000000002,0.0,REBAL_ENTRY
2019-07-01,ASHOKLEY,BUY,2208,41.45,137.28240000000002,0.0,REBAL_ENTRY
2019-07-01,SAIL,BUY,1790,51.05,137.06925,0.0,REBAL_ENTRY
2019-07-09,ICICIGI,SELL,81,1070.0,130.005,-9351.854999999992,STOP
2019-07-09,HEROMOTOCO,SELL,37,2224.2,123.44309999999999,-7919.343100000011,STOP
2019-07-09,SAIL,SELL,1790,46.45,124.71825,-8358.718249999989,STOP
2019-07-11,VOLTAS,SELL,141,592.35,125.282025,-7605.332024999994,STOP
2019-07-18,BHEL,SELL,1242,64.1,119.4183,-7198.818300000004,STOP
2019-07-22,FEDERALBNK,SELL,838,98.8,124.1916,-7498.591599999998,STOP
2019-07-22,BATAINDIA,SELL,62,1262.7,117.43110000000001,-11723.831100000003,STOP
2019-07-22,ASHOKLEY,SELL,2208,37.45,124.0344,-8956.0344,STOP
2019-07-23,EMBDL,SELL,798,102.8,123.0516,-9459.651600000003,STOP
2019-07-26,HINDPETRO,SELL,541,152.2,123.5103,-8454.910300000003,STOP
2019-08-01,UPL,SELL,4,551.45,3.3087000000000004,448.9709860337294,REBAL_TRIM
2019-08-01,HAVELLS,BUY,15,640.6,14.4135,0.0,REBAL_ENTRY
2019-08-01,BEML,BUY,1,420.0,0.63,0.0,REBAL_ENTRY
2019-08-01,SRF,BUY,7,537.2,5.640600000000001,0.0,REBAL_ENTRY
2019-08-01,LICHSGFIN,SELL,1,508.15,0.7622249999999999,39.287774999999954,REBAL_TRIM
2019-08-01,JUSTDIAL,BUY,2,695.9,2.0877,0.0,REBAL_ENTRY
2019-08-01,ICICIPRULI,SELL,23,402.0,13.869,239.131,REBAL_TRIM
2019-08-01,MARICO,SELL,15,366.65,8.249625,-75.749625,REBAL_TRIM
2019-08-01,LUPIN,SELL,10,764.0,11.46,48.54,REBAL_TRIM
2019-08-01,DABUR,SELL,29,424.45,18.463575,667.3864249999993,REBAL_TRIM
2019-08-01,ICICIGI,BUY,69,1191.05,123.273675,0.0,REBAL_ENTRY
2019-08-01,ZEEL,BUY,238,349.66,124.82862,0.0,REBAL_ENTRY
2019-08-01,ACC,BUY,54,1554.7,125.9307,0.0,REBAL_ENTRY
2019-08-01,MANAPPURAM,BUY,743,112.85,125.771325,0.0,REBAL_ENTRY
2019-08-01,VOLTAS,BUY,144,580.0,125.28,0.0,REBAL_ENTRY
2019-08-01,BATAINDIA,BUY,64,1298.3,124.6368,0.0,REBAL_ENTRY
2019-08-01,JUBLFOOD,BUY,351,238.9,125.78085000000002,0.0,REBAL_ENTRY
2019-08-01,FEDERALBNK,BUY,913,91.9,125.85705000000002,0.0,REBAL_ENTRY
2019-08-01,INDUSINDBK,BUY,59,1390.1,123.02385,0.0,REBAL_ENTRY
2019-08-01,HEROMOTOCO,BUY,38,2180.3,124.27710000000002,0.0,REBAL_ENTRY
2019-08-07,ZEEL,SELL,238,306.61,109.45977000000002,-10355.359770000003,STOP
2019-08-14,FEDERALBNK,SELL,913,83.6,114.49019999999999,-7692.390200000011,STOP
2019-08-23,LICHSGFIN,SELL,165,405.55,100.373625,-10421.123625000002,STOP
2019-09-03,MARICO,SELL,230,391.5,135.0675,4545.432500000005,REBAL_EXIT
2019-09-03,UPL,BUY,10,537.15,8.05725,0.0,REBAL_ENTRY
2019-09-03,HAVELLS,SELL,5,673.6,5.0520000000000005,106.65125479671646,REBAL_TRIM
2019-09-03,BEML,BUY,15,392.4,8.829,0.0,REBAL_ENTRY
2019-09-03,SRF,SELL,3,554.0,2.493,430.78547565278757,REBAL_TRIM
2019-09-03,JUSTDIAL,SELL,2,702.6,2.1078,383.0442661157025,REBAL_TRIM
2019-09-03,ICICIPRULI,SELL,10,421.95,6.32925,303.1707499999999,REBAL_TRIM
2019-09-03,LUPIN,BUY,4,735.0,4.41,0.0,REBAL_ENTRY
2019-09-03,DABUR,SELL,8,447.95,5.3754,371.8245999999998,REBAL_TRIM
2019-09-03,ICICIGI,SELL,2,1250.0,3.75,114.15000000000009,REBAL_TRIM
2019-09-03,ACC,BUY,2,1500.0,4.5,0.0,REBAL_ENTRY
2019-09-03,MANAPPURAM,SELL,27,119.2,4.8276,166.62240000000023,REBAL_TRIM
2019-09-03,VOLTAS,SELL,12,633.75,11.4075,633.5925,REBAL_TRIM
2019-09-03,BATAINDIA,SELL,9,1537.95,20.762325,2136.0876750000007,REBAL_TRIM
2019-09-03,JUBLFOOD,BUY,6,237.6,2.1384,0.0,REBAL_ENTRY
2019-09-03,INDUSINDBK,BUY,1,1380.0,2.07,0.0,REBAL_ENTRY
2019-09-03,HEROMOTOCO,SELL,3,2411.35,10.851075,682.2989249999991,REBAL_TRIM
2019-09-03,COFORGE,BUY,284,296.0,126.096,0.0,REBAL_ENTRY
2019-09-03,ZEEL,BUY,232,360.09,125.31131999999998,0.0,REBAL_ENTRY
2019-09-03,AUROPHARMA,BUY,141,603.9,127.72484999999999,0.0,REBAL_ENTRY
2019-09-03,BIOCON,BUY,361,226.1,122.43314999999998,0.0,REBAL_ENTRY
2019-09-18,ZEEL,SELL,232,331.2,115.2576,-6817.737599999997,STOP
2019-10-01,MANAPPURAM,SELL,716,141.0,151.434,20003.966000000004,REBAL_EXIT
2019-10-01,COFORGE,SELL,284,283.0,120.558,-3812.558,REBAL_EXIT
2019-10-01,BIOCON,SELL,361,223.0,120.75450000000001,-1239.8544999999979,REBAL_EXIT
2019-10-01,UPL,SELL,5,585.1,4.38825,697.7559685267372,REBAL_TRIM
2019-10-01,HAVELLS,SELL,3,722.8,3.2525999999999997,211.36935287802967,REBAL_TRIM
2019-10-01,BEML,SELL,31,481.4,22.3851,2903.8651726069365,REBAL_TRIM
2019-10-01,SRF,BUY,7,549.0,5.7645,0.0,REBAL_ENTRY
2019-10-01,JUSTDIAL,BUY,8,690.95,8.291400000000001,0.0,REBAL_ENTRY
2019-10-01,ICICIPRULI,SELL,10,466.6,6.9990000000000006,749.0010000000002,REBAL_TRIM
2019-10-01,LUPIN,BUY,9,716.0,9.666,0.0,REBAL_ENTRY
2019-10-01,DABUR,BUY,8,446.0,5.352,0.0,REBAL_ENTRY
2019-10-01,ICICIGI,BUY,5,1210.0,9.075000000000001,0.0,REBAL_ENTRY
2019-10-01,ACC,SELL,2,1611.65,4.83495,112.97219285714293,REBAL_TRIM
2019-10-01,VOLTAS,SELL,3,680.0,3.06,296.94,REBAL_TRIM
2019-10-01,BATAINDIA,SELL,4,1724.85,10.3491,1695.8509,REBAL_TRIM
2019-10-01,JUBLFOOD,SELL,33,272.1,13.468950000000001,1082.8520584033608,REBAL_TRIM
2019-10-01,INDUSINDBK,BUY,3,1397.0,6.2865,0.0,REBAL_ENTRY
2019-10-01,HEROMOTOCO,SELL,1,2551.7,3.82755,367.57244999999966,REBAL_TRIM
2019-10-01,AUROPHARMA,BUY,8,589.05,7.0686,0.0,REBAL_ENTRY
2019-10-01,COLPAL,BUY,58,1500.0,130.5,0.0,REBAL_ENTRY
2019-10-01,MCX,BUY,459,193.0,132.8805,0.0,REBAL_ENTRY
2019-10-01,PVRINOX,BUY,48,1821.2,131.12640000000002,0.0,REBAL_ENTRY
2019-10-01,HINDPETRO,BUY,502,180.9,136.2177,0.0,REBAL_ENTRY
2019-10-04,INDUSINDBK,SELL,63,1280.0,120.96000000000001,-7067.859999999998,STOP
2019-10-07,LUPIN,SELL,123,689.05,127.129725,-8137.979724999999,STOP
2019-10-09,AUROPHARMA,SELL,149,474.15,105.97252499999999,-19319.922524999994,STOP
2019-10-11,ACC,SELL,54,1430.4,115.86240000000001,-6722.569542857141,STOP
2019-11-01,BEML,SELL,184,515.0,142.14000000000001,23408.971295473435,REBAL_EXIT
2019-11-01,JUSTDIAL,SELL,127,590.0,112.395,8597.152933884303,REBAL_EXIT
2019-11-01,UPL,BUY,4,575.1,3.4506,0.0,REBAL_ENTRY
2019-11-01,HAVELLS,BUY,7,693.9,7.285950000000001,0.0,REBAL_ENTRY
2019-11-01,SRF,SELL,6,579.1,5.211900000000001,975.3456846859563,REBAL_TRIM
2019-11-01,ICICIPRULI,SELL,15,512.9,11.54025,1816.9597499999995,REBAL_TRIM
2019-11-01,DABUR,SELL,4,462.5,2.775,236.68286802030465,REBAL_TRIM
2019-11-01,ICICIGI,SELL,6,1343.0,12.087,891.7171666666673,REBAL_TRIM
2019-11-01,VOLTAS,SELL,3,709.0,3.1905,383.8095,REBAL_TRIM
2019-11-01,BATAINDIA,SELL,2,1802.0,5.406,1001.9940000000001,REBAL_TRIM
2019-11-01,JUBLFOOD,SELL,45,319.05,21.535875,3586.1973182773095,REBAL_TRIM
2019-11-01,HEROMOTOCO,BUY,1,2544.15,3.816225,0.0,REBAL_ENTRY
2019-11-01,COLPAL,SELL,1,1558.8,2.3382,56.461799999999954,REBAL_TRIM
2019-11-01,MCX,SELL,67,229.0,23.0145,2388.9855,REBAL_TRIM
2019-11-01,PVRINOX,BUY,3,1755.75,7.900875,0.0,REBAL_ENTRY
2019-11-01,HINDPETRO,SELL,34,188.8,9.628800000000002,258.9712000000002,REBAL_TRIM
2019-11-01,BERGEPAINT,BUY,203,432.45,131.68102499999998,0.0,REBAL_ENTRY
2019-11-01,ESCORTS,BUY,135,660.0,133.65,0.0,REBAL_ENTRY
2019-11-01,BANDHANBNK,BUY,146,616.95,135.11205,0.0,REBAL_ENTRY
2019-11-01,PETRONET,BUY,338,264.35,134.02545,0.0,REBAL_ENTRY
2019-11-01,CONCOR,BUY,190,468.4,133.494,0.0,REBAL_ENTRY
2019-11-01,SUNTV,BUY,169,527.5,133.72125,0.0,REBAL_ENTRY
2019-11-11,BANDHANBNK,SELL,146,551.95,120.87705000000003,-9610.87705,STOP
2019-11-14,SUNTV,SELL,169,471.15,119.43652499999999,-9642.586525000002,STOP
2019-11-22,HINDPETRO,SELL,468,164.65,115.5843,-7720.5843,STOP
2019-11-25,BERGEPAINT,SELL,203,396.8,120.82560000000001,-7357.775599999995,STOP
2019-12-02,UPL,SELL,156,559.2,130.85280000000003,17213.93144321282,REBAL_EXIT
2019-12-02,HAVELLS,SELL,129,667.45,129.151575,1660.957842039879,REBAL_EXIT
2019-12-02,DABUR,SELL,193,458.9,132.85155,10726.190581979696,REBAL_EXIT
2019-12-02,VOLTAS,SELL,126,696.55,131.64794999999998,14553.652049999993,REBAL_EXIT
2019-12-02,HEROMOTOCO,SELL,35,2273.95,119.382375,2794.517624999985,REBAL_EXIT
2019-12-02,PVRINOX,SELL,51,1782.0,136.323,-1939.173000000007,REBAL_EXIT
2019-12-02,PETRONET,SELL,338,252.25,127.89075,-4217.690750000007,REBAL_EXIT
2019-12-02,SRF,SELL,20,640.2,19.206,4471.319282286521,REBAL_TRIM
2019-12-02,ICICIPRULI,SELL,4,499.0,2.994,429.006,REBAL_TRIM
2019-12-02,ICICIGI,SELL,3,1360.0,6.12,496.7820833333336,REBAL_TRIM
2019-12-02,BATAINDIA,BUY,3,1625.1,7.312949999999999,0.0,REBAL_ENTRY
2019-12-02,JUBLFOOD,SELL,13,323.0,6.2985,1087.2855336134448,REBAL_TRIM
2019-12-02,COLPAL,BUY,1,1470.0,2.205,0.0,REBAL_ENTRY
2019-12-02,MCX,SELL,26,236.0,9.204,1108.796,REBAL_TRIM
2019-12-02,CONCOR,SELL,4,463.9,2.7834,-20.7834,REBAL_TRIM
2019-12-02,IDEA,BUY,12582,7.5,141.5475,0.0,REBAL_ENTRY
2019-12-02,BERGEPAINT,BUY,208,409.7,127.82639999999999,0.0,REBAL_ENTRY
2019-12-02,NAM-INDIA,BUY,239,360.0,129.06,0.0,REBAL_ENTRY
2019-12-02,NAUKRI,BUY,163,522.5,127.75125,0.0,REBAL_ENTRY
2019-12-02,LTF,BUY,769,112.8,130.1148,0.0,REBAL_ENTRY
2019-12-02,SAIL,BUY,2190,39.5,129.7575,0.0,REBAL_ENTRY
2019-12-02,BANDHANBNK,BUY,148,582.0,129.204,0.0,REBAL_ENTRY
2019-12-02,BIOCON,BUY,306,283.2,129.9888,0.0,REBAL_ENTRY
2019-12-02,ASHOKLEY,BUY,2323,36.8,128.2296,0.0,REBAL_ENTRY
2019-12-02,YESBANK,BUY,1261,69.0,130.5135,0.0,REBAL_ENTRY
2019-12-02,RBLBANK,BUY,218,372.95,121.95464999999999,0.0,REBAL_ENTRY
2019-12-04,YESBANK,SELL,1261,58.55,110.747325,-13288.197325000005,STOP
2019-12-09,ESCORTS,SELL,135,605.0,122.5125,-7547.5125,STOP
2019-12-09,IDEA,SELL,12582,6.5,122.67450000000001,-12704.6745,STOP
2019-12-09,RBLBANK,SELL,218,339.15,110.90205,-7479.302050000002,STOP
2019-12-11,NAM-INDIA,SELL,239,330.95,118.64557500000001,-7061.595575000003,STOP
2019-12-11,BANDHANBNK,SELL,148,521.0,115.662,-9143.662,STOP
2020-01-01,BATAINDIA,SELL,52,1751.55,136.62089999999998,22451.979099999993,REBAL_EXIT
2020-01-01,COLPAL,SELL,58,1455.65,126.64155000000002,-2668.941550000001,REBAL_EXIT
2020-01-01,MCX,SELL,366,234.0,128.466,14877.534,REBAL_EXIT
2020-01-01,CONCOR,SELL,186,459.05,128.07495,-1867.1749499999935,REBAL_EXIT
2020-01-01,SRF,SELL,11,686.3,11.32395,2965.564955257586,REBAL_TRIM
2020-01-01,ICICIPRULI,BUY,4,482.5,2.895,0.0,REBAL_ENTRY
2020-01-01,ICICIGI,SELL,2,1389.3,4.1679,389.7001555555557,REBAL_TRIM
2020-01-01,JUBLFOOD,SELL,10,331.4,4.971,920.2474873949574,REBAL_TRIM
2020-01-01,BERGEPAINT,SELL,11,429.6,7.088400000000001,211.81160000000037,REBAL_TRIM
2020-01-01,NAUKRI,BUY,4,506.5,3.039,0.0,REBAL_ENTRY
2020-01-01,LTF,SELL,2,110.15,0.33045,-5.630449999999983,REBAL_TRIM
2020-01-01,SAIL,SELL,217,43.15,14.045325,778.0046749999997,REBAL_TRIM
2020-01-01,BIOCON,SELL,18,294.0,7.938,186.46200000000022,REBAL_TRIM
2020-01-01,ASHOKLEY,SELL,113,38.5,6.52575,185.57425000000032,REBAL_TRIM
2020-01-01,YESBANK,BUY,1803,46.95,126.97627500000002,0.0,REBAL_ENTRY
2020-01-01,NAM-INDIA,BUY,238,355.7,126.9849,0.0,REBAL_ENTRY
2020-01-01,ZEEL,BUY,295,287.96,127.42229999999999,0.0,REBAL_ENTRY
2020-01-01,TATAELXSI,BUY,102,827.9,126.6687,0.0,REBAL_ENTRY
2020-01-01,IGL,BUY,395,214.45,127.061625,0.0,REBAL_ENTRY
2020-01-01,SAMMAANCAP,BUY,303,280.8,127.62360000000001,0.0,REBAL_ENTRY
2020-01-01,INDUSINDBK,BUY,56,1512.0,127.008,0.0,REBAL_ENTRY
2020-01-01,LICHSGFIN,BUY,198,427.5,126.9675,0.0,REBAL_ENTRY
2020-01-01,RBLBANK,BUY,245,346.0,127.155,0.0,REBAL_ENTRY
2020-01-01,IDEA,BUY,13360,6.2,124.248,0.0,REBAL_ENTRY
2020-01-07,ZEEL,SELL,295,259.55,114.850875,-8495.80087499999,STOP
2020-01-14,YESBANK,SELL,1803,41.75,112.912875,-9488.512875000006,STOP
2020-01-17,INDUSINDBK,SELL,56,1350.0,113.4,-9185.4,STOP
2020-01-20,IDEA,SELL,13360,4.7,94.188,-20134.188,STOP
2020-02-01,RBLBANK,SELL,245,320.0,117.60000000000001,-6487.6,STOP
2020-02-01,ICICIPRULI,SELL,175,510.95,134.12437500000001,20491.125624999993,REBAL_EXIT
2020-02-01,ICICIGI,SELL,61,1321.0,120.8715,7725.80419444445,REBAL_EXIT
2020-02-01,NAM-INDIA,SELL,238,361.9,129.1983,1346.4016999999972,REBAL_EXIT
2020-02-01,SRF,SELL,10,755.2,11.328,3383.9346411432607,REBAL_TRIM
2020-02-01,JUBLFOOD,SELL,30,374.0,16.830000000000002,4036.825462184873,REBAL_TRIM
2020-02-01,BERGEPAINT,SELL,14,466.8,9.8028,789.5972000000003,REBAL_TRIM
2020-02-01,NAUKRI,SELL,17,568.0,14.484,765.5309700598801,REBAL_TRIM
2020-02-01,LTF,BUY,18,109.15,2.94705,0.0,REBAL_ENTRY
2020-02-01,SAIL,SELL,134,46.0,9.246,861.754,REBAL_TRIM
2020-02-01,BIOCON,BUY,2,293.6,0.8808000000000001,0.0,REBAL_ENTRY
2020-02-01,ASHOKLEY,BUY,12,38.5,0.6930000000000001,0.0,REBAL_ENTRY
2020-02-01,TATAELXSI,SELL,12,944.0,16.992,1376.2080000000003,REBAL_TRIM
2020-02-01,IGL,SELL,58,253.75,22.07625,2257.3237500000005,REBAL_TRIM
2020-02-01,SAMMAANCAP,BUY,10,273.5,4.1025,0.0,REBAL_ENTRY
2020-02-01,LICHSGFIN,BUY,1,433.4,0.6501,0.0,REBAL_ENTRY
2020-02-01,IDEA,BUY,16142,5.35,129.53955,0.0,REBAL_ENTRY
2020-02-01,IRCTC,BUY,353,248.2,131.4219,0.0,REBAL_ENTRY
2020-02-01,COFORGE,BUY,220,386.0,127.38000000000001,0.0,REBAL_ENTRY
2020-02-01,ESCORTS,BUY,106,798.95,127.03305000000002,0.0,REBAL_ENTRY
2020-02-01,MGL,BUY,72,1174.7,126.86760000000001,0.0,REBAL_ENTRY
2020-02-01,MFSL,BUY,168,501.6,126.40320000000001,0.0,REBAL_ENTRY
2020-02-01,INDUSTOWER,BUY,344,245.25,126.549,0.0,REBAL_ENTRY
2020-02-01,FEDERALBNK,BUY,936,91.2,128.0448,0.0,REBAL_ENTRY
2020-02-03,LTF,SELL,785,101.5,119.51625,-8924.316249999987,STOP
2020-02-03,SAMMAANCAP,SELL,313,248.05,116.45947500000001,-10294.20947500001,STOP
2020-02-03,MFSL,SELL,168,442.0,111.384,-10124.184000000003,STOP
2020-02-04,LICHSGFIN,SELL,199,386.4,115.34039999999999,-8300.140400000002,STOP
2020-02-12,IDEA,SELL,16142,4.85,117.43305,-8188.43305,STOP
2020-02-19,INDUSTOWER,SELL,344,215.0,110.94,-10516.94,STOP
2020-02-19,FEDERALBNK,SELL,936,82.9,116.39160000000001,-7885.191599999997,STOP
2020-02-27,MGL,SELL,72,1082.0,116.85600000000001,-6791.256000000003,STOP
2020-03-02,SAIL,SELL,1839,36.65,101.09902499999998,-5342.249025000003,STOP
2020-03-02,ASHOKLEY,SELL,2222,33.3,110.98889999999999,-7908.388900000013,STOP
2020-03-02,COFORGE,SELL,220,339.5,112.035,-10342.035,STOP
2020-03-02,BERGEPAINT,SELL,183,479.15,131.526675,12577.823325,REBAL_EXIT
2020-03-02,NAUKRI,SELL,150,529.5,119.1375,988.3475299401191,REBAL_EXIT
2020-03-02,SRF,SELL,11,800.0,13.200000000000001,4214.388905257586,REBAL_TRIM
2020-03-02,JUBLFOOD,BUY,2,357.4,1.0722,0.0,REBAL_ENTRY
2020-03-02,BIOCON,SELL,11,290.1,4.786650000000001,70.32438448275907,REBAL_TRIM
2020-03-02,IGL,BUY,25,227.0,8.5125,0.0,REBAL_ENTRY
2020-03-02,IRCTC,SELL,124,362.0,67.33200000000001,14043.868,REBAL_TRIM
2020-03-02,ESCORTS,SELL,4,820.0,4.92,79.27999999999982,REBAL_TRIM
2020-03-02,BALKRISIND,BUY,73,1100.4,120.49380000000002,0.0,REBAL_ENTRY
2020-03-02,COFORGE,BUY,17,339.5,8.65725,0.0,REBAL_ENTRY
2020-03-02,AUROPHARMA,BUY,158,512.5,121.4625,0.0,REBAL_ENTRY
2020-03-02,MFSL,BUY,138,589.0,121.923,0.0,REBAL_ENTRY
2020-03-02,ABREL,BUY,158,519.0,123.003,0.0,REBAL_ENTRY
2020-03-02,DABUR,BUY,161,503.8,121.66770000000001,0.0,REBAL_ENTRY
2020-03-02,MANAPPURAM,BUY,492,165.4,122.0652,0.0,REBAL_ENTRY
2020-03-02,FEDERALBNK,BUY,933,87.95,123.086025,0.0,REBAL_ENTRY
2020-03-02,MGL,BUY,79,1020.0,120.87,0.0,REBAL_ENTRY
2020-03-02,SAMMAANCAP,BUY,321,274.35,132.099525,0.0,REBAL_ENTRY
2020-03-02,VOLTAS,BUY,118,685.4,121.3158,0.0,REBAL_ENTRY
2020-03-02,BATAINDIA,BUY,48,1670.0,120.24000000000001,0.0,REBAL_ENTRY
2020-03-02,ICICIPRULI,BUY,170,476.0,121.38,0.0,REBAL_ENTRY
2020-03-05,SAMMAANCAP,SELL,321,257.5,123.98625,-5532.836250000008,STOP
2020-03-06,ICICIPRULI,SELL,170,420.0,107.10000000000001,-9627.1,STOP
2020-03-09,MFSL,SELL,138,480.0,99.36,-15141.36,STOP
2020-03-09,MANAPPURAM,SELL,492,148.9,109.88820000000001,-8227.8882,STOP
2020-03-09,FEDERALBNK,SELL,933,77.5,108.46125,-9858.311250000002,STOP
2020-03-11,AUROPHARMA,SELL,158,459.5,108.9015,-8482.9015,STOP
2020-03-11,BATAINDIA,SELL,48,1515.0,109.08,-7549.08,STOP
2020-03-13,IGL,SELL,362,174.8,94.91640000000001,-14761.966399999985,STOP
2020-03-13,ESCORTS,SELL,102,616.0,94.248,-18755.148000000005,STOP
2020-03-13,BALKRISIND,SELL,73,890.0,97.455,-15456.655000000006,STOP
2020-03-13,COFORGE,SELL,17,259.0,6.6045,-1375.1045,STOP
2020-03-13,ABREL,SELL,158,377.0,89.349,-22525.349,STOP
2020-03-13,DABUR,SELL,161,425.0,102.6375,-12789.437500000002,STOP
2020-03-13,MGL,SELL,79,840.0,99.54,-14319.54,STOP
2020-03-13,VOLTAS,SELL,118,564.0,99.828,-14425.027999999997,STOP
2020-03-18,TATAELXSI,SELL,90,754.0,101.79,-6752.789999999998,STOP
2020-03-18,IRCTC,SELL,229,215.3,73.95555,-7608.055549999995,STOP
2020-03-19,BIOCON,SELL,279,240.3,100.56555,-12089.67658448275,STOP
2020-04-01,SRF,BUY,18,560.15,15.124049999999999,0.0,REBAL_ENTRY
2020-04-01,JUBLFOOD,SELL,1,290.0,0.435,49.64718339967561,REBAL_TRIM
2020-04-01,IRCTC,BUY,340,206.35,105.2385,0.0,REBAL_ENTRY
2020-04-01,ESCORTS,BUY,101,637.0,96.5055,0.0,REBAL_ENTRY
2020-04-01,DABUR,BUY,148,450.9,100.0998,0.0,REBAL_ENTRY
2020-04-01,IGL,BUY,345,197.5,102.20625,0.0,REBAL_ENTRY
2020-04-01,BIOCON,BUY,247,277.95,102.980475,0.0,REBAL_ENTRY
2020-04-01,AUROPHARMA,BUY,162,415.0,100.845,0.0,REBAL_ENTRY
2020-04-01,BALKRISIND,BUY,84,785.0,98.91,0.0,REBAL_ENTRY
2020-04-01,MGL,BUY,81,819.95,99.623925,0.0,REBAL_ENTRY
2020-04-01,LUPIN,BUY,113,589.85,99.97957500000001,0.0,REBAL_ENTRY
2020-04-01,ICICIPRULI,BUY,188,351.0,98.982,0.0,REBAL_ENTRY
2020-04-01,HINDPETRO,BUY,650,103.05,100.47375,0.0,REBAL_ENTRY
2020-04-01,HAVELLS,BUY,139,480.0,100.08,0.0,REBAL_ENTRY
2020-04-01,VOLTAS,BUY,140,472.55,99.2355,0.0,REBAL_ENTRY
2020-04-01,BATAINDIA,BUY,54,1238.75,100.33875,0.0,REBAL_ENTRY
2020-04-01,COFORGE,BUY,291,227.0,99.0855,0.0,REBAL_ENTRY
2020-04-01,MFSL,BUY,174,380.0,99.18,0.0,REBAL_ENTRY
2020-04-01,ACC,BUY,69,964.8,99.85679999999999,0.0,REBAL_ENTRY
2020-04-01,SUNTV,BUY,234,283.1,99.36810000000001,0.0,REBAL_ENTRY
2020-04-07,COFORGE,SELL,291,214.0,93.411,-3876.411,STOP
2020-04-07,MFSL,SELL,174,335.0,87.435,-7917.435,STOP
2020-05-04,MGL,SELL,81,932.1,113.25015,8970.899849999998,REBAL_EXIT
2020-05-04,SRF,SELL,13,730.0,14.235,3790.2777184633032,REBAL_TRIM
2020-05-04,JUBLFOOD,BUY,20,310.0,9.3,0.0,REBAL_ENTRY
2020-05-04,IRCTC,SELL,40,254.0,15.24,1890.7600000000002,REBAL_TRIM
2020-05-04,ESCORTS,BUY,10,690.0,10.35,0.0,REBAL_ENTRY
2020-05-04,DABUR,BUY,14,480.0,10.08,0.0,REBAL_ENTRY
2020-05-04,IGL,SELL,11,231.5,3.81975,370.18025,REBAL_TRIM
2020-05-04,BIOCON,SELL,22,352.0,11.616,1617.4840000000004,REBAL_TRIM
2020-05-04,AUROPHARMA,SELL,35,611.0,32.0775,6827.9225,REBAL_TRIM
2020-05-04,BALKRISIND,BUY,1,900.0,1.35,0.0,REBAL_ENTRY
2020-05-04,LUPIN,SELL,18,826.0,22.302,4228.398,REBAL_TRIM
2020-05-04,ICICIPRULI,BUY,5,391.25,2.934375,0.0,REBAL_ENTRY
2020-05-04,HINDPETRO,SELL,1,116.6,0.1749,13.375099999999998,REBAL_TRIM
2020-05-04,HAVELLS,BUY,2,547.0,1.641,0.0,REBAL_ENTRY
2020-05-04,VOLTAS,BUY,17,496.0,12.648,0.0,REBAL_ENTRY
2020-05-04,BATAINDIA,BUY,4,1318.0,7.908,0.0,REBAL_ENTRY
2020-05-04,ACC,SELL,2,1130.0,3.39,327.0100000000001,REBAL_TRIM
2020-05-04,SUNTV,SELL,27,377.8,15.3009,2541.5990999999995,REBAL_TRIM
2020-05-04,IPCALAB,BUY,98,790.0,116.13,0.0,REBAL_ENTRY
2020-05-04,GLENMARK,BUY,236,337.5,119.47500000000001,0.0,REBAL_ENTRY
2020-05-04,COLPAL,BUY,54,1435.0,116.235,0.0,REBAL_ENTRY
2020-05-08,COLPAL,SELL,54,1310.25,106.13025,-6842.63025,STOP
2020-05-19,HINDPETRO,SELL,649,94.25,91.752375,-5802.952374999998,STOP
2020-05-20,VOLTAS,SELL,157,437.5,103.03125,-6004.531249999999,STOP
2020-06-01,IRCTC,SELL,300,290.0,130.5,24964.5,REBAL_EXIT
2020-06-01,BALKRISIND,SELL,85,1088.55,138.790125,25547.959874999993,REBAL_EXIT
2020-06-01,SUNTV,SELL,207,385.05,119.55802500000001,20984.091975,REBAL_EXIT
2020-06-01,IPCALAB,SELL,98,748.0,109.956,-4225.956,REBAL_EXIT
2020-06-01,SRF,BUY,7,704.0,7.392,0.0,REBAL_ENTRY
2020-06-01,JUBLFOOD,SELL,7,333.0,3.4965,608.3560887533789,REBAL_TRIM
2020-06-01,ESCORTS,SELL,23,912.0,31.464000000000002,6183.71618018018,REBAL_TRIM
2020-06-01,DABUR,BUY,8,470.0,5.64,0.0,REBAL_ENTRY
2020-06-01,IGL,BUY,3,233.5,1.05075,0.0,REBAL_ENTRY
2020-06-01,BIOCON,SELL,1,360.0,0.54,81.51,REBAL_TRIM
2020-06-01,AUROPHARMA,SELL,21,744.0,23.436,6885.564,REBAL_TRIM
2020-06-01,LUPIN,SELL,4,875.0,5.25,1135.35,REBAL_TRIM
2020-06-01,ICICIPRULI,BUY,9,396.0,5.346,0.0,REBAL_ENTRY
2020-06-01,HAVELLS,BUY,19,505.0,14.3925,0.0,REBAL_ENTRY
2020-06-01,BATAINDIA,BUY,2,1339.9,4.0197,0.0,REBAL_ENTRY
2020-06-01,ACC,SELL,5,1283.0,9.6225,1581.3775000000003,REBAL_TRIM
2020-06-01,GLENMARK,SELL,12,358.0,6.444,239.556,REBAL_TRIM
2020-06-01,IDEA,BUY,12167,6.45,117.71572500000002,0.0,REBAL_ENTRY
2020-06-01,MARICO,BUY,231,345.5,119.71575,0.0,REBAL_ENTRY
2020-06-01,HEROMOTOCO,BUY,36,2205.4,119.09160000000001,0.0,REBAL_ENTRY
2020-06-01,INDUSTOWER,BUY,346,231.0,119.889,0.0,REBAL_ENTRY
2020-06-01,COLPAL,BUY,57,1384.0,118.33200000000001,0.0,REBAL_ENTRY
2020-06-01,NAUKRI,BUY,148,541.0,120.102,0.0,REBAL_ENTRY
2020-06-01,HINDPETRO,BUY,752,107.05,120.7524,0.0,REBAL_ENTRY
2020-06-12,INDUSTOWER,SELL,346,206.75,107.30325,-8497.80325,STOP
2020-07-01,SRF,SELL,114,721.4,123.3594,30392.306821197955,REBAL_EXIT
2020-07-01,JUBLFOOD,SELL,240,346.0,124.56,23973.243042972987,REBAL_EXIT
2020-07-01,DABUR,SELL,170,470.9,120.0795,2719.7204999999976,REBAL_EXIT
2020-07-01,IGL,SELL,337,221.75,112.09462500000001,7952.155374999996,REBAL_EXIT
2020-07-01,HAVELLS,SELL,160,582.45,139.788,15643.21200000001,REBAL_EXIT
2020-07-01,BATAINDIA,SELL,60,1312.0,118.08,3757.6200000000017,REBAL_EXIT
2020-07-01,COLPAL,SELL,57,1398.0,119.529,678.471,REBAL_EXIT
2020-07-01,ESCORTS,SELL,5,1053.0,7.8975,2048.228626126126,REBAL_TRIM
2020-07-01,BIOCON,SELL,3,390.4,1.7567999999999997,335.59319999999997,REBAL_TRIM
2020-07-01,AUROPHARMA,BUY,6,773.0,6.957,0.0,REBAL_ENTRY
2020-07-01,LUPIN,BUY,3,910.05,4.095224999999999,0.0,REBAL_ENTRY
2020-07-01,ICICIPRULI,BUY,1,426.0,0.639,0.0,REBAL_ENTRY
2020-07-01,ACC,BUY,2,1339.95,4.01985,0.0,REBAL_ENTRY
2020-07-01,GLENMARK,SELL,32,445.0,21.36,3418.64,REBAL_TRIM
2020-07-01,IDEA,SELL,4006,10.4,62.4936,15761.206400000001,REBAL_TRIM
2020-07-01,MARICO,BUY,14,355.0,7.455,0.0,REBAL_ENTRY
2020-07-01,NAUKRI,BUY,8,551.0,6.612,0.0,REBAL_ENTRY
2020-07-01,HINDPETRO,SELL,34,121.25,6.18375,476.6162500000001,REBAL_TRIM
2020-07-01,SAMMAANCAP,BUY,468,186.3,130.7826,0.0,REBAL_ENTRY
2020-07-01,BHEL,BUY,2423,36.3,131.93234999999999,0.0,REBAL_ENTRY
2020-07-01,MANAPPURAM,BUY,571,152.55,130.659075,0.0,REBAL_ENTRY
2020-07-01,SUNTV,BUY,214,406.0,130.326,0.0,REBAL_ENTRY
2020-07-01,BANDHANBNK,BUY,270,321.25,130.10625,0.0,REBAL_ENTRY
2020-07-01,IRCTC,BUY,318,272.75,130.10175,0.0,REBAL_ENTRY
2020-07-01,JUSTDIAL,BUY,215,402.55,129.822375,0.0,REBAL_ENTRY
2020-07-01,INDUSTOWER,BUY,384,223.0,128.448,0.0,REBAL_ENTRY
2020-07-16,INDUSTOWER,SELL,384,204.8,117.96480000000003,-7106.764799999995,STOP
2020-07-23,JUSTDIAL,SELL,215,371.0,119.64750000000001,-6902.897500000003,STOP
2020-08-03,SAMMAANCAP,SELL,468,167.6,117.65520000000001,-8869.255200000007,STOP
2020-08-03,LUPIN,SELL,94,915.0,129.01500000000001,29474.485,REBAL_EXIT
2020-08-03,ICICIPRULI,SELL,203,450.0,137.025,19278.725,REBAL_EXIT
2020-08-03,MARICO,SELL,245,363.4,133.5495,4118.950499999994,REBAL_EXIT
2020-08-03,HINDPETRO,SELL,718,119.2,128.3784,8595.321600000005,REBAL_EXIT
2020-08-03,SUNTV,SELL,214,386.0,123.906,-4403.906,REBAL_EXIT
2020-08-03,IRCTC,SELL,318,267.4,127.5498,-1828.8498000000072,REBAL_EXIT
2020-08-03,ESCORTS,SELL,6,1122.0,10.098,2871.2533513513517,REBAL_TRIM
2020-08-03,BIOCON,SELL,8,411.8,4.9416,1065.8584,REBAL_TRIM
2020-08-03,AUROPHARMA,SELL,13,874.7,17.05665,5709.7219214285715,REBAL_TRIM
2020-08-03,ACC,SELL,3,1423.4,6.405300000000001,1334.2243875000004,REBAL_TRIM
2020-08-03,GLENMARK,BUY,1,455.4,0.6830999999999999,0.0,REBAL_ENTRY
2020-08-03,IDEA,BUY,2249,8.4,28.337400000000002,0.0,REBAL_ENTRY
2020-08-03,HEROMOTOCO,SELL,2,2536.35,7.60905,654.2909499999996,REBAL_TRIM
2020-08-03,NAUKRI,SELL,20,642.0,19.26,1990.483589743589,REBAL_TRIM
2020-08-03,BHEL,BUY,9,36.15,0.488025,0.0,REBAL_ENTRY
2020-08-03,MANAPPURAM,SELL,20,161.0,4.83,164.16999999999976,REBAL_TRIM
2020-08-03,BANDHANBNK,SELL,17,320.85,8.181675000000002,-14.981674999999615,REBAL_TRIM
2020-08-03,SAMMAANCAP,BUY,48,167.6,12.0672,0.0,REBAL_ENTRY
2020-08-03,COFORGE,BUY,227,384.5,130.92225,0.0,REBAL_ENTRY
2020-08-03,BHARATFORG,BUY,228,380.2,130.02839999999998,0.0,REBAL_ENTRY
2020-08-03,VOLTAS,BUY,146,596.0,130.524,0.0,REBAL_ENTRY
2020-08-03,RBLBANK,BUY,515,169.5,130.93875,0.0,REBAL_ENTRY
2020-08-03,UPL,BUY,190,464.25,132.31125,0.0,REBAL_ENTRY
2020-08-03,IDFCFIRSTB,BUY,3287,26.6,131.15130000000002,0.0,REBAL_ENTRY
2020-08-03,M&MFIN,BUY,742,117.9,131.2227,0.0,REBAL_ENTRY
2020-08-03,SBICARD,BUY,120,726.85,130.833,0.0,REBAL_ENTRY
2020-08-14,BANDHANBNK,SELL,253,293.5,111.38325,-7132.13325,STOP
2020-09-01,BIOCON,SELL,213,382.45,122.19277499999998,22136.307225,REBAL_EXIT
2020-09-01,AUROPHARMA,SELL,99,809.0,120.1365,36987.18492857143,REBAL_EXIT
2020-09-01,ACC,SELL,61,1323.05,121.059075,21017.061237499995,REBAL_EXIT
2020-09-01,IDEA,SELL,10410,10.8,168.64200000000002,40729.308000000005,REBAL_EXIT
2020-09-01,MANAPPURAM,SELL,551,149.6,123.64439999999999,-1749.0944000000093,REBAL_EXIT
2020-09-01,ESCORTS,BUY,6,1120.05,10.080449999999999,0.0,REBAL_ENTRY
2020-09-01,GLENMARK,BUY,1,469.0,0.7035,0.0,REBAL_ENTRY
2020-09-01,HEROMOTOCO,SELL,2,2858.35,8.57505,1297.3249499999997,REBAL_TRIM
2020-09-01,NAUKRI,BUY,3,659.0,2.9655,0.0,REBAL_ENTRY
2020-09-01,BHEL,SELL,68,39.0,3.978,179.65974671052643,REBAL_TRIM
2020-09-01,SAMMAANCAP,BUY,443,188.05,124.95922500000002,0.0,REBAL_ENTRY
2020-09-01,COFORGE,BUY,9,386.5,5.21775,0.0,REBAL_ENTRY
2020-09-01,BHARATFORG,SELL,43,492.0,31.734,4775.666,REBAL_TRIM
2020-09-01,VOLTAS,SELL,3,642.35,2.890575,136.15942500000006,REBAL_TRIM
2020-09-01,RBLBANK,SELL,50,196.0,14.700000000000001,1310.3,REBAL_TRIM
2020-09-01,UPL,SELL,3,484.4,2.1797999999999997,58.27019999999993,REBAL_TRIM
2020-09-01,IDFCFIRSTB,SELL,439,32.25,21.236625,2459.1133749999995,REBAL_TRIM
2020-09-01,M&MFIN,BUY,5,122.95,0.922125,0.0,REBAL_ENTRY
2020-09-01,SBICARD,SELL,8,804.1,9.6492,608.3508,REBAL_TRIM
2020-09-01,LAURUSLABS,BUY,402,225.0,135.675,0.0,REBAL_ENTRY
2020-09-01,GRANULES,BUY,290,316.8,137.808,0.0,REBAL_ENTRY
2020-09-01,INDUSINDBK,BUY,144,638.1,137.82960000000003,0.0,REBAL_ENTRY
2020-09-01,ASHOKLEY,BUY,2907,31.5,137.35575,0.0,REBAL_ENTRY
2020-09-01,JUBLFOOD,BUY,217,420.0,136.71,0.0,REBAL_ENTRY
2020-09-01,SAIL,BUY,2367,38.9,138.11445,0.0,REBAL_ENTRY
2020-09-15,SAMMAANCAP,SELL,491,170.2,125.3523,-7908.102300000017,STOP
2020-09-22,INDUSINDBK,SELL,144,564.0,121.824,-10792.224000000004,STOP
2020-09-22,SAIL,SELL,2367,35.4,125.6877,-8410.1877,STOP
2020-09-23,BHEL,SELL,2364,33.1,117.37260000000002,-7680.860346710519,STOP
2020-09-23,M&MFIN,SELL,747,107.0,119.8935,-8287.443500000001,STOP
2020-10-01,RBLBANK,SELL,465,171.9,119.90025,996.0997500000027,REBAL_EXIT
2020-10-01,ESCORTS,SELL,12,1310.0,23.580000000000002,7580.2333507000985,REBAL_TRIM
2020-10-01,HEROMOTOCO,SELL,1,2990.0,4.485,780.1149999999999,REBAL_TRIM
2020-10-01,NAUKRI,SELL,10,732.0,10.98,1868.5348496587342,REBAL_TRIM
2020-10-01,COFORGE,SELL,34,467.5,23.8425,2795.5642796610164,REBAL_TRIM
2020-10-01,BHARATFORG,BUY,25,448.0,16.8,0.0,REBAL_ENTRY
2020-10-01,VOLTAS,SELL,5,688.0,5.16,454.84,REBAL_TRIM
2020-10-01,UPL,BUY,7,487.3,5.11665,0.0,REBAL_ENTRY
2020-10-01,IDFCFIRSTB,BUY,292,30.05,13.161900000000001,0.0,REBAL_ENTRY
2020-10-01,SBICARD,SELL,2,858.0,2.574,259.72599999999994,REBAL_TRIM
2020-10-01,LAURUSLABS,SELL,75,292.0,32.85,4992.15,REBAL_TRIM
2020-10-01,GRANULES,SELL,45,389.2,26.271,3231.728999999999,REBAL_TRIM
2020-10-01,ASHOKLEY,SELL,197,35.2,10.4016,718.4984000000005,REBAL_TRIM
2020-10-01,JUBLFOOD,SELL,17,475.0,12.1125,922.8875,REBAL_TRIM
2020-10-01,DEEPAKNTR,BUY,114,829.0,141.75900000000001,0.0,REBAL_ENTRY
2020-10-01,ZEEL,BUY,459,206.66,142.28541,0.0,REBAL_ENTRY
2020-10-01,PVRINOX,BUY,77,1334.5,154.13475,0.0,REBAL_ENTRY
2020-10-01,HAVELLS,BUY,138,681.2,141.00840000000002,0.0,REBAL_ENTRY
2020-10-01,LUPIN,BUY,93,1031.0,143.8245,0.0,REBAL_ENTRY
2020-10-01,BIOCON,BUY,196,450.55,132.4617,0.0,REBAL_ENTRY
2020-10-09,DEEPAKNTR,SELL,114,762.5,130.3875,-7711.3875,STOP
2020-10-13,ZEEL,SELL,459,186.58,128.46033,-9345.180329999992,STOP
2020-10-16,PVRINOX,SELL,77,1204.45,139.113975,-10152.963974999997,STOP
2020-10-27,UPL,SELL,194,417.25,121.41975000000001,-9400.769750000009,STOP
2020-10-27,BIOCON,SELL,196,401.25,117.9675,-9780.767500000004,STOP
2020-10-29,LUPIN,SELL,93,937.5,130.78125,-8826.28125,STOP
2020-11-02,GLENMARK,SELL,194,474.0,137.934,26093.665999999994,REBAL_EXIT
2020-11-02,HAVELLS,SELL,138,730.0,151.11,6583.2899999999945,REBAL_EXIT
2020-11-02,ESCORTS,BUY,4,1207.0,7.242,0.0,REBAL_ENTRY
2020-11-02,HEROMOTOCO,BUY,3,2719.75,12.238875,0.0,REBAL_ENTRY
2020-11-02,NAUKRI,SELL,2,713.0,2.1390000000000002,335.76396993174683,REBAL_TRIM
2020-11-02,COFORGE,BUY,3,441.0,1.9845,0.0,REBAL_ENTRY
2020-11-02,BHARATFORG,SELL,10,454.0,6.8100000000000005,650.4757142857146,REBAL_TRIM
2020-11-02,VOLTAS,SELL,10,707.5,10.6125,1104.3875,REBAL_TRIM
2020-11-02,IDFCFIRSTB,SELL,177,31.1,8.25705,731.4563894904454,REBAL_TRIM
2020-11-02,SBICARD,BUY,3,799.0,3.5955,0.0,REBAL_ENTRY
2020-11-02,LAURUSLABS,SELL,44,319.5,21.087,4136.913,REBAL_TRIM
2020-11-02,GRANULES,SELL,9,374.15,5.051025,511.09897499999965,REBAL_TRIM
2020-11-02,ASHOKLEY,SELL,260,37.4,14.586,1519.4139999999995,REBAL_TRIM
2020-11-02,JUBLFOOD,BUY,8,434.1,5.2092,0.0,REBAL_ENTRY
2020-11-02,JUSTDIAL,BUY,139,636.0,132.606,0.0,REBAL_ENTRY
2020-11-02,ZEEL,BUY,492,182.86,134.95068,0.0,REBAL_ENTRY
2020-11-02,AARTIDRUGS,BUY,133,678.4,135.3408,0.0,REBAL_ENTRY
2020-11-02,INDUSINDBK,BUY,154,590.0,136.29,0.0,REBAL_ENTRY
2020-11-02,ACC,BUY,54,1649.0,133.56900000000002,0.0,REBAL_ENTRY
2020-11-02,DEEPAKNTR,BUY,122,734.0,134.322,0.0,REBAL_ENTRY
2020-11-02,SRF,BUY,102,883.35,135.15255,0.0,REBAL_ENTRY
2020-11-02,LICHSGFIN,BUY,330,275.55,136.39725,0.0,REBAL_ENTRY
2020-11-12,JUSTDIAL,SELL,139,576.8,120.2628,-8349.062800000007,STOP
2020-12-01,BHARATFORG,SELL,200,513.5,154.05,24891.66428571429,REBAL_EXIT
2020-12-01,IDFCFIRSTB,SELL,2963,37.1,164.89095,29995.995610509548,REBAL_EXIT
2020-12-01,SBICARD,SELL,113,800.05,135.608475,7919.541525000001,REBAL_EXIT
2020-12-01,ZEEL,SELL,492,190.99,140.95062000000001,3859.0093799999977,REBAL_EXIT
2020-12-01,AARTIDRUGS,SELL,133,715.0,142.6425,4725.157500000003,REBAL_EXIT
2020-12-01,DEEPAKNTR,SELL,122,872.7,159.7041,16761.695900000006,REBAL_EXIT
2020-12-01,ESCORTS,SELL,3,1412.0,6.354,2115.6951596656904,REBAL_TRIM
2020-12-01,NAUKRI,SELL,10,876.0,13.14,3306.3748496587345,REBAL_TRIM
2020-12-01,COFORGE,BUY,6,481.0,4.329,0.0,REBAL_ENTRY
2020-12-01,VOLTAS,SELL,3,812.15,3.6546749999999997,644.7953249999999,REBAL_TRIM
2020-12-01,LAURUSLABS,BUY,37,320.05,17.762775,0.0,REBAL_ENTRY
2020-12-01,GRANULES,BUY,10,426.0,6.390000000000001,0.0,REBAL_ENTRY
2020-12-01,ASHOKLEY,SELL,120,44.1,7.938,1504.0620000000001,REBAL_TRIM
2020-12-01,JUBLFOOD,SELL,5,510.0,3.825,443.4634615384615,REBAL_TRIM
2020-12-01,INDUSINDBK,SELL,36,863.0,46.602000000000004,9781.398,REBAL_TRIM
2020-12-01,ACC,BUY,5,1738.0,13.035,0.0,REBAL_ENTRY
2020-12-01,SRF,SELL,4,1035.9,6.215400000000001,603.9846000000002,REBAL_TRIM
2020-12-01,LICHSGFIN,SELL,13,317.25,6.186375,535.9136249999999,REBAL_TRIM
2020-12-01,JUSTDIAL,BUY,167,608.9,152.52945,0.0,REBAL_ENTRY
2020-12-01,MRF,BUY,1,79400.0,119.10000000000001,0.0,REBAL_ENTRY
2020-12-01,BALKRISIND,BUY,61,1720.0,157.38,0.0,REBAL_ENTRY
2020-12-01,HAVELLS,BUY,126,798.1,150.8409,0.0,REBAL_ENTRY
2020-12-01,M&MFIN,BUY,649,157.6,153.4236,0.0,REBAL_ENTRY
2020-12-01,GODREJPROP,BUY,87,1183.95,154.50547500000002,0.0,REBAL_ENTRY
2020-12-01,IGL,BUY,409,250.5,153.68175,0.0,REBAL_ENTRY
2020-12-22,BALKRISIND,SELL,61,1545.0,141.3675,-10816.3675,STOP
2021-01-01,ESCORTS,SELL,72,1289.6,139.2768,41977.10303197656,REBAL_EXIT
2021-01-01,HEROMOTOCO,SELL,34,2941.2,150.00119999999998,23324.148799999984,REBAL_EXIT
2021-01-01,COFORGE,SELL,211,540.5,171.06825,31981.024970338975,REBAL_EXIT
2021-01-01,GRANULES,SELL,246,354.7,130.8843,8100.5156999999945,REBAL_EXIT
2021-01-01,ACC,SELL,59,1617.2,143.12220000000002,-2464.3221999999987,REBAL_EXIT
2021-01-01,SRF,SELL,98,1110.0,163.17000000000002,22048.53,REBAL_EXIT
2021-01-01,NAUKRI,SELL,7,956.0,10.038,2873.622394761114,REBAL_TRIM
2021-01-01,VOLTAS,BUY,2,827.0,2.481,0.0,REBAL_ENTRY
2021-01-01,LAURUSLABS,SELL,22,354.8,11.708400000000001,2602.1081625,REBAL_TRIM
2021-01-01,ASHOKLEY,SELL,1,45.4,0.0681,13.8319,REBAL_TRIM
2021-01-01,JUBLFOOD,SELL,15,560.6,12.6135,2088.251884615385,REBAL_TRIM
2021-01-01,INDUSINDBK,SELL,1,895.0,1.3425,303.6575,REBAL_TRIM
2021-01-01,LICHSGFIN,SELL,19,354.5,10.103250000000001,1489.9467499999998,REBAL_TRIM
2021-01-01,JUSTDIAL,SELL,1,635.4,0.9531,25.5469,REBAL_TRIM
2021-01-01,HAVELLS,SELL,11,919.8,15.176699999999999,1323.5232999999994,REBAL_TRIM
2021-01-01,M&MFIN,BUY,9,161.1,2.1748499999999997,0.0,REBAL_ENTRY
2021-01-01,GODREJPROP,SELL,14,1432.0,30.072,3442.6279999999992,REBAL_TRIM
2021-01-01,IGL,BUY,10,251.5,3.7725,0.0,REBAL_ENTRY
2021-01-01,SAIL,BUY,1422,73.95,157.73535,0.0,REBAL_ENTRY
2021-01-01,TATACHEM,BUY,220,477.9,157.707,0.0,REBAL_ENTRY
2021-01-01,SAMMAANCAP,BUY,536,197.0,158.388,0.0,REBAL_ENTRY
2021-01-01,YESBANK,BUY,5905,17.85,158.106375,0.0,REBAL_ENTRY
2021-01-01,APOLLOTYRE,BUY,592,178.45,158.46359999999999,0.0,REBAL_ENTRY
2021-01-01,BANDHANBNK,BUY,262,402.0,157.986,0.0,REBAL_ENTRY
2021-01-01,HINDPETRO,BUY,870,121.95,159.14475000000002,0.0,REBAL_ENTRY
2021-01-15,SAIL,SELL,1422,68.05,145.15064999999998,-8534.950650000008,STOP
2021-01-18,BANDHANBNK,SELL,262,367.6,144.4668,-9157.266799999994,STOP
2021-01-27,SAMMAANCAP,SELL,536,181.15,145.64460000000003,-8641.244599999996,STOP
2021-01-27,YESBANK,SELL,5905,16.2,143.4915,-9886.741500000013,STOP
2021-02-01,M&MFIN,SELL,658,142.1,140.2527,-10370.752699999997,STOP
2021-02-01,LAURUSLABS,SELL,298,345.25,154.32675,32405.106687499996,REBAL_EXIT
2021-02-01,JUBLFOOD,SELL,188,526.0,148.332,19677.714153846155,REBAL_EXIT
2021-02-01,JUSTDIAL,SELL,166,592.0,147.40800000000002,-2952.807999999996,REBAL_EXIT
2021-02-01,HINDPETRO,SELL,870,123.05,160.58025,796.419749999995,REBAL_EXIT
2021-02-01,NAUKRI,BUY,9,880.0,11.88,0.0,REBAL_ENTRY
2021-02-01,VOLTAS,SELL,12,906.05,16.308899999999998,3660.637556692913,REBAL_TRIM
2021-02-01,ASHOKLEY,SELL,352,53.5,28.248,7715.752,REBAL_TRIM
2021-02-01,INDUSINDBK,BUY,6,859.0,7.731,0.0,REBAL_ENTRY
2021-02-01,LICHSGFIN,SELL,28,393.1,16.5102,3274.8898000000004,REBAL_TRIM
2021-02-01,HAVELLS,SELL,15,1050.0,23.625,3754.8749999999995,REBAL_TRIM
2021-02-01,GODREJPROP,BUY,10,1270.0,19.05,0.0,REBAL_ENTRY
2021-02-01,IGL,SELL,14,257.9,5.4159,97.8499711217182,REBAL_TRIM
2021-02-01,APOLLOTYRE,SELL,61,198.25,18.139875,1189.6601250000006,REBAL_TRIM
2021-02-01,TATAELXSI,BUY,38,2711.75,154.56975,0.0,REBAL_ENTRY
2021-02-01,SAIL,BUY,1814,58.55,159.31455,0.0,REBAL_ENTRY
2021-02-01,IDFCFIRSTB,BUY,2215,45.8,152.1705,0.0,REBAL_ENTRY
2021-02-01,LTF,BUY,1216,86.95,158.5968,0.0,REBAL_ENTRY
2021-02-01,FEDERALBNK,BUY,1446,73.35,159.09615,0.0,REBAL_ENTRY
2021-02-01,UPL,BUY,194,526.55,153.22605,0.0,REBAL_ENTRY
2021-02-01,SAMMAANCAP,BUY,614,171.8,158.22780000000003,0.0,REBAL_ENTRY
2021-02-01,IDEA,BUY,9338,11.1,155.4777,0.0,REBAL_ENTRY
2021-02-01,BHEL,BUY,2901,36.5,158.82975,0.0,REBAL_ENTRY
2021-03-01,MRF,SELL,1,85200.0,127.8,5672.2,REBAL_EXIT
2021-03-01,IGL,SELL,405,247.0,150.0525,-1577.2183711217147,REBAL_EXIT
2021-03-01,NAUKRI,BUY,4,984.0,5.904,0.0,REBAL_ENTRY
2021-03-01,VOLTAS,BUY,4,1023.2,6.139200000000001,0.0,REBAL_ENTRY
2021-03-01,ASHOKLEY,SELL,16,62.9,1.5096,500.8904,REBAL_TRIM
2021-03-01,INDUSINDBK,SELL,9,1075.0,14.512500000000001,4232.3899390243905,REBAL_TRIM
2021-03-01,LICHSGFIN,BUY,18,426.5,11.5155,0.0,REBAL_ENTRY
2021-03-01,HAVELLS,BUY,9,1124.0,15.174,0.0,REBAL_ENTRY
2021-03-01,GODREJPROP,SELL,5,1551.8,11.6385,1775.7741506024095,REBAL_TRIM
2021-03-01,TATACHEM,SELL,56,750.0,63.0,15174.600000000002,REBAL_TRIM
2021-03-01,APOLLOTYRE,SELL,8,235.0,2.82,449.5800000000001,REBAL_TRIM
2021-03-01,TATAELXSI,BUY,7,2681.8,28.158900000000003,0.0,REBAL_ENTRY
2021-03-01,SAIL,SELL,227,77.5,26.38875,4275.2612500000005,REBAL_TRIM
2021-03-01,IDFCFIRSTB,SELL,300,64.35,28.9575,5536.042499999999,REBAL_TRIM
2021-03-01,LTF,SELL,58,105.1,9.143699999999999,1043.5562999999995,REBAL_TRIM
2021-03-01,FEDERALBNK,BUY,8,84.65,1.0158,0.0,REBAL_ENTRY
2021-03-01,UPL,BUY,31,546.75,25.423875,0.0,REBAL_ENTRY
2021-03-01,SAMMAANCAP,BUY,9,197.9,2.67165,0.0,REBAL_ENTRY
2021-03-01,IDEA,BUY,1415,11.4,24.1965,0.0,REBAL_ENTRY
2021-03-01,BHEL,SELL,349,48.7,25.49445,4232.305550000001,REBAL_TRIM
2021-03-01,CONCOR,BUY,272,450.3,183.72240000000002,0.0,REBAL_ENTRY
2021-03-01,IRCTC,BUY,345,357.6,185.05800000000002,0.0,REBAL_ENTRY
2021-03-10,IDEA,SELL,10753,10.2,164.52089999999998,-10266.720900000002,STOP
2021-04-01,NAUKRI,SELL,123,860.0,158.67000000000002,33919.99334624607,REBAL_EXIT
2021-04-01,GODREJPROP,SELL,78,1380.3,161.4951,14345.142249397588,REBAL_EXIT
2021-04-01,SAMMAANCAP,SELL,623,178.3,166.62135,3647.9786499999855,REBAL_EXIT
2021-04-01,VOLTAS,SELL,3,1012.0,4.554,1189.8204590749688,REBAL_TRIM
2021-04-01,ASHOKLEY,BUY,191,55.15,15.800475,0.0,REBAL_ENTRY
2021-04-01,INDUSINDBK,BUY,8,964.0,11.568,0.0,REBAL_ENTRY
2021-04-01,LICHSGFIN,SELL,10,423.25,6.34875,1376.3075,REBAL_TRIM
2021-04-01,HAVELLS,BUY,2,1062.75,3.18825,0.0,REBAL_ENTRY
2021-04-01,TATACHEM,SELL,9,758.8,10.2438,2517.8561999999997,REBAL_TRIM
2021-04-01,APOLLOTYRE,SELL,1,226.25,0.339375,47.460625000000014,REBAL_TRIM
2021-04-01,TATAELXSI,SELL,2,2707.0,8.121,-8.303222222222663,REBAL_TRIM
2021-04-01,SAIL,SELL,105,79.65,12.544875000000001,2202.955125000001,REBAL_TRIM
2021-04-01,IDFCFIRSTB,BUY,182,56.2,15.3426,0.0,REBAL_ENTRY
2021-04-01,LTF,BUY,61,96.45,8.825175,0.0,REBAL_ENTRY
2021-04-01,FEDERALBNK,BUY,87,76.45,9.976725000000002,0.0,REBAL_ENTRY
2021-04-01,UPL,SELL,36,614.85,33.2019,3045.4061000000024,REBAL_TRIM
2021-04-01,BHEL,SELL,155,49.0,11.3925,1926.1075,REBAL_TRIM
2021-04-01,CONCOR,SELL,28,484.0,20.328,923.2719999999997,REBAL_TRIM
2021-04-01,IRCTC,SELL,13,352.0,6.864,-79.6640000000003,REBAL_TRIM
2021-04-01,JUSTDIAL,BUY,135,873.0,176.7825,0.0,REBAL_ENTRY
2021-04-01,ACC,BUY,61,1920.0,175.68,0.0,REBAL_ENTRY
2021-04-01,M&MFIN,BUY,638,184.85,176.90145,0.0,REBAL_ENTRY
2021-04-01,BHARATFORG,BUY,194,603.8,175.7058,0.0,REBAL_ENTRY
2021-04-13,IRCTC,SELL,332,316.4,157.56719999999999,-13835.967200000016,STOP
2021-04-13,M&MFIN,SELL,638,157.6,150.8232,-17536.3232,STOP
2021-05-03,ASHOKLEY,SELL,2152,52.4,169.1472,40290.502799999995,REBAL_EXIT
2021-05-03,LICHSGFIN,SELL,278,395.5,164.9235,30558.42025,REBAL_EXIT
2021-05-03,HAVELLS,SELL,111,984.9,163.98585,17108.414150000004,REBAL_EXIT
2021-05-03,TATAELXSI,SELL,43,3475.0,224.13750000000002,32795.944722222215,REBAL_EXIT
2021-05-03,LTF,SELL,1219,86.1,157.43385,-1773.083850000004,REBAL_EXIT
2021-05-03,BHARATFORG,SELL,194,602.55,175.34205,-417.84205,REBAL_EXIT
2021-05-03,VOLTAS,BUY,7,952.1,9.99705,0.0,REBAL_ENTRY
2021-05-03,INDUSINDBK,BUY,4,929.0,5.574,0.0,REBAL_ENTRY
2021-05-03,TATACHEM,SELL,6,792.0,7.128,1877.4720000000002,REBAL_TRIM
2021-05-03,APOLLOTYRE,BUY,24,213.0,7.668,0.0,REBAL_ENTRY
2021-05-03,SAIL,SELL,492,119.2,87.9696,29751.830400000003,REBAL_TRIM
2021-05-03,IDFCFIRSTB,BUY,66,54.2,5.3658,0.0,REBAL_ENTRY
2021-05-03,FEDERALBNK,SELL,64,79.5,7.632000000000001,371.0125165476971,REBAL_TRIM
2021-05-03,UPL,BUY,14,580.8,12.196799999999998,0.0,REBAL_ENTRY
2021-05-03,BHEL,BUY,52,47.85,3.7323000000000004,0.0,REBAL_ENTRY
2021-05-03,CONCOR,BUY,6,472.0,4.248,0.0,REBAL_ENTRY
2021-05-03,JUSTDIAL,SELL,1,877.0,1.3155000000000001,2.6845,REBAL_TRIM
2021-05-03,ACC,BUY,1,1860.0,2.79,0.0,REBAL_ENTRY
2021-05-03,ATGL,BUY,102,1135.0,173.655,0.0,REBAL_ENTRY
2021-05-03,HEG,BUY,256,455.8,175.02720000000002,0.0,REBAL_ENTRY
2021-05-03,GRAPHITE,BUY,161,727.0,175.5705,0.0,REBAL_ENTRY
2021-05-03,HAPPSTMNDS,BUY,163,719.0,175.7955,0.0,REBAL_ENTRY
2021-05-03,DEEPAKNTR,BUY,63,1865.6,176.29919999999998,0.0,REBAL_ENTRY
2021-05-03,IRCTC,BUY,330,352.2,174.339,0.0,REBAL_ENTRY
2021-05-03,NAUKRI,BUY,120,976.0,175.68,0.0,REBAL_ENTRY
2021-05-03,JUBLFOOD,BUY,204,577.8,176.8068,0.0,REBAL_ENTRY
2021-05-11,JUSTDIAL,SELL,134,793.0,159.393,-10879.393,STOP
2021-05-12,NAUKRI,SELL,120,896.0,161.28,-9761.28,STOP
2021-06-01,HEG,SELL,256,423.1,162.4704,-8533.670399999997,STOP
2021-06-01,INDUSINDBK,SELL,126,1016.0,192.024,47640.07356097562,REBAL_EXIT
2021-06-01,TATACHEM,SELL,149,705.0,157.5675,33680.332500000004,REBAL_EXIT
2021-06-01,APOLLOTYRE,SELL,546,222.85,182.51415,23230.685849999998,REBAL_EXIT
2021-06-01,IDFCFIRSTB,SELL,2163,58.55,189.965475,24941.084525,REBAL_EXIT
2021-06-01,VOLTAS,BUY,3,1010.35,4.546575000000001,0.0,REBAL_ENTRY
2021-06-01,SAIL,BUY,13,127.5,2.48625,0.0,REBAL_ENTRY
2021-06-01,FEDERALBNK,SELL,21,87.3,2.74995,285.292781992213,REBAL_TRIM
2021-06-01,UPL,SELL,41,784.65,48.255975,10274.20940431035,REBAL_TRIM
2021-06-01,BHEL,SELL,661,71.65,71.040975,23003.810454154762,REBAL_TRIM
2021-06-01,CONCOR,SELL,18,546.65,14.759549999999999,1710.1660500000003,REBAL_TRIM
2021-06-01,ACC,BUY,1,1990.0,2.985,0.0,REBAL_ENTRY
2021-06-01,ATGL,SELL,8,1360.0,16.32,1783.68,REBAL_TRIM
2021-06-01,GRAPHITE,BUY,9,750.0,10.125,0.0,REBAL_ENTRY
2021-06-01,HAPPSTMNDS,SELL,17,874.0,22.287,2612.713,REBAL_TRIM
2021-06-01,DEEPAKNTR,BUY,8,1785.4,21.4248,0.0,REBAL_ENTRY
2021-06-01,IRCTC,BUY,3,382.35,1.7205750000000004,0.0,REBAL_ENTRY
2021-06-01,LAURUSLABS,BUY,242,525.8,190.8654,0.0,REBAL_ENTRY
2021-06-01,NMDC,BUY,5750,22.2,191.475,0.0,REBAL_ENTRY
2021-06-01,COFORGE,BUY,180,708.0,191.16,0.0,REBAL_ENTRY
2021-06-01,JUSTDIAL,BUY,134,944.4,189.8244,0.0,REBAL_ENTRY
2021-06-01,GLENMARK,BUY,214,594.15,190.72215,0.0,REBAL_ENTRY
2021-06-01,NATIONALUM,BUY,1758,72.85,192.10545,0.0,REBAL_ENTRY
2021-06-01,ICICIPRULI,BUY,229,554.5,190.47075,0.0,REBAL_ENTRY
2021-06-18,GRAPHITE,SELL,170,654.0,166.77,-12783.770000000006,STOP
2021-06-21,NATIONALUM,SELL,1758,64.62,170.40294,-14638.742939999982,STOP
2021-07-01,ATGL,SELL,94,968.9,136.61489999999998,-15750.014900000002,STOP
2021-07-01,VOLTAS,SELL,126,1024.0,193.536,47925.193084232116,REBAL_EXIT
2021-07-01,ACC,SELL,63,2021.8,191.0601,6212.3399,REBAL_EXIT
2021-07-01,SAIL,SELL,9,131.7,1.77795,648.5290290628114,REBAL_TRIM
2021-07-01,FEDERALBNK,BUY,34,86.8,4.4268,0.0,REBAL_ENTRY
2021-07-01,UPL,BUY,8,763.55,9.1626,0.0,REBAL_ENTRY
2021-07-01,BHEL,BUY,193,65.85,19.063575,0.0,REBAL_ENTRY
2021-07-01,HAPPSTMNDS,SELL,17,1032.3,26.323649999999997,5299.776349999999,REBAL_TRIM
2021-07-01,IRCTC,SELL,14,409.55,8.60055,790.4967472972972,REBAL_TRIM
2021-07-01,JUBLFOOD,BUY,6,620.4,5.5836,0.0,REBAL_ENTRY
2021-07-01,LAURUSLABS,SELL,54,691.0,55.971000000000004,8864.829000000003,REBAL_TRIM
2021-07-01,NMDC,BUY,60,22.4,2.016,0.0,REBAL_ENTRY
2021-07-01,COFORGE,SELL,24,832.0,29.952,2946.048,REBAL_TRIM
2021-07-01,JUSTDIAL,BUY,1,965.8,1.4486999999999999,0.0,REBAL_ENTRY
2021-07-01,GLENMARK,SELL,15,652.4,14.679,859.071,REBAL_TRIM
2021-07-01,ICICIPRULI,SELL,18,612.5,16.5375,1027.4625,REBAL_TRIM
2021-07-01,NATIONALUM,BUY,1692,77.35,196.3143,0.0,REBAL_ENTRY
2021-07-01,SAMMAANCAP,BUY,558,232.7,194.76989999999998,0.0,REBAL_ENTRY
2021-07-01,BHARATFORG,BUY,170,762.0,194.31,0.0,REBAL_ENTRY
2021-07-01,LALPATHLAB,BUY,79,1645.0,194.9325,0.0,REBAL_ENTRY
2021-07-01,NAUKRI,BUY,130,986.0,192.27,0.0,REBAL_ENTRY
2021-07-08,NMDC,SELL,5810,20.35,177.35025000000002,-10937.85024999999,STOP
2021-08-02,BHEL,SELL,1981,58.1,172.64415000000002,36521.504420845245,REBAL_EXIT
2021-08-02,DEEPAKNTR,SELL,71,2060.0,219.39000000000001,14224.610000000002,REBAL_EXIT
2021-08-02,GLENMARK,SELL,199,614.9,183.54765,3945.70235,REBAL_EXIT
2021-08-02,ICICIPRULI,SELL,211,640.8,202.8132,18006.48679999999,REBAL_EXIT
2021-08-02,LALPATHLAB,SELL,79,1791.0,212.2335,11321.7665,REBAL_EXIT
2021-08-02,SAIL,SELL,27,143.5,5.81175,2263.709187188435,REBAL_TRIM
2021-08-02,FEDERALBNK,BUY,82,87.9,10.8117,0.0,REBAL_ENTRY
2021-08-02,UPL,BUY,7,775.6,8.1438,0.0,REBAL_ENTRY
2021-08-02,CONCOR,BUY,34,528.0,26.928,0.0,REBAL_ENTRY
2021-08-02,HAPPSTMNDS,SELL,29,1373.4,59.74290000000001,18917.8571,REBAL_TRIM
2021-08-02,IRCTC,SELL,25,493.8,18.517500000000002,3514.691959459459,REBAL_TRIM
2021-08-02,JUBLFOOD,SELL,28,754.0,31.668,4867.852000000001,REBAL_TRIM
2021-08-02,LAURUSLABS,BUY,26,649.0,25.311,0.0,REBAL_ENTRY
2021-08-02,COFORGE,SELL,21,1023.0,32.2245,6582.7755,REBAL_TRIM
2021-08-02,JUSTDIAL,BUY,7,970.0,10.185,0.0,REBAL_ENTRY
2021-08-02,NATIONALUM,SELL,191,92.53,26.509845,2872.8701550000014,REBAL_TRIM
2021-08-02,SAMMAANCAP,BUY,1,247.75,0.371625,0.0,REBAL_ENTRY
2021-08-02,BHARATFORG,BUY,8,777.25,9.327,0.0,REBAL_ENTRY
2021-08-02,NAUKRI,BUY,1,1050.0,1.575,0.0,REBAL_ENTRY
2021-08-02,HFCL,BUY,1834,76.3,209.9013,0.0,REBAL_ENTRY
2021-08-02,BSE,BUY,989,140.5,208.43175,0.0,REBAL_ENTRY
2021-08-02,EMBDL,BUY,908,152.7,207.97739999999996,0.0,REBAL_ENTRY
2021-08-02,ROUTE,BUY,66,2083.0,206.217,0.0,REBAL_ENTRY
2021-08-02,ASHOKLEY,BUY,2151,65.0,209.7225,0.0,REBAL_ENTRY
2021-08-02,HAVELLS,BUY,115,1180.0,203.55,0.0,REBAL_ENTRY
2021-08-05,HFCL,SELL,1834,69.35,190.78185,-12937.081850000004,STOP
2021-08-11,BSE,SELL,989,126.5,187.66275000000002,-14033.66275,STOP
2021-08-11,EMBDL,SELL,908,136.25,185.5725,-15122.17249999999,STOP
2021-08-23,SAMMAANCAP,SELL,559,202.35,169.67047499999998,-17150.370475,STOP
2021-08-23,ROUTE,SELL,66,1875.0,185.625,-13913.625,STOP
2021-08-23,ASHOKLEY,SELL,2151,57.65,186.007725,-15995.857725000002,STOP
2021-09-01,FEDERALBNK,SELL,1572,81.5,192.177,10628.985751460119,REBAL_EXIT
2021-09-01,UPL,SELL,177,714.8,189.77939999999998,28465.247220689682,REBAL_EXIT
2021-09-01,CONCOR,SELL,266,544.05,217.07594999999998,21957.79845000001,REBAL_EXIT
2021-09-01,SAIL,BUY,142,121.4,25.8582,0.0,REBAL_ENTRY
2021-09-01,HAPPSTMNDS,SELL,6,1433.7,12.903300000000002,4275.296700000001,REBAL_TRIM
2021-09-01,IRCTC,SELL,49,551.0,40.4985,9687.39204054054,REBAL_TRIM
2021-09-01,JUBLFOOD,SELL,14,799.45,16.78845,3069.2715500000004,REBAL_TRIM
2021-09-01,LAURUSLABS,SELL,12,669.6,12.052800000000001,1533.9285084112153,REBAL_TRIM
2021-09-01,COFORGE,SELL,6,1040.0,9.36,1982.64,REBAL_TRIM
2021-09-01,JUSTDIAL,SELL,1,955.85,1.433775,8.603548943662044,REBAL_TRIM
2021-09-01,NATIONALUM,BUY,17,89.1,2.2720499999999997,0.0,REBAL_ENTRY
2021-09-01,BHARATFORG,SELL,3,770.7,3.4681500000000005,20.575670224719182,REBAL_TRIM
2021-09-01,NAUKRI,SELL,22,1236.0,40.788000000000004,5448.463908396948,REBAL_TRIM
2021-09-01,HAVELLS,SELL,9,1270.0,17.145,792.855,REBAL_TRIM
2021-09-01,MPHASIS,BUY,48,2809.1,202.25519999999997,0.0,REBAL_ENTRY
2021-09-01,SRF,BUY,66,2060.0,203.94,0.0,REBAL_ENTRY
2021-09-01,HFCL,BUY,1981,69.4,206.22210000000004,0.0,REBAL_ENTRY
2021-09-01,LTTS,BUY,34,3942.0,201.042,0.0,REBAL_ENTRY
2021-09-01,DEEPAKNTR,BUY,59,2287.95,202.48357499999997,0.0,REBAL_ENTRY
2021-09-01,BSE,BUY,1014,133.5,203.0535,0.0,REBAL_ENTRY
2021-09-01,EMBDL,BUY,989,136.9,203.09115,0.0,REBAL_ENTRY
2021-09-01,ROUTE,BUY,68,1985.9,202.56180000000003,0.0,REBAL_ENTRY
2021-09-01,TATACHEM,BUY,157,848.75,199.880625,0.0,REBAL_ENTRY
2021-10-01,SAIL,SELL,1109,112.95,187.892325,50352.829758748754,REBAL_EXIT
2021-10-01,LAURUSLABS,SELL,202,618.8,187.4964,15574.922291588775,REBAL_EXIT
2021-10-01,JUSTDIAL,SELL,141,987.3,208.81394999999998,5640.898726056339,REBAL_EXIT
2021-10-01,BHARATFORG,SELL,175,737.0,193.4625,-4688.406320224722,REBAL_EXIT
2021-10-01,HFCL,SELL,1981,71.0,210.97650000000002,2958.6234999999883,REBAL_EXIT
2021-10-01,ROUTE,SELL,68,1942.0,198.084,-3183.284000000006,REBAL_EXIT
2021-10-01,HAPPSTMNDS,BUY,8,1380.0,16.56,0.0,REBAL_ENTRY
2021-10-01,IRCTC,SELL,59,755.4,66.8529,23705.92142432432,REBAL_TRIM
2021-10-01,JUBLFOOD,BUY,7,810.45,8.509725000000001,0.0,REBAL_ENTRY
2021-10-01,COFORGE,BUY,5,1042.0,7.815,0.0,REBAL_ENTRY
2021-10-01,NATIONALUM,BUY,29,91.06,3.9611100000000006,0.0,REBAL_ENTRY
2021-10-01,NAUKRI,BUY,1,1289.0,1.9335,0.0,REBAL_ENTRY
2021-10-01,HAVELLS,SELL,3,1373.1,6.178949999999999,573.1210499999997,REBAL_TRIM
2021-10-01,MPHASIS,SELL,1,2994.2,4.4913,180.6086999999999,REBAL_TRIM
2021-10-01,SRF,SELL,4,2265.0,13.59,806.41,REBAL_TRIM
2021-10-01,LTTS,SELL,4,4684.0,28.104,2939.896,REBAL_TRIM
2021-10-01,DEEPAKNTR,SELL,1,2399.0,3.5985,107.45150000000018,REBAL_TRIM
2021-10-01,BSE,BUY,19,136.0,3.876,0.0,REBAL_ENTRY
2021-10-01,EMBDL,SELL,46,147.75,10.19475,488.90524999999974,REBAL_TRIM
2021-10-01,TATACHEM,SELL,4,916.7,5.5002,266.2998000000002,REBAL_TRIM
2021-10-01,LXCHEM,BUY,258,551.0,213.237,0.0,REBAL_ENTRY
2021-10-01,IEX,BUY,657,214.65,211.53757500000003,0.0,REBAL_ENTRY
2021-10-01,GODREJPROP,BUY,61,2312.0,211.548,0.0,REBAL_ENTRY
2021-10-01,SONACOMS,BUY,254,551.0,209.931,0.0,REBAL_ENTRY
2021-10-01,ZEEL,BUY,476,293.83,209.79461999999998,0.0,REBAL_ENTRY
2021-10-01,INDUSTOWER,BUY,458,311.0,213.657,0.0,REBAL_ENTRY
2021-10-21,LXCHEM,SELL,258,503.95,195.02865,-12333.928650000003,STOP
2021-10-27,INDUSTOWER,SELL,458,284.4,195.38279999999997,-12378.18280000001,STOP
2021-11-01,HAPPSTMNDS,SELL,102,1270.0,194.31,50719.69,REBAL_EXIT
2021-11-01,JUBLFOOD,SELL,175,740.0,194.25,26357.719999999998,REBAL_EXIT
2021-11-01,COFORGE,SELL,134,986.0,198.186,35383.814,REBAL_EXIT
2021-11-01,BSE,SELL,1033,148.5,230.10075,15217.399250000004,REBAL_EXIT
2021-11-01,EMBDL,SELL,943,153.15,216.63067500000002,15107.119325,REBAL_EXIT
2021-11-01,IRCTC,SELL,21,874.2,27.537300000000002,10928.758645945947,REBAL_TRIM
2021-11-01,NATIONALUM,SELL,71,95.95,10.218675,1282.9662377343254,REBAL_TRIM
2021-11-01,NAUKRI,BUY,5,1221.5,9.16125,0.0,REBAL_ENTRY
2021-11-01,HAVELLS,BUY,7,1275.55,13.393275000000001,0.0,REBAL_ENTRY
2021-11-01,MPHASIS,SELL,3,3150.1,14.17545,1008.82455,REBAL_TRIM
2021-11-01,SRF,BUY,4,2130.0,12.780000000000001,0.0,REBAL_ENTRY
2021-11-01,LTTS,SELL,1,4730.0,7.095,780.905,REBAL_TRIM
2021-11-01,DEEPAKNTR,BUY,4,2250.0,13.5,0.0,REBAL_ENTRY
2021-11-01,TATACHEM,BUY,2,911.0,2.733,0.0,REBAL_ENTRY
2021-11-01,IEX,SELL,64,236.85,22.7376,1398.0623999999993,REBAL_TRIM
2021-11-01,GODREJPROP,BUY,1,2247.1,3.37065,0.0,REBAL_ENTRY
2021-11-01,SONACOMS,SELL,38,653.7,37.26090000000001,3865.3391000000015,REBAL_TRIM
2021-11-01,ZEEL,SELL,1,297.65,0.44647499999999996,3.3735249999999932,REBAL_TRIM
2021-11-01,LXCHEM,BUY,306,460.0,211.14000000000001,0.0,REBAL_ENTRY
2021-11-01,ESCORTS,BUY,89,1566.1,209.07435,0.0,REBAL_ENTRY
2021-11-01,IDEA,BUY,14669,9.55,210.13342500000002,0.0,REBAL_ENTRY
2021-11-01,PVRINOX,BUY,83,1695.0,211.0275,0.0,REBAL_ENTRY
2021-11-01,INDUSTOWER,BUY,515,274.0,211.665,0.0,REBAL_ENTRY
2021-11-01,DIXON,BUY,28,4993.0,209.70600000000002,0.0,REBAL_ENTRY
2021-11-01,VOLTAS,BUY,116,1201.0,208.97400000000002,0.0,REBAL_ENTRY
2021-11-09,LXCHEM,SELL,306,405.0,185.895,-17015.895,STOP
2021-11-23,GODREJPROP,SELL,62,2119.8,197.1414,-12048.641400000006,STOP
2021-11-29,PVRINOX,SELL,83,1303.0,162.2235,-32698.2235,STOP
2021-11-30,DEEPAKNTR,SELL,62,2086.0,193.998,-12563.097999999985,STOP
2021-12-01,NATIONALUM,SELL,1476,86.94,192.48516,13392.429927265688,REBAL_EXIT
2021-12-01,NAUKRI,SELL,115,1177.0,203.0325,20228.215591603064,REBAL_EXIT
2021-12-01,IRCTC,BUY,11,809.0,13.3485,0.0,REBAL_ENTRY
2021-12-01,HAVELLS,SELL,7,1360.3,14.283150000000001,1205.2536681818176,REBAL_TRIM
2021-12-01,MPHASIS,BUY,6,2757.7,24.819299999999995,0.0,REBAL_ENTRY
2021-12-01,SRF,BUY,3,2032.55,9.146474999999999,0.0,REBAL_ENTRY
2021-12-01,LTTS,SELL,3,5330.0,23.985,4140.015,REBAL_TRIM
2021-12-01,TATACHEM,BUY,5,880.9,6.60675,0.0,REBAL_ENTRY
2021-12-01,IEX,SELL,28,252.35,10.598700000000001,1045.0012999999997,REBAL_TRIM
2021-12-01,SONACOMS,SELL,29,758.65,33.001275,5988.848725,REBAL_TRIM
2021-12-01,ZEEL,SELL,34,321.26,16.38426,916.2357400000002,REBAL_TRIM
2021-12-01,ESCORTS,SELL,13,1853.0,36.1335,3693.5665000000013,REBAL_TRIM
2021-12-01,IDEA,SELL,1970,11.1,32.8005,3020.699499999998,REBAL_TRIM
2021-12-01,INDUSTOWER,SELL,22,282.9,9.3357,186.4642999999995,REBAL_TRIM
2021-12-01,DIXON,SELL,1,5100.5,7.65075,99.84925,REBAL_TRIM
2021-12-01,GODREJPROP,BUY,70,1973.8,207.249,0.0,REBAL_ENTRY
2021-12-01,EMBDL,BUY,837,170.55,214.125525,0.0,REBAL_ENTRY
2021-12-01,YESBANK,BUY,11316,12.25,207.9315,0.0,REBAL_ENTRY
2021-12-01,POLYCAB,BUY,60,2324.0,209.16,0.0,REBAL_ENTRY
2021-12-01,BHEL,BUY,2382,59.25,211.70025,0.0,REBAL_ENTRY
2021-12-01,OBEROIRLTY,BUY,168,835.15,210.4578,0.0,REBAL_ENTRY
2021-12-21,INDUSTOWER,SELL,493,240.0,177.48,-16939.48,STOP
2021-12-21,GODREJPROP,SELL,70,1820.0,191.1,-10957.099999999997,STOP
2021-12-21,EMBDL,SELL,837,151.2,189.8316,-16385.78160000002,STOP
2022-01-03,VOLTAS,SELL,116,1225.0,213.15,2570.85,REBAL_EXIT
2022-01-03,POLYCAB,SELL,60,2470.0,222.3,8537.7,REBAL_EXIT
2022-01-03,BHEL,SELL,2382,59.0,210.80700000000002,-806.307,REBAL_EXIT
2022-01-03,HAVELLS,BUY,2,1400.0,4.2,0.0,REBAL_ENTRY
2022-01-03,MPHASIS,SELL,6,3271.6,29.444399999999998,2782.5636000000036,REBAL_TRIM
2022-01-03,SRF,SELL,9,2420.1,32.67135,3182.4482152173928,REBAL_TRIM
2022-01-03,TATACHEM,BUY,4,897.0,5.382,0.0,REBAL_ENTRY
2022-01-03,IEX,BUY,15,253.5,5.70375,0.0,REBAL_ENTRY
2022-01-03,SONACOMS,BUY,10,743.55,11.15325,0.0,REBAL_ENTRY
2022-01-03,ZEEL,BUY,26,312.1,12.1719,0.0,REBAL_ENTRY
2022-01-03,IDEA,SELL,3139,15.35,72.275475,18133.924525,REBAL_TRIM
2022-01-03,DIXON,SELL,1,5526.0,8.289,524.711,REBAL_TRIM
2022-01-03,YESBANK,SELL,604,13.7,12.412199999999999,863.3877999999996,REBAL_TRIM
2022-01-03,OBEROIRLTY,BUY,2,862.0,2.586,0.0,REBAL_ENTRY
2022-01-03,BSE,BUY,688,213.5,220.332,0.0,REBAL_ENTRY
2022-01-03,BSOFT,BUY,269,547.6,220.9566,0.0,REBAL_ENTRY
2022-01-03,COFORGE,BUY,124,1184.0,220.22400000000002,0.0,REBAL_ENTRY
2022-01-03,UPL,BUY,204,722.3,221.02379999999997,0.0,REBAL_ENTRY
2022-01-03,EMBDL,BUY,930,159.05,221.87475,0.0,REBAL_ENTRY
2022-01-03,AUROPHARMA,BUY,199,738.1,220.32285,0.0,REBAL_ENTRY
2022-01-19,COFORGE,SELL,124,1084.0,201.624,-12601.624,STOP
2022-01-19,AUROPHARMA,SELL,199,668.8,199.63679999999997,-13990.336800000014,STOP
2022-01-21,BSOFT,SELL,269,497.0,200.5395,-13811.939500000008,STOP
2022-01-25,ZEEL,SELL,467,261.41,183.11770500000003,-15798.277705000002,STOP
2022-01-27,DIXON,SELL,26,4525.0,176.475,-12344.475,STOP
2022-01-28,EMBDL,SELL,930,143.4,200.043,-14754.543000000005,STOP
2022-02-01,HAVELLS,SELL,105,1195.0,188.2125,320.5006818181854,REBAL_EXIT
2022-02-01,TATACHEM,SELL,164,937.0,230.502,13764.247999999996,REBAL_EXIT
2022-02-01,OBEROIRLTY,SELL,170,927.45,236.49975,15400.80025000002,REBAL_EXIT
2022-02-01,IRCTC,SELL,20,894.6,26.838,10245.069094594593,REBAL_TRIM
2022-02-01,MPHASIS,BUY,1,3024.6,4.5369,0.0,REBAL_ENTRY
2022-02-01,SRF,SELL,4,2424.05,14.544300000000002,1430.197728985509,REBAL_TRIM
2022-02-01,LTTS,BUY,2,4759.0,14.277000000000001,0.0,REBAL_ENTRY
2022-02-01,IEX,SELL,4,238.0,1.428,87.95303448275865,REBAL_TRIM
2022-02-01,SONACOMS,BUY,14,653.6,13.7256,0.0,REBAL_ENTRY
2022-02-01,ESCORTS,SELL,3,1844.0,8.298,825.4020000000003,REBAL_TRIM
2022-02-01,IDEA,BUY,3183,10.85,51.803324999999994,0.0,REBAL_ENTRY
2022-02-01,YESBANK,SELL,508,13.4,10.2108,573.9892000000002,REBAL_TRIM
2022-02-01,BSE,SELL,63,218.5,20.64825,294.35175,REBAL_TRIM
2022-02-01,UPL,SELL,22,753.0,24.849,650.551000000001,REBAL_TRIM
2022-02-01,POONAWALLA,BUY,478,286.25,205.24125,0.0,REBAL_ENTRY
2022-02-01,TATAELXSI,BUY,17,7779.0,198.3645,0.0,REBAL_ENTRY
2022-02-01,BSOFT,BUY,285,482.3,206.18325000000002,0.0,REBAL_ENTRY
2022-02-01,NATIONALUM,BUY,1273,107.31,204.908445,0.0,REBAL_ENTRY
2022-02-01,AUBANK,BUY,207,662.0,205.55100000000002,0.0,REBAL_ENTRY
2022-02-01,HFCL,BUY,1710,79.95,205.07175,0.0,REBAL_ENTRY
2022-02-01,CDSL,BUY,180,759.5,205.065,0.0,REBAL_ENTRY
2022-02-01,BANDHANBNK,BUY,430,318.85,205.65825,0.0,REBAL_ENTRY
2022-02-01,HEROMOTOCO,BUY,53,2583.2,205.36439999999996,0.0,REBAL_ENTRY
2022-02-04,POONAWALLA,SELL,478,264.0,189.288,-10824.788,STOP
2022-02-09,BSOFT,SELL,285,446.0,190.665,-10536.165000000005,STOP
2022-02-15,TATAELXSI,SELL,17,7020.0,179.01,-13082.01,STOP
2022-02-22,HFCL,SELL,1710,69.85,179.16525,-17450.165250000013,STOP
2022-02-23,CDSL,SELL,180,688.0,185.76,-13055.76,STOP
2022-02-24,UPL,SELL,182,645.55,176.23515,-14144.73515,STOP
2022-02-25,IEX,SELL,576,199.0,171.936,-9765.067034482754,STOP
2022-02-25,AUBANK,SELL,207,597.95,185.663475,-13444.01347499999,STOP
2022-02-25,BANDHANBNK,SELL,430,300.0,193.5,-8299.000000000011,STOP
2022-02-25,HEROMOTOCO,SELL,53,2423.9,192.70005000000003,-8635.600049999985,STOP
2022-03-02,SONACOMS,SELL,211,621.0,196.5465,11211.553499999984,REBAL_EXIT
2022-03-02,ESCORTS,SELL,73,1872.05,204.989475,22129.360525000004,REBAL_EXIT
2022-03-02,IDEA,SELL,12743,10.25,195.92362500000002,4586.276375,REBAL_EXIT
2022-03-02,IRCTC,BUY,3,795.0,3.5775,0.0,REBAL_ENTRY
2022-03-02,MPHASIS,SELL,3,2981.4,13.416300000000001,507.2098333333346,REBAL_TRIM
2022-03-02,SRF,SELL,2,2379.0,7.1370000000000005,625.1340144927542,REBAL_TRIM
2022-03-02,YESBANK,SELL,489,13.2,9.6822,454.86779999999965,REBAL_TRIM
2022-03-02,BSE,SELL,35,214.0,11.235,6.265000000000001,REBAL_TRIM
2022-03-02,NATIONALUM,SELL,190,119.45,34.04325,2272.5567499999997,REBAL_TRIM
2022-03-02,PVRINOX,BUY,78,1620.0,189.54,0.0,REBAL_ENTRY
2022-03-02,BANDHANBNK,BUY,420,300.6,189.37800000000001,0.0,REBAL_ENTRY
2022-03-02,TATAELXSI,BUY,20,6374.0,191.22,0.0,REBAL_ENTRY
2022-03-02,FEDERALBNK,BUY,1327,96.0,191.088,0.0,REBAL_ENTRY
2022-03-02,AUBANK,BUY,213,592.5,189.30375,0.0,REBAL_ENTRY
2022-03-02,HEROMOTOCO,BUY,54,2339.3,189.4833,0.0,REBAL_ENTRY
2022-03-02,HFCL,BUY,1769,71.5,189.72525000000002,0.0,REBAL_ENTRY
2022-03-02,ASHOKLEY,BUY,2264,56.5,191.874,0.0,REBAL_ENTRY
2022-03-02,INDUSINDBK,BUY,139,907.0,189.1095,0.0,REBAL_ENTRY
2022-03-02,UPL,BUY,201,636.6,191.9349,0.0,REBAL_ENTRY
2022-03-02,AUROPHARMA,BUY,205,616.0,189.42000000000002,0.0,REBAL_ENTRY
2022-03-02,SAIL,BUY,1336,96.0,192.38400000000001,0.0,REBAL_ENTRY
2022-03-02,PERSISTENT,BUY,65,1957.0,190.8075,0.0,REBAL_ENTRY
2022-03-07,BANDHANBNK,SELL,420,264.95,166.9185,-15139.918500000014,STOP
2022-03-07,ASHOKLEY,SELL,2264,49.5,168.102,-16016.102,STOP
2022-03-08,FEDERALBNK,SELL,1327,87.0,173.1735,-12116.1735,STOP
2022-03-08,AUBANK,SELL,213,525.5,167.89725,-14438.89725,STOP
2022-03-08,HEROMOTOCO,SELL,54,2030.05,164.43404999999998,-16863.93405000001,STOP
2022-03-08,INDUSINDBK,SELL,139,831.1,173.28435000000002,-10723.384349999997,STOP
2022-04-01,YESBANK,SELL,9715,12.25,178.513125,-178.513125,REBAL_EXIT
2022-04-01,HFCL,SELL,1769,79.0,209.6265,13057.8735,REBAL_EXIT
2022-04-01,PERSISTENT,SELL,65,2394.95,233.50762500000002,28233.24237499999,REBAL_EXIT
2022-04-01,IRCTC,BUY,16,777.0,18.648,0.0,REBAL_ENTRY
2022-04-01,MPHASIS,SELL,1,3255.0,4.8825,442.25954444444477,REBAL_TRIM
2022-04-01,SRF,SELL,4,2690.0,16.14,2492.4020289855084,REBAL_TRIM
2022-04-01,LTTS,SELL,2,5104.8,15.314400000000001,2193.571314285715,REBAL_TRIM
2022-04-01,BSE,SELL,158,313.5,74.2995,15725.7005,REBAL_TRIM
2022-04-01,NATIONALUM,BUY,56,119.65,10.050600000000001,0.0,REBAL_ENTRY
2022-04-01,PVRINOX,SELL,8,1922.3,23.0676,2395.3324,REBAL_TRIM
2022-04-01,TATAELXSI,SELL,5,8884.0,66.63,12483.37,REBAL_TRIM
2022-04-01,UPL,SELL,17,739.1,18.847050000000003,1723.65295,REBAL_TRIM
2022-04-01,AUROPHARMA,SELL,2,673.85,2.02155,113.67845000000004,REBAL_TRIM
2022-04-01,SAIL,BUY,42,99.0,6.237,0.0,REBAL_ENTRY
2022-04-01,GNFC,BUY,176,763.7,201.6168,0.0,REBAL_ENTRY
2022-04-01,BALRAMCHIN,BUY,277,488.0,202.764,0.0,REBAL_ENTRY
2022-04-01,BANDHANBNK,BUY,442,305.85,202.77855000000002,0.0,REBAL_ENTRY
2022-04-01,AUBANK,BUY,218,619.5,202.5765,0.0,REBAL_ENTRY
2022-04-01,FEDERALBNK,BUY,1395,97.4,203.8095,0.0,REBAL_ENTRY
2022-04-01,TATACHEM,BUY,139,975.0,203.2875,0.0,REBAL_ENTRY
2022-04-01,INDUSINDBK,BUY,145,929.45,202.155375,0.0,REBAL_ENTRY
2022-04-01,VOLTAS,BUY,109,1245.0,203.5575,0.0,REBAL_ENTRY
2022-04-01,RBLBANK,BUY,1043,130.0,203.385,0.0,REBAL_ENTRY
2022-05-02,BALRAMCHIN,SELL,277,435.2,180.8256,-14806.425600000004,STOP
2022-05-02,IRCTC,SELL,175,740.0,194.25,55052.02533783784,REBAL_EXIT
2022-05-02,MPHASIS,SELL,41,2690.2,165.4473,-4989.423477777772,REBAL_EXIT
2022-05-02,LTTS,SELL,26,4030.0,157.17000000000002,613.5442857142907,REBAL_EXIT
2022-05-02,TATACHEM,SELL,139,970.0,202.245,-897.245,REBAL_EXIT
2022-05-02,RBLBANK,SELL,1043,120.0,187.74,-10617.74,REBAL_EXIT
2022-05-02,SRF,BUY,1,2484.95,3.7274249999999998,0.0,REBAL_ENTRY
2022-05-02,BSE,BUY,3,296.5,1.33425,0.0,REBAL_ENTRY
2022-05-02,NATIONALUM,BUY,130,101.09,19.71255,0.0,REBAL_ENTRY
2022-05-02,PVRINOX,BUY,1,1815.1,2.72265,0.0,REBAL_ENTRY
2022-05-02,TATAELXSI,BUY,1,7690.0,11.535,0.0,REBAL_ENTRY
2022-05-02,UPL,SELL,19,782.3,22.29555,2746.004449999999,REBAL_TRIM
2022-05-02,AUROPHARMA,BUY,4,626.7,3.7602,0.0,REBAL_ENTRY
2022-05-02,SAIL,SELL,28,95.95,4.0299,-7.990132220609668,REBAL_TRIM
2022-05-02,GNFC,SELL,3,749.55,3.3729749999999994,-45.82297500000027,REBAL_TRIM
2022-05-02,BANDHANBNK,SELL,52,330.0,25.740000000000002,1230.0599999999988,REBAL_TRIM
2022-05-02,AUBANK,SELL,31,691.4,32.150099999999995,2196.7498999999993,REBAL_TRIM
2022-05-02,FEDERALBNK,SELL,35,94.0,4.9350000000000005,-123.9350000000002,REBAL_TRIM
2022-05-02,INDUSINDBK,SELL,12,972.0,17.496,493.1039999999995,REBAL_TRIM
2022-05-02,VOLTAS,SELL,6,1250.0,11.25,18.75,REBAL_TRIM
2022-05-02,ANGELONE,BUY,670,193.5,194.4675,0.0,REBAL_ENTRY
2022-05-02,PATANJALI,BUY,356,363.3,194.00220000000002,0.0,REBAL_ENTRY
2022-05-02,NMDC,BUY,6716,19.25,193.9245,0.0,REBAL_ENTRY
2022-05-02,BALRAMCHIN,BUY,17,435.2,11.0976,0.0,REBAL_ENTRY
2022-05-02,DEEPAKNTR,BUY,56,2295.0,192.78,0.0,REBAL_ENTRY
2022-05-02,YESBANK,BUY,9570,14.25,204.55875,0.0,REBAL_ENTRY
2022-05-05,VOLTAS,SELL,103,1158.0,178.911,-9139.911,STOP
2022-05-05,ANGELONE,SELL,670,174.0,174.87,-13239.87,STOP
2022-05-09,NATIONALUM,SELL,1269,95.37,181.536795,-15215.836794999981,STOP
2022-05-09,DEEPAKNTR,SELL,56,1972.0,165.648,-18253.648,STOP
2022-05-10,SAIL,SELL,1350,87.3,176.7825,-12045.222267779402,STOP
2022-05-10,GNFC,SELL,173,708.95,183.97252500000002,-9655.722525,STOP
2022-05-10,YESBANK,SELL,9570,12.95,185.89725,-12626.897250000007,STOP
2022-05-11,NMDC,SELL,6716,17.2,173.2728,-13941.072800000005,STOP
2022-05-11,BALRAMCHIN,SELL,17,401.0,10.2255,-591.6254999999999,STOP
2022-05-12,PATANJALI,SELL,356,307.3,164.09820000000002,-20100.0982,STOP
2022-05-13,FEDERALBNK,SELL,1360,87.85,179.21399999999997,-13167.214000000014,STOP
2022-05-16,AUROPHARMA,SELL,207,562.1,174.53205000000003,-11374.63205,STOP
2022-06-01,SRF,SELL,2,2457.0,7.371,764.3476416595623,REBAL_TRIM
2022-06-01,BSE,BUY,45,263.0,17.7525,0.0,REBAL_ENTRY
2022-06-01,PVRINOX,SELL,6,1840.05,16.56045,1287.252226056337,REBAL_TRIM
2022-06-01,TATAELXSI,SELL,2,8612.0,25.836000000000002,4285.664,REBAL_TRIM
2022-06-01,UPL,SELL,4,741.1,4.4466,413.5534,REBAL_TRIM
2022-06-01,BANDHANBNK,SELL,19,326.0,9.291,373.55899999999957,REBAL_TRIM
2022-06-01,AUBANK,BUY,6,638.1,5.742900000000001,0.0,REBAL_ENTRY
2022-06-01,INDUSINDBK,SELL,4,930.85,5.585100000000001,0.014899999999908431,REBAL_TRIM
2022-06-01,PATANJALI,BUY,331,363.3,180.37845000000002,0.0,REBAL_ENTRY
2022-06-01,ASHOKLEY,BUY,1824,67.0,183.312,0.0,REBAL_ENTRY
2022-06-01,GNFC,BUY,202,598.8,181.4364,0.0,REBAL_ENTRY
2022-06-01,HEROMOTOCO,BUY,46,2633.8,181.7322,0.0,REBAL_ENTRY
2022-06-01,TATACHEM,BUY,127,952.4,181.4322,0.0,REBAL_ENTRY
2022-06-01,ANGELONE,BUY,819,149.0,183.0465,0.0,REBAL_ENTRY
2022-06-01,POONAWALLA,BUY,466,261.45,182.75355,0.0,REBAL_ENTRY
2022-06-01,ACC,BUY,55,2205.9,181.98675,0.0,REBAL_ENTRY
2022-06-01,ZEEL,BUY,488,247.8,181.38960000000003,0.0,REBAL_ENTRY
2022-06-01,DEEPAKNTR,BUY,60,1996.9,179.721,0.0,REBAL_ENTRY
2022-06-01,YESBANK,BUY,9200,13.15,181.47,0.0,REBAL_ENTRY
2022-06-01,SBICARD,BUY,155,781.95,181.80337500000002,0.0,REBAL_ENTRY
2022-06-06,HEROMOTOCO,SELL,46,2404.65,165.92085000000003,-10706.820850000006,STOP
2022-06-09,DEEPAKNTR,SELL,60,1746.0,157.14000000000001,-15211.140000000005,STOP
2022-06-14,GNFC,SELL,202,533.45,161.63535000000002,-13362.335349999983,STOP
2022-06-14,ANGELONE,SELL,819,135.0,165.8475,-11631.8475,STOP
2022-06-14,POONAWALLA,SELL,466,231.9,162.09810000000002,-13932.398099999991,STOP
2022-06-14,ZEEL,SELL,488,222.09,162.56988,-12709.049880000002,STOP
2022-06-15,INDUSINDBK,SELL,129,852.0,164.862,-10155.912000000006,STOP
2022-06-16,TATACHEM,SELL,127,880.0,167.64000000000001,-9362.439999999997,STOP
2022-06-17,PATANJALI,SELL,331,328.3,163.00095000000002,-11748.00095,STOP
2022-06-17,SBICARD,SELL,155,712.2,165.5865,-10976.8365,STOP
2022-06-20,BSE,SELL,480,194.5,140.04,-11736.540000000006,STOP
2022-06-21,BANDHANBNK,SELL,371,278.05,154.734825,-10468.534825000004,STOP
2022-07-01,PVRINOX,SELL,6,1860.85,16.747649999999997,1411.8650260563365,REBAL_TRIM
2022-07-01,TATAELXSI,SELL,1,8170.55,12.255825,1702.0441750000002,REBAL_TRIM
2022-07-01,UPL,BUY,21,604.3,19.03545,0.0,REBAL_ENTRY
2022-07-01,AUBANK,SELL,7,586.0,6.1530000000000005,-244.70066839378248,REBAL_TRIM
2022-07-01,ASHOKLEY,SELL,277,71.5,29.70825,1216.79175,REBAL_TRIM
2022-07-01,ACC,SELL,3,2122.95,9.553275,-258.4032750000008,REBAL_TRIM
2022-07-01,YESBANK,SELL,468,12.65,8.8803,-242.8803,REBAL_TRIM
2022-07-01,CHENNPETRO,BUY,352,305.25,161.172,0.0,REBAL_ENTRY
2022-07-01,MRPL,BUY,1244,86.23,160.90518000000003,0.0,REBAL_ENTRY
2022-07-01,RENUKA,BUY,2380,46.5,166.005,0.0,REBAL_ENTRY
2022-07-01,HEROMOTOCO,BUY,43,2551.0,164.5395,0.0,REBAL_ENTRY
2022-07-01,BDL,BUY,324,338.5,164.511,0.0,REBAL_ENTRY
2022-07-01,PATANJALI,BUY,312,349.5,163.566,0.0,REBAL_ENTRY
2022-07-01,PAYTM,BUY,163,672.9,164.52405,0.0,REBAL_ENTRY
2022-07-01,JUBLFOOD,BUY,215,512.25,165.200625,0.0,REBAL_ENTRY
2022-07-01,SBICARD,BUY,143,767.8,164.6931,0.0,REBAL_ENTRY
2022-07-01,BANDHANBNK,BUY,419,262.5,164.98125000000002,0.0,REBAL_ENTRY
2022-07-01,BHEL,BUY,2457,44.8,165.1104,0.0,REBAL_ENTRY
2022-07-01,IDEA,BUY,13150,8.35,164.70375,0.0,REBAL_ENTRY
2022-07-05,AUBANK,SELL,186,570.0,159.03,-9473.582331606221,STOP
2022-07-05,MRPL,SELL,1244,78.3,146.1078,-10011.027800000009,STOP
2022-07-07,CHENNPETRO,SELL,352,269.85,142.48080000000002,-12603.280799999991,STOP
2022-08-01,ACC,SELL,52,2232.0,174.096,1183.1039999999953,REBAL_EXIT
2022-08-01,YESBANK,SELL,8732,15.8,206.94840000000002,22932.8516,REBAL_EXIT
2022-08-01,RENUKA,SELL,2380,49.7,177.429,7438.571000000006,REBAL_EXIT
2022-08-01,BDL,SELL,324,406.5,197.559,21834.441,REBAL_EXIT
2022-08-01,BANDHANBNK,SELL,419,277.9,174.66015,6277.939849999991,REBAL_EXIT
2022-08-01,BHEL,SELL,2457,54.45,200.675475,23509.374525000014,REBAL_EXIT
2022-08-01,IDEA,SELL,13150,8.75,172.59375,5087.406250000005,REBAL_EXIT
2022-08-01,SRF,SELL,1,2439.0,3.6585,364.20082082978115,REBAL_TRIM
2022-08-01,PVRINOX,SELL,4,2167.0,13.002,2164.006450704225,REBAL_TRIM
2022-08-01,UPL,SELL,16,722.3,17.3352,1413.495569230768,REBAL_TRIM
2022-08-01,ASHOKLEY,BUY,99,72.7,10.795950000000001,0.0,REBAL_ENTRY
2022-08-01,HEROMOTOCO,BUY,1,2668.0,4.002,0.0,REBAL_ENTRY
2022-08-01,PATANJALI,BUY,1,380.0,0.5700000000000001,0.0,REBAL_ENTRY
2022-08-01,PAYTM,BUY,4,708.0,4.248,0.0,REBAL_ENTRY
2022-08-01,SBICARD,SELL,17,946.0,24.123,3005.2770000000005,REBAL_TRIM
2022-08-01,ATGL,BUY,37,3144.0,174.492,0.0,REBAL_ENTRY
2022-08-01,FEDERALBNK,BUY,1111,106.75,177.898875,0.0,REBAL_ENTRY
2022-08-01,INDUSINDBK,BUY,113,1040.0,176.28,0.0,REBAL_ENTRY
2022-08-01,CONCOR,BUY,207,570.2,177.04710000000003,0.0,REBAL_ENTRY
2022-08-01,NAUKRI,BUY,136,873.0,178.092,0.0,REBAL_ENTRY
2022-08-01,COFORGE,BUY,149,792.0,177.012,0.0,REBAL_ENTRY
2022-08-01,HAVELLS,BUY,94,1258.8,177.4908,0.0,REBAL_ENTRY
2022-08-01,POONAWALLA,BUY,444,268.0,178.488,0.0,REBAL_ENTRY
2022-08-01,ZEEL,BUY,490,243.78,179.1783,0.0,REBAL_ENTRY
2022-08-01,CHENNPETRO,BUY,429,276.0,177.606,0.0,REBAL_ENTRY
2022-08-11,CHENNPETRO,SELL,429,250.25,161.035875,-11207.785875,STOP
2022-08-30,COFORGE,SELL,149,712.0,159.132,-12079.132,STOP
2022-09-01,UPL,SELL,166,732.9,182.4921,16421.977130769224,REBAL_EXIT
2022-09-01,PATANJALI,SELL,313,408.0,191.556,18088.444,REBAL_EXIT
2022-09-01,CONCOR,SELL,207,555.1,172.35855,-3298.0585500000047,REBAL_EXIT
2022-09-01,POONAWALLA,SELL,444,304.4,202.73039999999997,15958.869599999989,REBAL_EXIT
2022-09-01,PVRINOX,BUY,12,1827.0,32.886,0.0,REBAL_ENTRY
2022-09-01,HEROMOTOCO,BUY,1,2653.4,3.9801,0.0,REBAL_ENTRY
2022-09-01,PAYTM,BUY,3,717.85,3.2303250000000006,0.0,REBAL_ENTRY
2022-09-01,JUBLFOOD,SELL,17,613.6,15.6468,1707.3032000000003,REBAL_TRIM
2022-09-01,SBICARD,BUY,6,918.9,8.2701,0.0,REBAL_ENTRY
2022-09-01,ATGL,SELL,5,3684.05,27.630375,2672.6196250000007,REBAL_TRIM
2022-09-01,FEDERALBNK,SELL,63,115.05,10.872225,512.0277749999999,REBAL_TRIM
2022-09-01,INDUSINDBK,SELL,3,1097.65,4.939425000000001,168.01057500000027,REBAL_TRIM
2022-09-01,NAUKRI,BUY,5,852.0,6.390000000000001,0.0,REBAL_ENTRY
2022-09-01,HAVELLS,SELL,6,1385.6,12.470399999999998,748.3295999999997,REBAL_TRIM
2022-09-01,ZEEL,SELL,3,240.94,1.08423,-9.60423000000001,REBAL_TRIM
2022-09-01,IDFCFIRSTB,BUY,2495,48.9,183.00825,0.0,REBAL_ENTRY
2022-09-01,YESBANK,BUY,7454,16.35,182.80935000000002,0.0,REBAL_ENTRY
2022-09-01,TATACHEM,BUY,108,1123.0,181.92600000000002,0.0,REBAL_ENTRY
2022-09-01,RBLBANK,BUY,1002,122.5,184.1175,0.0,REBAL_ENTRY
2022-09-01,DIXON,BUY,29,4097.5,178.24125,0.0,REBAL_ENTRY
2022-09-01,BHARATFORG,BUY,165,737.0,182.4075,0.0,REBAL_ENTRY
2022-09-26,NAUKRI,SELL,141,776.0,164.124,-13736.124000000007,STOP
2022-09-27,RBLBANK,SELL,1002,114.0,171.342,-8688.342,STOP
2022-10-03,PVRINOX,SELL,67,1793.0,180.19650000000001,8775.66969718309,REBAL_EXIT
2022-10-03,TATAELXSI,SELL,13,8480.0,165.36,26143.39,REBAL_EXIT
2022-10-03,ASHOKLEY,SELL,1646,75.1,185.4219,12582.87809999999,REBAL_EXIT
2022-10-03,HEROMOTOCO,SELL,45,2378.8,160.56900000000002,-8128.968999999984,REBAL_EXIT
2022-10-03,PAYTM,SELL,170,644.75,164.41125,-5225.161249999997,REBAL_EXIT
2022-10-03,HAVELLS,SELL,88,1349.05,178.0746,7763.9254,REBAL_EXIT
2022-10-03,BHARATFORG,SELL,165,697.4,172.6065,-6706.6065000000035,REBAL_EXIT
2022-10-03,SRF,SELL,1,2505.0,3.7575000000000003,430.10182082978116,REBAL_TRIM
2022-10-03,JUBLFOOD,SELL,7,623.5,6.54675,772.20325,REBAL_TRIM
2022-10-03,SBICARD,SELL,2,907.5,2.7225,262.94113636363664,REBAL_TRIM
2022-10-03,ATGL,BUY,3,3329.9,14.984550000000002,0.0,REBAL_ENTRY
2022-10-03,FEDERALBNK,SELL,47,119.35,8.414175,583.7858249999997,REBAL_TRIM
2022-10-03,INDUSINDBK,SELL,10,1178.0,17.67,1362.33,REBAL_TRIM
2022-10-03,ZEEL,SELL,17,253.68,6.468840000000001,161.8311600000001,REBAL_TRIM
2022-10-03,IDFCFIRSTB,SELL,110,49.85,8.22525,96.27475000000031,REBAL_TRIM
2022-10-03,YESBANK,BUY,145,15.65,3.403875,0.0,REBAL_ENTRY
2022-10-03,TATACHEM,SELL,1,1098.0,1.647,-26.647,REBAL_TRIM
2022-10-03,DIXON,SELL,2,4374.0,13.122,539.878,REBAL_TRIM
2022-10-03,INDIACEM,BUY,441,269.9,178.53885,0.0,REBAL_ENTRY
2022-10-03,ESCORTS,BUY,55,2133.0,175.9725,0.0,REBAL_ENTRY
2022-10-03,RBLBANK,BUY,1045,112.75,176.735625,0.0,REBAL_ENTRY
2022-10-03,POONAWALLA,BUY,388,308.55,179.57610000000003,0.0,REBAL_ENTRY
2022-10-03,BHEL,BUY,1985,60.3,179.54325,0.0,REBAL_ENTRY
2022-10-03,BDL,BUY,271,434.0,176.421,0.0,REBAL_ENTRY
2022-10-03,SAMMAANCAP,BUY,1123,105.2,177.20940000000002,0.0,REBAL_ENTRY
2022-10-03,IRCTC,BUY,168,705.95,177.8994,0.0,REBAL_ENTRY
2022-10-03,LTTS,BUY,33,3590.0,177.705,0.0,REBAL_ENTRY
2022-10-12,INDIACEM,SELL,441,245.0,162.0675,-11142.96749999999,STOP
2022-11-01,SRF,SELL,47,2565.0,180.8325,23030.555578999712,REBAL_EXIT
2022-11-01,SBICARD,SELL,130,830.0,161.85,7031.286363636384,REBAL_EXIT
2022-11-01,ZEEL,SELL,470,257.59,181.60094999999998,6309.099049999988,REBAL_EXIT
2022-11-01,YESBANK,SELL,7599,15.6,177.8166,-5775.56660000001,REBAL_EXIT
2022-11-01,LTTS,SELL,33,3550.0,175.725,-1495.725,REBAL_EXIT
2022-11-01,JUBLFOOD,BUY,11,614.45,10.138425000000002,0.0,REBAL_ENTRY
2022-11-01,ATGL,SELL,1,3620.9,5.43135,455.5343642857145,REBAL_TRIM
2022-11-01,FEDERALBNK,SELL,61,132.2,12.0963,1540.3536999999994,REBAL_TRIM
2022-11-01,INDUSINDBK,BUY,8,1146.5,13.758000000000001,0.0,REBAL_ENTRY
2022-11-01,IDFCFIRSTB,SELL,182,56.4,15.3972,1349.6028,REBAL_TRIM
2022-11-01,TATACHEM,BUY,2,1138.5,3.4155,0.0,REBAL_ENTRY
2022-11-01,ESCORTS,BUY,5,2048.0,15.36,0.0,REBAL_ENTRY
2022-11-01,RBLBANK,SELL,131,136.2,26.763299999999997,3045.1866999999984,REBAL_TRIM
2022-11-01,POONAWALLA,BUY,5,316.0,2.37,0.0,REBAL_ENTRY
2022-11-01,BHEL,SELL,316,74.0,35.076,4294.124000000001,REBAL_TRIM
2022-11-01,BDL,SELL,13,479.75,9.355125000000001,585.394875,REBAL_TRIM
2022-11-01,SAMMAANCAP,SELL,51,115.9,8.86635,536.8336500000001,REBAL_TRIM
2022-11-01,IRCTC,SELL,2,745.0,2.235,75.86499999999991,REBAL_TRIM
2022-11-01,NMDC,BUY,4422,27.95,185.39235,0.0,REBAL_ENTRY
2022-11-01,KPITTECH,BUY,174,712.8,186.0408,0.0,REBAL_ENTRY
2022-11-01,SUZLON,BUY,15549,8.05,187.75417500000003,0.0,REBAL_ENTRY
2022-11-01,INDIACEM,BUY,512,242.5,186.24,0.0,REBAL_ENTRY
2022-11-01,IGL,BUY,577,214.0,185.217,0.0,REBAL_ENTRY
2022-11-01,DEEPAKNTR,BUY,53,2325.55,184.88122500000003,0.0,REBAL_ENTRY
2022-11-11,DEEPAKNTR,SELL,53,2098.0,166.791,-12226.941000000008,STOP
2022-11-21,TATACHEM,SELL,109,1015.75,166.075125,-11887.325124999994,STOP
2022-12-01,JUBLFOOD,SELL,202,549.0,166.347,6132.952999999996,REBAL_EXIT
2022-12-01,ATGL,SELL,34,3650.95,186.19844999999998,16508.335835714282,REBAL_EXIT
2022-12-01,DIXON,SELL,27,4273.15,173.06257499999998,4569.48742499999,REBAL_EXIT
2022-12-01,POONAWALLA,SELL,393,312.2,184.0419,1213.1580999999849,REBAL_EXIT
2022-12-01,NMDC,SELL,4422,33.6,222.86880000000002,24761.43120000001,REBAL_EXIT
2022-12-01,SUZLON,SELL,15549,9.4,219.2409,20771.909099999993,REBAL_EXIT
2022-12-01,IGL,SELL,577,222.4,192.4872,4654.312800000003,REBAL_EXIT
2022-12-01,FEDERALBNK,BUY,26,132.15,5.15385,0.0,REBAL_ENTRY
2022-12-01,IDFCFIRSTB,SELL,36,58.75,3.1725,351.4275,REBAL_TRIM
2022-12-01,ESCORTS,SELL,5,2290.0,17.175,803.2416666666675,REBAL_TRIM
2022-12-01,RBLBANK,SELL,86,154.6,19.9434,3579.1565999999993,REBAL_TRIM
2022-12-01,BHEL,SELL,152,84.0,19.152,3583.2480000000005,REBAL_TRIM
2022-12-01,BDL,BUY,4,486.75,2.9205,0.0,REBAL_ENTRY
2022-12-01,SAMMAANCAP,SELL,70,127.45,13.38225,1544.11775,REBAL_TRIM
2022-12-01,IRCTC,BUY,6,739.9,6.6591,0.0,REBAL_ENTRY
2022-12-01,KPITTECH,BUY,3,723.05,3.2537249999999993,0.0,REBAL_ENTRY
2022-12-01,INDIACEM,BUY,17,241.75,6.164625,0.0,REBAL_ENTRY
2022-12-01,RVNL,BUY,1714,73.6,189.2256,0.0,REBAL_ENTRY
2022-12-01,COCHINSHIP,BUY,380,334.7,190.779,0.0,REBAL_ENTRY
2022-12-01,APOLLOTYRE,BUY,401,317.65,191.066475,0.0,REBAL_ENTRY
2022-12-01,RENUKA,BUY,2173,58.9,191.98455,0.0,REBAL_ENTRY
2022-12-01,TIINDIA,BUY,45,2778.8,187.56900000000002,0.0,REBAL_ENTRY
2022-12-01,CONCOR,BUY,205,619.5,190.49625,0.0,REBAL_ENTRY
2022-12-01,BHARATFORG,BUY,147,860.45,189.729225,0.0,REBAL_ENTRY
2022-12-01,ACC,BUY,49,2568.0,188.748,0.0,REBAL_ENTRY
2022-12-01,MRF,BUY,1,94000.0,141.0,0.0,REBAL_ENTRY
2022-12-12,RVNL,SELL,1714,66.5,170.9715,-12340.37149999999,STOP
2022-12-12,COCHINSHIP,SELL,380,307.0,174.99,-10700.989999999996,STOP
2022-12-23,IRCTC,SELL,172,634.5,163.701,-12656.801000000003,STOP
2022-12-23,INDIACEM,SELL,529,214.2,169.96769999999998,-15127.917700000009,STOP
2022-12-26,KPITTECH,SELL,177,650.95,172.82722500000003,-11151.027224999993,STOP
2022-12-26,RENUKA,SELL,2173,50.85,165.745575,-17658.395574999995,STOP
2022-12-26,CONCOR,SELL,205,568.8,174.90599999999998,-10568.40600000001,STOP
2022-12-26,MRF,SELL,1,85802.45,128.703675,-8326.253675000004,STOP
2023-01-02,ESCORTS,SELL,55,2161.95,178.360875,1803.4724583333316,REBAL_EXIT
2023-01-02,BDL,SELL,262,471.0,185.103,9297.897000000006,REBAL_EXIT
2023-01-02,APOLLOTYRE,SELL,401,324.3,195.06645,2471.583550000014,REBAL_EXIT
2023-01-02,FEDERALBNK,SELL,79,139.75,16.560375,2536.431757505177,REBAL_TRIM
2023-01-02,INDUSINDBK,SELL,7,1220.1,12.811049999999998,1192.666727777777,REBAL_TRIM
2023-01-02,IDFCFIRSTB,SELL,68,58.5,5.9670000000000005,646.8330000000001,REBAL_TRIM
2023-01-02,RBLBANK,SELL,140,180.55,37.9155,9454.084500000003,REBAL_TRIM
2023-01-02,BHEL,BUY,41,79.55,4.892325,0.0,REBAL_ENTRY
2023-01-02,SAMMAANCAP,SELL,107,138.35,22.205175,3524.844824999999,REBAL_TRIM
2023-01-02,TIINDIA,SELL,1,2757.95,4.136925,-24.98692500000036,REBAL_TRIM
2023-01-02,BHARATFORG,SELL,7,883.0,9.2715,148.57849999999968,REBAL_TRIM
2023-01-02,ACC,BUY,1,2440.0,3.66,0.0,REBAL_ENTRY
2023-01-02,UCOBANK,BUY,3919,31.8,186.9363,0.0,REBAL_ENTRY
2023-01-02,RVNL,BUY,1808,68.25,185.094,0.0,REBAL_ENTRY
2023-01-02,BANKINDIA,BUY,1496,83.12,186.52128000000002,0.0,REBAL_ENTRY
2023-01-02,IOB,BUY,3845,32.4,186.867,0.0,REBAL_ENTRY
2023-01-02,MAHABANK,BUY,4034,30.85,186.67335000000003,0.0,REBAL_ENTRY
2023-01-02,SUZLON,BUY,11646,10.7,186.9183,0.0,REBAL_ENTRY
2023-01-02,YESBANK,BUY,5992,20.85,187.39980000000003,0.0,REBAL_ENTRY
2023-01-02,PERSISTENT,BUY,63,1944.5,183.75525000000002,0.0,REBAL_ENTRY
2023-01-02,LICI,BUY,369,334.65,185.22877499999998,0.0,REBAL_ENTRY
2023-01-02,COCHINSHIP,BUY,462,265.5,183.9915,0.0,REBAL_ENTRY
2023-01-02,KPITTECH,BUY,169,707.8,179.4273,0.0,REBAL_ENTRY
2023-01-11,IOB,SELL,3845,29.75,171.583125,-10360.833124999994,STOP
2023-01-11,COCHINSHIP,SELL,462,244.45,169.40385,-9894.503850000006,STOP
2023-01-18,ACC,SELL,50,2348.2,176.11499999999998,-11038.11500000001,STOP
2023-01-19,SUZLON,SELL,11646,9.8,171.1962,-10652.596199999984,STOP
2023-01-24,YESBANK,SELL,5992,18.2,163.5816,-16042.381600000012,STOP
2023-01-30,UCOBANK,SELL,3919,27.6,162.24660000000003,-16622.046599999994,STOP
2023-01-30,BANKINDIA,SELL,1496,72.79,163.34076000000002,-15617.020759999996,STOP
2023-01-30,MAHABANK,SELL,4034,27.8,168.2178,-12471.917800000003,STOP
2023-02-01,INDUSINDBK,SELL,101,1094.0,165.741,4491.48122222222,REBAL_EXIT
2023-02-01,SAMMAANCAP,SELL,895,110.7,148.61475000000002,4773.88525,REBAL_EXIT
2023-02-01,TIINDIA,SELL,44,2610.15,172.2699,-7592.869900000004,REBAL_EXIT
2023-02-01,BHARATFORG,SELL,140,884.85,185.8185,3230.181499999997,REBAL_EXIT
2023-02-01,KPITTECH,SELL,169,775.0,196.4625,11160.337500000009,REBAL_EXIT
2023-02-01,FEDERALBNK,SELL,16,135.45,3.2508,445.0108977225673,REBAL_TRIM
2023-02-01,IDFCFIRSTB,SELL,86,58.95,7.60455,856.6954500000004,REBAL_TRIM
2023-02-01,RBLBANK,BUY,64,157.8,15.148800000000001,0.0,REBAL_ENTRY
2023-02-01,BHEL,SELL,64,79.15,7.598400000000001,1166.3805473684217,REBAL_TRIM
2023-02-01,RVNL,SELL,269,77.9,31.432650000000002,2564.4173500000015,REBAL_TRIM
2023-02-01,PERSISTENT,SELL,14,2350.5,49.3605,5634.6395,REBAL_TRIM
2023-02-01,LICI,SELL,2,322.45,0.9673499999999999,-25.367349999999977,REBAL_TRIM
2023-02-01,UCOBANK,BUY,3952,30.2,179.0256,0.0,REBAL_ENTRY
2023-02-01,MAHABANK,BUY,3854,30.9,178.63289999999998,0.0,REBAL_ENTRY
2023-02-01,CENTRALBK,BUY,3899,30.45,178.086825,0.0,REBAL_ENTRY
2023-02-01,IOB,BUY,4118,29.1,179.7507,0.0,REBAL_ENTRY
2023-02-01,BANKINDIA,BUY,1516,78.5,178.50900000000001,0.0,REBAL_ENTRY
2023-02-01,IRB,BUY,8194,14.45,177.60494999999997,0.0,REBAL_ENTRY
2023-02-01,SUZLON,BUY,11957,10.1,181.14855,0.0,REBAL_ENTRY
2023-02-01,RCF,BUY,969,122.95,178.707825,0.0,REBAL_ENTRY
2023-02-01,COFORGE,BUY,133,880.0,175.56,0.0,REBAL_ENTRY
2023-02-01,IDBI,BUY,2244,53.0,178.398,0.0,REBAL_ENTRY
2023-02-01,POLICYBZR,BUY,273,427.95,175.245525,0.0,REBAL_ENTRY
2023-02-01,APOLLOTYRE,BUY,364,322.3,175.9758,0.0,REBAL_ENTRY
2023-02-01,SAIL,BUY,1146,91.3,156.9447,0.0,REBAL_ENTRY
2023-02-02,LICI,SELL,367,284.9,156.83745,-18415.08745,STOP
2023-02-02,SUZLON,SELL,11957,9.15,164.109825,-11523.259824999992,STOP
2023-02-03,IOB,SELL,4118,27.1,167.3967,-8403.3967,STOP
2023-02-06,CENTRALBK,SELL,3899,28.0,163.758,-9716.307999999997,STOP
2023-02-06,RCF,SELL,969,113.0,164.2455,-9805.795500000004,STOP
2023-02-07,UCOBANK,SELL,3952,27.85,165.09480000000002,-9452.294799999992,STOP
2023-02-08,MAHABANK,SELL,3854,28.25,163.31325,-10376.413249999994,STOP
2023-02-08,SAIL,SELL,1146,82.45,141.73155,-10283.831549999994,STOP
2023-02-14,COFORGE,SELL,133,803.5,160.29825,-10334.79825,STOP
2023-02-15,IDBI,SELL,2244,48.2,162.24120000000002,-10933.441199999994,STOP
2023-02-20,BANKINDIA,SELL,1516,70.74,160.86276,-11925.022760000007,STOP
2023-02-23,RVNL,SELL,1539,62.3,143.81955,-9300.869550000005,STOP
2023-03-01,BHEL,SELL,1494,69.75,156.30975,13205.161302631588,REBAL_EXIT
2023-03-01,APOLLOTYRE,SELL,364,314.0,171.44400000000002,-3192.6440000000043,REBAL_EXIT
2023-03-01,FEDERALBNK,SELL,11,129.85,2.142525,244.43739218426506,REBAL_TRIM
2023-03-01,IDFCFIRSTB,BUY,2,55.25,0.16575,0.0,REBAL_ENTRY
2023-03-01,RBLBANK,SELL,39,155.7,9.10845,1516.413890425532,REBAL_TRIM
2023-03-01,PERSISTENT,SELL,3,2400.0,10.8,1355.7,REBAL_TRIM
2023-03-01,IRB,SELL,608,14.65,13.360800000000001,108.23920000000065,REBAL_TRIM
2023-03-01,POLICYBZR,SELL,74,562.25,62.40975,9875.79025,REBAL_TRIM
2023-03-01,FACT,BUY,474,235.0,167.085,0.0,REBAL_ENTRY
2023-03-01,UCOBANK,BUY,4291,26.0,167.349,0.0,REBAL_ENTRY
2023-03-01,KPITTECH,BUY,133,830.9,165.76454999999999,0.0,REBAL_ENTRY
2023-03-01,POLYCAB,BUY,36,3084.0,166.536,0.0,REBAL_ENTRY
2023-03-01,PAYTM,BUY,186,600.25,167.46975,0.0,REBAL_ENTRY
2023-03-01,IOB,BUY,4573,24.3,166.68585000000002,0.0,REBAL_ENTRY
2023-03-01,COFORGE,BUY,129,858.5,166.11975,0.0,REBAL_ENTRY
2023-03-01,CENTRALBK,BUY,4291,26.0,167.349,0.0,REBAL_ENTRY
2023-03-01,YESBANK,BUY,6369,17.55,167.66392500000003,0.0,REBAL_ENTRY
2023-03-01,ASHOKLEY,BUY,1580,70.2,166.374,0.0,REBAL_ENTRY
2023-03-01,BHARATFORG,BUY,136,817.0,166.668,0.0,REBAL_ENTRY
2023-03-01,BANDHANBNK,BUY,481,230.6,166.37789999999998,0.0,REBAL_ENTRY
2023-03-01,SAIL,BUY,1343,83.0,167.2035,0.0,REBAL_ENTRY
2023-03-01,MAHABANK,BUY,4241,25.7,163.49055,0.0,REBAL_ENTRY
2023-03-14,YESBANK,SELL,6369,15.7,149.98995,-11932.639950000008,STOP
2023-03-15,COFORGE,SELL,129,792.0,153.252,-8731.752,STOP
2023-03-15,BANDHANBNK,SELL,481,209.0,150.7935,-10540.393499999996,STOP
2023-03-16,FACT,SELL,474,215.5,153.22050000000002,-9396.2205,STOP
2023-03-21,IRB,SELL,7586,12.8,145.65120000000002,-12662.551199999989,STOP
2023-03-21,CENTRALBK,SELL,4291,24.1,155.11965,-8308.019649999995,STOP
2023-03-27,UCOBANK,SELL,4291,23.85,153.510525,-9379.160524999994,STOP
2023-03-27,POLYCAB,SELL,36,2825.0,152.55,-9476.55,STOP
2023-03-27,IOB,SELL,4573,22.3,152.96685000000002,-9298.96685,STOP
2023-03-28,MAHABANK,SELL,4241,23.2,147.5868,-10750.0868,STOP
2023-03-29,BHARATFORG,SELL,136,750.2,153.04080000000002,-9237.840799999994,STOP
2023-04-03,RBLBANK,SELL,713,141.15,150.959925,17364.56773457448,REBAL_EXIT
2023-04-03,FEDERALBNK,SELL,57,133.0,11.371500000000001,1445.9107981366467,REBAL_TRIM
2023-04-03,IDFCFIRSTB,SELL,83,55.2,6.872400000000001,515.504473449132,REBAL_TRIM
2023-04-03,POLICYBZR,SELL,33,641.6,31.7592,7018.6908,REBAL_TRIM
2023-04-03,KPITTECH,SELL,19,928.45,26.460825,1826.989175000001,REBAL_TRIM
2023-04-03,PAYTM,SELL,19,641.0,18.2685,755.9815,REBAL_TRIM
2023-04-03,ASHOKLEY,BUY,5,68.0,0.51,0.0,REBAL_ENTRY
2023-04-03,SAIL,SELL,57,83.85,7.169175,41.28082499999967,REBAL_TRIM
2023-04-03,POLYCAB,BUY,36,2903.4,156.7836,0.0,REBAL_ENTRY
2023-04-03,SRF,BUY,44,2428.2,160.26119999999997,0.0,REBAL_ENTRY
2023-04-03,BDL,BUY,215,495.0,159.63750000000002,0.0,REBAL_ENTRY
2023-04-03,VOLTAS,BUY,129,823.45,159.33757500000002,0.0,REBAL_ENTRY
2023-04-03,UPL,BUY,154,689.2,159.20520000000002,0.0,REBAL_ENTRY
2023-04-03,NAUKRI,BUY,142,749.5,159.64350000000002,0.0,REBAL_ENTRY
2023-04-03,COFORGE,BUY,139,770.0,160.54500000000002,0.0,REBAL_ENTRY
2023-04-03,NATIONALUM,BUY,1385,77.15,160.27912500000002,0.0,REBAL_ENTRY
2023-04-03,ICICIPRULI,BUY,244,435.85,159.52110000000002,0.0,REBAL_ENTRY
2023-04-03,LTTS,BUY,31,3400.0,158.1,0.0,REBAL_ENTRY
2023-04-03,PVRINOX,BUY,69,1542.05,159.602175,0.0,REBAL_ENTRY
2023-04-03,MFSL,BUY,167,634.95,159.054975,0.0,REBAL_ENTRY
2023-05-02,SAIL,SELL,1286,83.0,160.107,-160.107,REBAL_EXIT
2023-05-02,POLYCAB,SELL,36,3209.0,173.286,10828.313999999997,REBAL_EXIT
2023-05-02,COFORGE,SELL,139,838.0,174.723,9277.277,REBAL_EXIT
2023-05-02,NATIONALUM,SELL,1385,81.46,169.23315,5800.116849999983,REBAL_EXIT
2023-05-02,ICICIPRULI,SELL,244,433.05,158.4963,-841.6963000000028,REBAL_EXIT
2023-05-02,PVRINOX,SELL,69,1460.55,151.166925,-5774.6669249999995,REBAL_EXIT
2023-05-02,MFSL,SELL,167,646.45,161.93572500000002,1758.564275,REBAL_EXIT
2023-05-02,FEDERALBNK,BUY,6,135.55,1.21995,0.0,REBAL_ENTRY
2023-05-02,IDFCFIRSTB,SELL,156,63.5,14.859,2261.757774193549,REBAL_TRIM
2023-05-02,POLICYBZR,BUY,15,601.9,13.54275,0.0,REBAL_ENTRY
2023-05-02,KPITTECH,BUY,5,921.35,6.910125,0.0,REBAL_ENTRY
2023-05-02,ASHOKLEY,SELL,37,70.5,3.91275,7.444032334385073,REBAL_TRIM
2023-05-02,SRF,SELL,2,2544.0,7.632000000000001,223.96800000000036,REBAL_TRIM
2023-05-02,BDL,BUY,2,506.45,1.51935,0.0,REBAL_ENTRY
2023-05-02,VOLTAS,BUY,7,795.95,8.357475,0.0,REBAL_ENTRY
2023-05-02,UPL,SELL,1,713.95,1.0709250000000001,23.679075,REBAL_TRIM
2023-05-02,NAUKRI,BUY,2,755.0,2.265,0.0,REBAL_ENTRY
2023-05-02,LTTS,SELL,3,3780.0,17.01,1122.99,REBAL_TRIM
2023-05-02,AUROPHARMA,BUY,176,617.95,163.13880000000003,0.0,REBAL_ENTRY
2023-05-02,RVNL,BUY,1015,112.5,171.28125,0.0,REBAL_ENTRY
2023-05-02,OLECTRA,BUY,165,665.7,164.76075000000003,0.0,REBAL_ENTRY
2023-05-02,PIIND,BUY,32,3370.0,161.76,0.0,REBAL_ENTRY
2023-05-02,AUBANK,BUY,164,669.95,164.8077,0.0,REBAL_ENTRY
2023-05-02,RBLBANK,BUY,674,159.3,161.05230000000003,0.0,REBAL_ENTRY
2023-05-02,DIXON,BUY,37,2929.0,162.5595,0.0,REBAL_ENTRY
2023-05-18,RBLBANK,SELL,674,145.95,147.55544999999998,-9145.455450000016,STOP
2023-06-01,FEDERALBNK,SELL,809,125.25,151.99087500000002,14092.743079451353,REBAL_EXIT
2023-06-01,ASHOKLEY,SELL,1548,70.9,164.62980000000002,929.7134176656328,REBAL_EXIT
2023-06-01,BDL,SELL,217,550.0,179.025,11733.075000000006,REBAL_EXIT
2023-06-01,VOLTAS,SELL,136,820.05,167.2902,-437.19020000000967,REBAL_EXIT
2023-06-01,UPL,SELL,153,657.1,150.80445,-5062.104450000003,REBAL_EXIT
2023-06-01,NAUKRI,SELL,144,820.0,177.12,9963.879999999996,REBAL_EXIT
2023-06-01,LTTS,SELL,28,3916.95,164.5119,14310.088099999995,REBAL_EXIT
2023-06-01,IDFCFIRSTB,SELL,155,71.5,16.62375,3485.3993269230773,REBAL_TRIM
2023-06-01,PERSISTENT,SELL,1,2579.0,3.8685,630.6315,REBAL_TRIM
2023-06-01,POLICYBZR,BUY,10,605.0,9.075000000000001,0.0,REBAL_ENTRY
2023-06-01,KPITTECH,SELL,10,1060.0,15.9,2237.095798319329,REBAL_TRIM
2023-06-01,PAYTM,SELL,1,697.35,1.046025,96.05397500000002,REBAL_TRIM
2023-06-01,SRF,BUY,4,2503.0,15.018,0.0,REBAL_ENTRY
2023-06-01,RVNL,SELL,48,122.95,8.852400000000001,492.74760000000015,REBAL_TRIM
2023-06-01,OLECTRA,SELL,7,738.0,7.7490000000000006,498.35099999999966,REBAL_TRIM
2023-06-01,AUBANK,SELL,15,778.0,17.505,1603.2449999999992,REBAL_TRIM
2023-06-01,DIXON,SELL,8,3893.05,46.7166,7665.683400000002,REBAL_TRIM
2023-06-01,IRCON,BUY,1431,81.15,174.188475,0.0,REBAL_ENTRY
2023-06-01,TATAELXSI,BUY,15,7478.8,168.273,0.0,REBAL_ENTRY
2023-06-01,SONACOMS,BUY,214,539.0,173.019,0.0,REBAL_ENTRY
2023-06-01,AWL,BUY,266,440.0,175.56,0.0,REBAL_ENTRY
2023-06-01,INDUSINDBK,BUY,90,1280.0,172.8,0.0,REBAL_ENTRY
2023-06-01,BHEL,BUY,1418,82.0,174.41400000000002,0.0,REBAL_ENTRY
2023-06-01,BANDHANBNK,BUY,433,267.2,173.54639999999998,0.0,REBAL_ENTRY
2023-06-01,HEROMOTOCO,BUY,44,2593.75,171.1875,0.0,REBAL_ENTRY
2023-06-22,BANDHANBNK,SELL,433,241.6,156.91920000000002,-11241.719199999998,STOP
2023-06-26,AWL,SELL,266,400.0,159.6,-10799.6,STOP
2023-07-03,PERSISTENT,SELL,45,2527.5,170.60625000000002,26064.39375,REBAL_EXIT
2023-07-03,POLICYBZR,SELL,191,696.55,199.56157499999998,46723.288425,REBAL_EXIT
2023-07-03,SRF,SELL,46,2300.0,158.70000000000002,-6355.099999999985,REBAL_EXIT
2023-07-03,IDFCFIRSTB,SELL,83,79.95,9.953775,2566.673098449132,REBAL_TRIM
2023-07-03,KPITTECH,BUY,3,1096.05,4.932225,0.0,REBAL_ENTRY
2023-07-03,PAYTM,SELL,26,871.8,34.0002,7026.299799999999,REBAL_TRIM
2023-07-03,AUROPHARMA,SELL,9,728.1,9.829350000000002,981.5206499999998,REBAL_TRIM
2023-07-03,RVNL,BUY,35,122.9,6.45225,0.0,REBAL_ENTRY
2023-07-03,OLECTRA,SELL,33,980.0,48.51,10323.389999999998,REBAL_TRIM
2023-07-03,PIIND,SELL,1,3939.6,5.9094,563.6905999999999,REBAL_TRIM
2023-07-03,AUBANK,BUY,13,760.0,14.82,0.0,REBAL_ENTRY
2023-07-03,DIXON,SELL,2,4410.05,13.23015,2948.8698500000005,REBAL_TRIM
2023-07-03,IRCON,BUY,31,83.95,3.9036750000000007,0.0,REBAL_ENTRY
2023-07-03,TATAELXSI,BUY,1,7618.05,11.427075,0.0,REBAL_ENTRY
2023-07-03,SONACOMS,BUY,22,516.05,17.029649999999997,0.0,REBAL_ENTRY
2023-07-03,INDUSINDBK,SELL,2,1379.95,4.13985,195.7601500000001,REBAL_TRIM
2023-07-03,BHEL,SELL,25,87.65,3.286875,137.96312500000013,REBAL_TRIM
2023-07-03,SUZLON,BUY,7983,15.75,188.598375,0.0,REBAL_ENTRY
2023-07-03,GODREJPROP,BUY,77,1574.9,181.90095,0.0,REBAL_ENTRY
2023-07-03,M&MFIN,BUY,389,313.9,183.16065,0.0,REBAL_ENTRY
2023-07-03,RPOWER,BUY,8693,14.2,185.1609,0.0,REBAL_ENTRY
2023-07-03,RBLBANK,BUY,671,182.7,183.88755,0.0,REBAL_ENTRY
2023-07-31,M&MFIN,SELL,389,278.5,162.50475,-13933.104749999991,STOP
2023-08-01,RVNL,SELL,1002,125.9,189.2277,12873.572300000007,REBAL_EXIT
2023-08-01,PIIND,SELL,31,3629.9,168.79035000000002,7888.109650000003,REBAL_EXIT
2023-08-01,AUBANK,SELL,162,730.1,177.4143,8396.235700000001,REBAL_EXIT
2023-08-01,IRCON,SELL,1462,98.1,215.1333,24478.966699999983,REBAL_EXIT
2023-08-01,TATAELXSI,SELL,16,7240.0,173.76,-4133.810000000003,REBAL_EXIT
2023-08-01,SONACOMS,SELL,236,575.0,203.55,8797.350000000008,REBAL_EXIT
2023-08-01,GODREJPROP,SELL,77,1749.95,202.119225,13276.730774999996,REBAL_EXIT
2023-08-01,IDFCFIRSTB,SELL,45,87.65,5.916375,1737.5500021712162,REBAL_TRIM
2023-08-01,KPITTECH,BUY,8,1088.4,13.060800000000002,0.0,REBAL_ENTRY
2023-08-01,PAYTM,BUY,22,802.8,26.4924,0.0,REBAL_ENTRY
2023-08-01,AUROPHARMA,SELL,9,827.3,11.16855,1872.981449999999,REBAL_TRIM
2023-08-01,OLECTRA,SELL,12,1164.6,20.962799999999998,5965.837199999998,REBAL_TRIM
2023-08-01,DIXON,BUY,4,4142.0,24.852,0.0,REBAL_ENTRY
2023-08-01,INDUSINDBK,BUY,3,1420.75,6.393375,0.0,REBAL_ENTRY
2023-08-01,BHEL,SELL,142,104.7,22.301099999999998,3201.0989000000004,REBAL_TRIM
2023-08-01,HEROMOTOCO,SELL,1,3048.45,4.572674999999999,450.1273249999998,REBAL_TRIM
2023-08-01,SUZLON,SELL,1113,19.55,32.638725,4196.761275000001,REBAL_TRIM
2023-08-01,RPOWER,SELL,778,16.5,19.2555,1770.1445000000006,REBAL_TRIM
2023-08-01,RBLBANK,SELL,100,229.4,34.410000000000004,4635.590000000002,REBAL_TRIM
2023-08-01,TANLA,BUY,108,1197.7,194.0274,0.0,REBAL_ENTRY
2023-08-01,BSOFT,BUY,304,428.0,195.168,0.0,REBAL_ENTRY
2023-08-01,TATACOMM,BUY,72,1799.95,194.39460000000003,0.0,REBAL_ENTRY
2023-08-01,POLYCAB,BUY,27,4844.95,196.220475,0.0,REBAL_ENTRY
2023-08-01,CEATLTD,BUY,52,2485.0,193.83,0.0,REBAL_ENTRY
2023-08-01,LTF,BUY,987,132.0,195.42600000000002,0.0,REBAL_ENTRY
2023-08-01,MANAPPURAM,BUY,936,139.7,196.13879999999997,0.0,REBAL_ENTRY
2023-08-01,SAMMAANCAP,BUY,1016,129.25,196.977,0.0,REBAL_ENTRY
2023-08-16,TANLA,SELL,108,1101.05,178.3701,-10616.57010000001,STOP
2023-08-16,CEATLTD,SELL,52,2268.6,176.9508,-11429.750800000005,STOP
2023-08-18,LTF,SELL,987,120.25,178.030125,-11775.280125,STOP
2023-09-01,KPITTECH,SELL,120,1182.0,212.76,38649.544201680685,REBAL_EXIT
2023-09-01,INDUSINDBK,SELL,91,1382.0,188.643,8671.107,REBAL_EXIT
2023-09-01,HEROMOTOCO,SELL,43,2763.6,178.25220000000002,7125.297799999996,REBAL_EXIT
2023-09-01,BSOFT,SELL,304,512.9,233.88240000000002,25575.717599999993,REBAL_EXIT
2023-09-01,IDFCFIRSTB,BUY,11,91.8,1.5147,0.0,REBAL_ENTRY
2023-09-01,PAYTM,BUY,2,855.4,2.5662,0.0,REBAL_ENTRY
2023-09-01,AUROPHARMA,BUY,11,830.0,13.695,0.0,REBAL_ENTRY
2023-09-01,OLECTRA,SELL,1,1262.0,1.893,594.4069999999999,REBAL_TRIM
2023-09-01,DIXON,SELL,3,5009.65,22.543425,5749.8581879032245,REBAL_TRIM
2023-09-01,BHEL,SELL,93,122.0,17.019000000000002,3702.981,REBAL_TRIM
2023-09-01,SUZLON,SELL,1149,24.55,42.311925,10068.888075,REBAL_TRIM
2023-09-01,RPOWER,SELL,581,19.3,16.819950000000002,2946.2800500000008,REBAL_TRIM
2023-09-01,RBLBANK,BUY,17,237.6,6.0588,0.0,REBAL_ENTRY
2023-09-01,TATACOMM,BUY,6,1794.3,16.148699999999998,0.0,REBAL_ENTRY
2023-09-01,MANAPPURAM,SELL,28,154.95,6.507899999999999,420.4921,REBAL_TRIM
2023-09-01,SAMMAANCAP,SELL,222,178.3,59.37390000000001,10829.726100000002,REBAL_TRIM
2023-09-01,BSE,BUY,396,355.5,211.167,0.0,REBAL_ENTRY
2023-09-01,GLAND,BUY,80,1749.75,209.97,0.0,REBAL_ENTRY
2023-09-01,COCHINSHIP,BUY,310,455.1,211.6215,0.0,REBAL_ENTRY
2023-09-01,HCC,BUY,6012,23.44,211.38192,0.0,REBAL_ENTRY
2023-09-01,IRCON,BUY,1232,114.6,211.78079999999997,0.0,REBAL_ENTRY
2023-09-01,JSWENERGY,BUY,400,351.4,210.84,0.0,REBAL_ENTRY
2023-09-01,ZEEL,BUY,546,257.45,210.85154999999997,0.0,REBAL_ENTRY
2023-09-13,HCC,SELL,6012,19.53,176.12154,-23683.041540000002,STOP
2023-10-03,IDFCFIRSTB,SELL,1504,95.65,215.78640000000001,69614.9036248139,REBAL_EXIT
2023-10-03,PAYTM,SELL,164,856.0,210.576,36766.02399999997,REBAL_EXIT
2023-10-03,MANAPPURAM,SELL,908,149.0,202.93800000000002,8241.46200000001,REBAL_EXIT
2023-10-03,GLAND,SELL,80,1674.9,200.988,-6188.987999999993,REBAL_EXIT
2023-10-03,AUROPHARMA,SELL,8,917.0,11.004,2270.9794319526627,REBAL_TRIM
2023-10-03,OLECTRA,BUY,11,1200.85,19.814024999999997,0.0,REBAL_ENTRY
2023-10-03,BHEL,SELL,28,131.0,5.502,1366.498,REBAL_TRIM
2023-10-03,SUZLON,BUY,20,25.95,0.7785,0.0,REBAL_ENTRY
2023-10-03,RPOWER,BUY,360,19.3,10.422,0.0,REBAL_ENTRY
2023-10-03,RBLBANK,SELL,2,251.85,0.7555499999999999,134.36996020408165,REBAL_TRIM
2023-10-03,TATACOMM,SELL,2,1932.75,5.79825,260.6709807692303,REBAL_TRIM
2023-10-03,SAMMAANCAP,BUY,101,165.35,25.050524999999997,0.0,REBAL_ENTRY
2023-10-03,BSE,SELL,54,433.5,35.1135,4176.8865,REBAL_TRIM
2023-10-03,COCHINSHIP,SELL,38,543.0,30.951,3309.248999999999,REBAL_TRIM
2023-10-03,IRCON,SELL,210,145.0,45.675000000000004,6338.325000000001,REBAL_TRIM
2023-10-03,JSWENERGY,SELL,62,437.4,40.6782,5291.3218,REBAL_TRIM
2023-10-03,ZEEL,BUY,25,259.11,9.716625,0.0,REBAL_ENTRY
2023-10-03,IOB,BUY,3168,46.95,223.1064,0.0,REBAL_ENTRY
2023-10-03,RAILTEL,BUY,661,223.7,221.79854999999998,0.0,REBAL_ENTRY
2023-10-03,SJVN,BUY,2024,72.95,221.47620000000003,0.0,REBAL_ENTRY
2023-10-03,IDEA,BUY,12714,11.75,224.08425,0.0,REBAL_ENTRY
2023-10-03,MAHABANK,BUY,3108,47.65,222.1443,0.0,REBAL_ENTRY
2023-10-19,IOB,SELL,3168,42.9,203.86079999999998,-13034.260800000015,STOP
2023-10-23,MAHABANK,SELL,3108,43.9,204.66179999999997,-11859.6618,STOP
2023-10-25,TATACOMM,SELL,76,1612.0,183.768,-14434.937230769248,STOP
2023-10-25,SJVN,SELL,2024,66.75,202.653,-12751.453000000007,STOP
2023-10-27,ZEEL,SELL,571,235.07,201.337455,-13021.817454999999,STOP
2023-10-27,IDEA,SELL,12714,10.65,203.10615,-14188.506149999996,STOP
2023-11-01,AUROPHARMA,SELL,161,850.0,205.275,34932.64156804734,REBAL_EXIT
2023-11-01,OLECTRA,SELL,123,1144.0,211.068,52733.18200000001,REBAL_EXIT
2023-11-01,RPOWER,SELL,7694,16.9,195.0429,18742.757099999995,REBAL_EXIT
2023-11-01,RBLBANK,SELL,586,221.4,194.6106,21553.46388979593,REBAL_EXIT
2023-11-01,POLYCAB,SELL,27,4922.1,199.34505000000001,1883.7049500000148,REBAL_EXIT
2023-11-01,SAMMAANCAP,SELL,895,145.0,194.6625,10255.487499999987,REBAL_EXIT
2023-11-01,DIXON,SELL,1,5125.0,7.6875,2031.796370967742,REBAL_TRIM
2023-11-01,BHEL,BUY,36,121.3,6.5502,0.0,REBAL_ENTRY
2023-11-01,SUZLON,SELL,1136,30.7,52.312799999999996,16890.520713325204,REBAL_TRIM
2023-11-01,BSE,SELL,116,626.0,108.924,31269.076,REBAL_TRIM
2023-11-01,COCHINSHIP,BUY,24,477.2,17.179199999999998,0.0,REBAL_ENTRY
2023-11-01,IRCON,SELL,7,139.65,1.466325,173.88367500000007,REBAL_TRIM
2023-11-01,JSWENERGY,BUY,27,376.95,15.266475,0.0,REBAL_ENTRY
2023-11-01,RAILTEL,SELL,29,223.5,9.72225,-15.522249999999671,REBAL_TRIM
2023-11-01,ITI,BUY,522,271.45,212.54534999999998,0.0,REBAL_ENTRY
2023-11-01,GMDCLTD,BUY,393,359.9,212.16105,0.0,REBAL_ENTRY
2023-11-01,IDEA,BUY,11891,11.9,212.25435,0.0,REBAL_ENTRY
2023-11-01,IOB,BUY,3585,39.3,211.33575,0.0,REBAL_ENTRY
2023-11-01,NBCC,BUY,3222,44.0,212.65200000000002,0.0,REBAL_ENTRY
2023-11-01,MCX,BUY,302,471.0,213.363,0.0,REBAL_ENTRY
2023-11-01,CENTRALBK,BUY,3261,43.45,212.53567500000003,0.0,REBAL_ENTRY
2023-11-01,NMDC,BUY,2998,47.0,211.359,0.0,REBAL_ENTRY
2023-11-01,PERSISTENT,BUY,45,3087.5,208.40625,0.0,REBAL_ENTRY
2023-11-01,SJVN,BUY,1983,71.35,212.230575,0.0,REBAL_ENTRY
2023-11-01,MAHABANK,BUY,3375,41.9,212.11875,0.0,REBAL_ENTRY
2023-11-01,RVNL,BUY,893,155.0,207.6225,0.0,REBAL_ENTRY
2023-11-03,GMDCLTD,SELL,393,328.15,193.444425,-12671.194425,STOP
2023-12-01,DIXON,SELL,27,5530.0,223.965,65777.09951612903,REBAL_EXIT
2023-12-01,JSWENERGY,SELL,365,411.0,225.0225,20839.127500000013,REBAL_EXIT
2023-12-01,MAHABANK,SELL,3375,44.1,223.25625,7201.74375000001,REBAL_EXIT
2023-12-01,BHEL,SELL,216,171.35,55.5174,18981.99272006861,REBAL_TRIM
2023-12-01,SUZLON,SELL,631,40.0,37.86,15241.46812227835,REBAL_TRIM
2023-12-01,BSE,SELL,30,833.5,37.5075,14302.4925,REBAL_TRIM
2023-12-01,COCHINSHIP,SELL,28,600.0,25.2,3981.8270270270277,REBAL_TRIM
2023-12-01,IRCON,SELL,37,167.5,9.29625,1948.00375,REBAL_TRIM
2023-12-01,RAILTEL,SELL,75,291.15,32.754375,5025.995624999999,REBAL_TRIM
2023-12-01,ITI,BUY,81,270.2,32.8293,0.0,REBAL_ENTRY
2023-12-01,IDEA,BUY,520,13.3,10.374,0.0,REBAL_ENTRY
2023-12-01,IOB,BUY,531,39.55,31.501575,0.0,REBAL_ENTRY
2023-12-01,NBCC,SELL,30,51.33,2.30985,217.59014999999994,REBAL_TRIM
2023-12-01,MCX,SELL,49,642.0,47.187,8331.813,REBAL_TRIM
2023-12-01,CENTRALBK,BUY,416,44.25,27.612000000000002,0.0,REBAL_ENTRY
2023-12-01,NMDC,SELL,72,55.8,6.0264,627.5735999999998,REBAL_TRIM
2023-12-01,PERSISTENT,BUY,5,3222.5,24.16875,0.0,REBAL_ENTRY
2023-12-01,SJVN,SELL,77,85.8,9.909899999999999,1102.7401000000002,REBAL_TRIM
2023-12-01,RVNL,BUY,93,164.85,22.996575,0.0,REBAL_ENTRY
2023-12-01,TATAINVEST,BUY,382,427.0,244.671,0.0,REBAL_ENTRY
2023-12-01,CDSL,BUY,171,952.5,244.31625,0.0,REBAL_ENTRY
2023-12-01,GMDCLTD,BUY,393,413.0,243.4635,0.0,REBAL_ENTRY
2023-12-01,ANGELONE,BUY,528,308.0,243.936,0.0,REBAL_ENTRY
2024-01-01,IRCON,SELL,978,172.2,252.61739999999998,56080.18259999999,REBAL_EXIT
2024-01-01,RAILTEL,SELL,557,340.9,284.82195,64995.57805,REBAL_EXIT
2024-01-01,IOB,SELL,4116,43.25,267.0255,15858.424500000017,REBAL_EXIT
2024-01-01,CENTRALBK,SELL,3677,50.25,277.153875,24393.64612499998,REBAL_EXIT
2024-01-01,RVNL,SELL,986,181.9,269.0301,25338.319900000024,REBAL_EXIT
2024-01-01,TATAINVEST,SELL,382,432.0,247.536,1662.464,REBAL_EXIT
2024-01-01,GMDCLTD,SELL,393,409.45,241.370775,-1636.5207750000045,REBAL_EXIT
2024-01-01,BHEL,SELL,50,199.0,14.925,5774.406046312179,REBAL_TRIM
2024-01-01,SUZLON,BUY,588,38.5,33.957,0.0,REBAL_ENTRY
2024-01-01,BSE,BUY,39,741.5,43.37775,0.0,REBAL_ENTRY
2024-01-01,COCHINSHIP,SELL,11,680.1,11.22165,2444.0675391891896,REBAL_TRIM
2024-01-01,ITI,SELL,31,305.45,14.203425,1045.0017988805969,REBAL_TRIM
2024-01-01,IDEA,SELL,1518,16.2,36.8874,6401.470298815567,REBAL_TRIM
2024-01-01,NBCC,BUY,13,54.63,1.065285,0.0,REBAL_ENTRY
2024-01-01,MCX,BUY,19,639.0,18.2115,0.0,REBAL_ENTRY
2024-01-01,NMDC,SELL,199,64.35,19.208475,3433.441524999999,REBAL_TRIM
2024-01-01,PERSISTENT,SELL,3,3712.5,16.70625,1817.79375,REBAL_TRIM
2024-01-01,SJVN,BUY,10,94.0,1.41,0.0,REBAL_ENTRY
2024-01-01,CDSL,BUY,20,912.5,27.375,0.0,REBAL_ENTRY
2024-01-01,ANGELONE,SELL,29,348.4,15.155399999999998,1156.4445999999994,REBAL_TRIM
2024-01-01,SWANCORP,BUY,341,514.0,262.911,0.0,REBAL_ENTRY
2024-01-01,HINDCOPPER,BUY,636,275.8,263.1132,0.0,REBAL_ENTRY
2024-01-01,HINDPETRO,BUY,730,243.25,266.35875,0.0,REBAL_ENTRY
2024-01-01,ATGL,BUY,176,992.4,261.9936,0.0,REBAL_ENTRY
2024-01-01,HUDCO,BUY,1383,126.0,261.387,0.0,REBAL_ENTRY
2024-01-01,JPPOWER,BUY,12494,14.0,262.374,0.0,REBAL_ENTRY
2024-01-01,HEROMOTOCO,BUY,43,3940.65,254.17192500000002,0.0,REBAL_ENTRY
2024-01-24,CDSL,SELL,191,872.5,249.97125,-14729.97124999999,STOP
2024-02-01,SUZLON,SELL,4562,47.3,323.67389999999995,130089.21446439644,REBAL_EXIT
2024-02-01,BSE,SELL,235,781.0,275.3025,84663.1975,REBAL_EXIT
2024-02-01,ITI,SELL,572,345.2,296.1816,41984.8631761194,REBAL_EXIT
2024-02-01,IDEA,SELL,10893,14.4,235.2888,26358.25350118444,REBAL_EXIT
2024-02-01,MCX,SELL,272,680.0,277.44,53378.56,REBAL_EXIT
2024-02-01,NMDC,SELL,2727,67.75,277.131375,56308.118625,REBAL_EXIT
2024-02-01,PERSISTENT,SELL,47,4212.5,296.98125,51943.51875,REBAL_EXIT
2024-02-01,ANGELONE,SELL,499,329.0,246.25650000000002,10232.7435,REBAL_EXIT
2024-02-01,JPPOWER,SELL,12494,18.65,349.51964999999996,57747.58034999998,REBAL_EXIT
2024-02-01,BHEL,SELL,12,230.5,4.149,1763.2904511149231,REBAL_TRIM
2024-02-01,COCHINSHIP,SELL,35,922.5,48.43125,16247.852533783785,REBAL_TRIM
2024-02-01,NBCC,SELL,856,87.33,112.13172,36941.44012399376,REBAL_TRIM
2024-02-01,SJVN,SELL,378,132.35,75.04244999999999,22938.272268162844,REBAL_TRIM
2024-02-01,SWANCORP,SELL,24,660.0,23.76,3480.24,REBAL_TRIM
2024-02-01,HINDCOPPER,BUY,65,290.65,28.338375,0.0,REBAL_ENTRY
2024-02-01,HINDPETRO,SELL,8,283.5,3.402,318.598,REBAL_TRIM
2024-02-01,ATGL,BUY,24,1018.3,36.6588,0.0,REBAL_ENTRY
2024-02-01,HUDCO,SELL,207,173.55,53.88727500000001,9788.962725000003,REBAL_TRIM
2024-02-01,HEROMOTOCO,BUY,2,4411.0,13.233,0.0,REBAL_ENTRY
2024-02-01,RVNL,BUY,657,312.0,307.476,0.0,REBAL_ENTRY
2024-02-01,RAILTEL,BUY,463,443.0,307.6635,0.0,REBAL_ENTRY
2024-02-01,NHPC,BUY,2229,91.95,307.43482500000005,0.0,REBAL_ENTRY
2024-02-01,IRCON,BUY,854,239.75,307.11975,0.0,REBAL_ENTRY
2024-02-01,RPOWER,BUY,6803,30.1,307.15545000000003,0.0,REBAL_ENTRY
2024-02-01,NATIONALUM,BUY,1391,147.36,307.46664000000004,0.0,REBAL_ENTRY
2024-02-01,LICI,BUY,436,467.5,305.745,0.0,REBAL_ENTRY
2024-02-01,HFCL,BUY,1966,103.95,306.54855000000003,0.0,REBAL_ENTRY
2024-02-01,OLECTRA,BUY,116,1751.2,304.7088,0.0,REBAL_ENTRY
2024-02-01,IRCTC,BUY,205,988.5,303.96375,0.0,REBAL_ENTRY
2024-02-06,RVNL,SELL,657,281.5,277.41825,-20315.91825,STOP
2024-02-06,RPOWER,SELL,6803,26.05,265.827225,-27817.977225000006,STOP
2024-02-12,RAILTEL,SELL,463,396.85,275.61232500000006,-21643.06232499999,STOP
2024-02-13,HINDCOPPER,SELL,701,240.75,253.148625,-25788.44862500001,STOP
2024-02-13,NHPC,SELL,2229,80.95,270.65632500000004,-24789.656325,STOP
2024-02-13,IRCON,SELL,854,196.75,252.03675,-36974.03675,STOP
2024-02-13,HFCL,SELL,1966,95.0,280.15500000000003,-17875.855000000003,STOP
2024-02-13,IRCTC,SELL,205,900.1,276.78075,-18398.780749999998,STOP
2024-03-01,ATGL,SELL,200,1033.0,309.90000000000003,7188.5000000000155,REBAL_EXIT
2024-03-01,HEROMOTOCO,SELL,45,4350.75,293.675625,17220.124374999978,REBAL_EXIT
2024-03-01,BHEL,SELL,15,230.0,5.175,2196.6243138936534,REBAL_TRIM
2024-03-01,COCHINSHIP,BUY,5,878.9,6.59175,0.0,REBAL_ENTRY
2024-03-01,NBCC,SELL,144,91.87,19.84392,6867.227231326053,REBAL_TRIM
2024-03-01,SJVN,BUY,103,122.9,18.98805,0.0,REBAL_ENTRY
2024-03-01,SWANCORP,SELL,51,751.85,57.516525,12072.833475,REBAL_TRIM
2024-03-01,HINDPETRO,SELL,102,324.5,49.6485,8237.8515,REBAL_TRIM
2024-03-01,HUDCO,SELL,136,192.9,39.351600000000005,9059.048400000001,REBAL_TRIM
2024-03-01,NATIONALUM,SELL,89,154.21,20.587035,589.0629649999995,REBAL_TRIM
2024-03-01,LICI,SELL,39,501.85,29.358225000000004,1310.291775000001,REBAL_TRIM
2024-03-01,OLECTRA,SELL,15,1978.0,44.505,3357.494999999999,REBAL_TRIM
2024-03-01,IREDA,BUY,1325,153.45,304.98187499999995,0.0,REBAL_ENTRY
2024-03-01,OIL,BUY,545,369.55,302.107125,0.0,REBAL_ENTRY
2024-03-01,RITES,BUY,508,397.5,302.895,0.0,REBAL_ENTRY
2024-03-01,HFCL,BUY,1853,107.95,300.047025,0.0,REBAL_ENTRY
2024-03-01,RAILTEL,BUY,442,455.0,301.665,0.0,REBAL_ENTRY
2024-03-01,IOB,BUY,3075,65.0,299.8125,0.0,REBAL_ENTRY
2024-03-01,HINDCOPPER,BUY,736,271.9,300.1776,0.0,REBAL_ENTRY
2024-03-01,NHPC,BUY,2255,89.0,301.0425,0.0,REBAL_ENTRY
2024-03-01,RVNL,BUY,814,245.4,299.6334,0.0,REBAL_ENTRY
2024-03-01,INDUSTOWER,BUY,723,252.8,274.1616,0.0,REBAL_ENTRY
2024-03-07,RAILTEL,SELL,442,419.3,277.9959,-16057.395899999994,STOP
2024-03-12,IREDA,SELL,1325,143.5,285.20625,-13468.956249999985,STOP
2024-03-12,RITES,SELL,508,360.1,274.3962,-19273.59619999999,STOP
2024-03-12,HFCL,SELL,1853,96.0,266.832,-22410.182000000004,STOP
2024-03-14,NATIONALUM,SELL,1302,134.14,261.97542,-17474.415420000034,STOP
2024-03-14,OLECTRA,SELL,101,1582.95,239.81692500000003,-17233.066925,STOP
2024-03-14,IOB,SELL,3075,56.5,260.60625,-26398.10625,STOP
2024-03-14,HINDCOPPER,SELL,736,242.5,267.72,-21906.119999999984,STOP
2024-03-14,NHPC,SELL,2255,78.55,265.695375,-23830.445375000007,STOP
2024-03-14,RVNL,SELL,814,222.6,271.7946,-18830.99460000001,STOP
2024-03-20,LICI,SELL,397,432.8,257.73240000000004,-14033.632399999997,STOP
2024-04-01,BHEL,SELL,120,249.0,44.82,19849.57451114923,REBAL_TRIM
2024-04-01,COCHINSHIP,SELL,14,887.0,18.627,5872.75185462555,REBAL_TRIM
2024-04-01,NBCC,BUY,144,80.6,17.4096,0.0,REBAL_ENTRY
2024-04-01,SJVN,SELL,107,122.7,19.69335,5116.690394763304,REBAL_TRIM
2024-04-01,SWANCORP,BUY,11,674.0,11.121,0.0,REBAL_ENTRY
2024-04-01,HINDPETRO,BUY,4,298.55,1.7913000000000001,0.0,REBAL_ENTRY
2024-04-01,HUDCO,SELL,46,188.05,12.975450000000002,2841.3245500000007,REBAL_TRIM
2024-04-01,OIL,SELL,80,404.2,48.504,2723.4959999999983,REBAL_TRIM
2024-04-01,INDUSTOWER,SELL,84,294.9,37.157399999999996,3499.242599999997,REBAL_TRIM
2024-04-01,OFSS,BUY,23,8062.0,278.139,0.0,REBAL_ENTRY
2024-04-01,RVNL,BUY,736,261.0,288.144,0.0,REBAL_ENTRY
2024-04-01,OLECTRA,BUY,98,1900.95,279.43965000000003,0.0,REBAL_ENTRY
2024-04-01,MAHABANK,BUY,2986,62.95,281.95305,0.0,REBAL_ENTRY
2024-04-01,RITES,BUY,561,334.7,281.65004999999996,0.0,REBAL_ENTRY
2024-04-01,NHPC,BUY,2076,90.65,282.2841,0.0,REBAL_ENTRY
2024-04-01,IREDA,BUY,1370,138.0,283.59000000000003,0.0,REBAL_ENTRY
2024-04-01,IRCON,BUY,847,221.7,281.66985,0.0,REBAL_ENTRY
2024-04-01,HEROMOTOCO,BUY,40,4624.0,277.44,0.0,REBAL_ENTRY
2024-04-01,NATIONALUM,BUY,1246,150.68,281.62092,0.0,REBAL_ENTRY
2024-04-01,LICI,BUY,377,451.9,255.54944999999998,0.0,REBAL_ENTRY
2024-04-16,OFSS,SELL,23,7321.5,252.59175000000002,-17284.09175,STOP
2024-04-16,OLECTRA,SELL,98,1730.0,254.31,-17007.410000000007,STOP
2024-04-18,HEROMOTOCO,SELL,40,4251.35,255.08100000000002,-15161.080999999986,STOP
2024-05-02,SJVN,SELL,1534,135.0,310.635,92195.0665370739,REBAL_EXIT
2024-05-02,SWANCORP,SELL,277,627.0,260.5185,29280.48150000001,REBAL_EXIT
2024-05-02,RVNL,SELL,736,288.0,317.952,19554.048,REBAL_EXIT
2024-05-02,RITES,SELL,561,344.1,289.56015,4983.8398500000185,REBAL_EXIT
2024-05-02,IREDA,SELL,1370,179.45,368.76975,56417.730249999986,REBAL_EXIT
2024-05-02,LICI,SELL,377,480.2,271.5531,10397.546900000005,REBAL_EXIT
2024-05-02,BHEL,SELL,25,283.1,10.61625,4986.54927315609,REBAL_TRIM
2024-05-02,COCHINSHIP,SELL,56,1312.8,110.27520000000001,47300.0402185022,REBAL_TRIM
2024-05-02,NBCC,SELL,147,93.43,20.601315000000003,6909.838344296719,REBAL_TRIM
2024-05-02,HINDPETRO,BUY,35,318.65,16.729125,0.0,REBAL_ENTRY
2024-05-02,HUDCO,SELL,80,225.75,27.09,7952.91,REBAL_TRIM
2024-05-02,OIL,BUY,31,416.15,19.350975,0.0,REBAL_ENTRY
2024-05-02,INDUSTOWER,SELL,61,359.0,32.8485,6445.351499999999,REBAL_TRIM
2024-05-02,MAHABANK,SELL,59,70.6,6.2481,445.1018999999995,REBAL_TRIM
2024-05-02,NHPC,BUY,57,97.45,8.331975000000002,0.0,REBAL_ENTRY
2024-05-02,IRCON,SELL,28,251.7,10.571399999999999,829.4286,REBAL_TRIM
2024-05-02,NATIONALUM,SELL,115,180.94,31.212149999999998,3448.687849999999,REBAL_TRIM
2024-05-02,EXIDEIND,BUY,434,477.8,311.04780000000005,0.0,REBAL_ENTRY
2024-05-02,IOB,BUY,3013,68.5,309.58575,0.0,REBAL_ENTRY
2024-05-02,EMBDL,BUY,1547,134.0,310.947,0.0,REBAL_ENTRY
2024-05-02,SAIL,BUY,1249,165.4,309.87690000000003,0.0,REBAL_ENTRY
2024-05-02,HINDCOPPER,BUY,531,386.0,307.449,0.0,REBAL_ENTRY
2024-05-02,MCX,BUY,249,823.0,307.39050000000003,0.0,REBAL_ENTRY
2024-05-02,BSE,BUY,220,957.5,315.975,0.0,REBAL_ENTRY
2024-05-02,CDSL,BUY,194,1058.0,307.878,0.0,REBAL_ENTRY
2024-05-02,NMDC,BUY,2500,79.43,297.86250000000007,0.0,REBAL_ENTRY
2024-05-07,EMBDL,SELL,1547,120.5,279.62025,-21164.12025,STOP
2024-05-08,IOB,SELL,3013,62.4,282.0168,-18661.316800000004,STOP
2024-05-10,MCX,SELL,249,755.0,281.9925,-17213.9925,STOP
2024-05-14,BSE,SELL,220,870.0,287.1,-19537.1,STOP
2024-05-31,HINDCOPPER,SELL,531,359.0,285.94350000000003,-14622.9435,STOP
2024-06-03,NBCC,SELL,2202,103.33,341.29899,125273.65835538348,REBAL_EXIT
2024-06-03,HINDPETRO,SELL,659,362.85,358.677225,75597.52277499999,REBAL_EXIT
2024-06-03,OIL,SELL,496,459.9,342.1656,43026.8344,REBAL_EXIT
2024-06-03,MAHABANK,SELL,2927,73.0,320.5065,29095.84349999999,REBAL_EXIT
2024-06-03,CDSL,SELL,194,1100.0,320.1,7827.9,REBAL_EXIT
2024-06-03,BHEL,SELL,19,320.0,9.120000000000001,4489.825797598628,REBAL_TRIM
2024-06-03,COCHINSHIP,SELL,49,2100.0,154.35,79902.47599118942,REBAL_TRIM
2024-06-03,HUDCO,SELL,140,299.5,62.895,24227.105,REBAL_TRIM
2024-06-03,INDUSTOWER,BUY,30,360.5,16.2225,0.0,REBAL_ENTRY
2024-06-03,NHPC,SELL,157,118.0,27.789,4237.6316047819955,REBAL_TRIM
2024-06-03,IRCON,SELL,37,298.95,16.591725,2841.658275,REBAL_TRIM
2024-06-03,NATIONALUM,SELL,2,197.0,0.591,92.04899999999999,REBAL_TRIM
2024-06-03,SAIL,BUY,88,168.0,22.176000000000002,0.0,REBAL_ENTRY
2024-06-03,NMDC,BUY,106,85.36,13.57224,0.0,REBAL_ENTRY
2024-06-03,BDL,BUY,136,1662.95,339.2418,0.0,REBAL_ENTRY
2024-06-03,RVNL,BUY,555,425.0,353.8125,0.0,REBAL_ENTRY
2024-06-03,POLYCAB,BUY,31,7000.0,325.5,0.0,REBAL_ENTRY
2024-06-03,DIXON,BUY,22,9639.9,318.1167,0.0,REBAL_ENTRY
2024-06-03,ASHOKLEY,BUY,1892,117.5,333.46500000000003,0.0,REBAL_ENTRY
2024-06-03,HINDCOPPER,BUY,595,374.0,333.795,0.0,REBAL_ENTRY
2024-06-03,VOLTAS,BUY,155,1410.0,327.825,0.0,REBAL_ENTRY
2024-06-03,JSWENERGY,BUY,345,644.0,333.27,0.0,REBAL_ENTRY
2024-06-03,IREDA,BUY,1147,200.0,344.1,0.0,REBAL_ENTRY
2024-06-03,POLICYBZR,BUY,154,1292.9,298.6599,0.0,REBAL_ENTRY
2024-06-05,SAIL,SELL,1337,138.7,278.16285,-36204.862850000005,STOP
2024-06-05,BDL,SELL,136,1371.7,279.82680000000005,-39889.8268,STOP
2024-06-05,RVNL,SELL,555,355.95,296.328375,-38619.078375000005,STOP
2024-06-05,DIXON,SELL,22,9100.0,300.3,-12178.099999999991,STOP
2024-06-05,ASHOKLEY,SELL,1892,107.7,305.6526,-18847.252599999996,STOP
2024-06-05,HINDCOPPER,SELL,595,305.0,272.2125,-41327.2125,STOP
2024-06-05,JSWENERGY,SELL,345,575.7,297.9247500000001,-23861.424749999984,STOP
2024-06-05,IREDA,SELL,1147,168.0,289.044,-36993.044,STOP
2024-07-01,NHPC,SELL,1976,101.0,299.36400000000003,19793.165395217977,REBAL_EXIT
2024-07-01,VOLTAS,SELL,155,1472.2,342.2865,9298.713500000007,REBAL_EXIT
2024-07-01,BHEL,SELL,19,301.95,8.605575,4147.3902225986285,REBAL_TRIM
2024-07-01,COCHINSHIP,SELL,15,2273.95,51.163875000000004,27065.277754955947,REBAL_TRIM
2024-07-01,HUDCO,SELL,35,281.35,14.770875,5422.479125000001,REBAL_TRIM
2024-07-01,INDUSTOWER,SELL,55,377.0,31.1025,6507.619539473685,REBAL_TRIM
2024-07-01,IRCON,SELL,12,269.7,4.8546,571.1454,REBAL_TRIM
2024-07-01,NATIONALUM,BUY,5,184.27,1.382025,0.0,REBAL_ENTRY
2024-07-01,EXIDEIND,SELL,66,567.25,56.15775,5847.542249999999,REBAL_TRIM
2024-07-01,NMDC,BUY,95,76.61,10.916924999999999,0.0,REBAL_ENTRY
2024-07-01,POLYCAB,SELL,1,6750.0,10.125,-260.125,REBAL_TRIM
2024-07-01,POLICYBZR,SELL,6,1400.2,12.6018,631.1981999999997,REBAL_TRIM
2024-07-01,GRSE,BUY,99,2127.7,315.96344999999997,0.0,REBAL_ENTRY
2024-07-01,ARE&M,BUY,124,1660.0,308.76,0.0,REBAL_ENTRY
2024-07-01,TITAGARH,BUY,111,1853.0,308.5245,0.0,REBAL_ENTRY
2024-07-01,BDL,BUY,130,1599.3,311.8635,0.0,REBAL_ENTRY
2024-07-01,RVNL,BUY,498,417.0,311.499,0.0,REBAL_ENTRY
2024-07-01,DIXON,BUY,17,12099.0,308.5245,0.0,REBAL_ENTRY
2024-07-01,ASHOKLEY,BUY,1718,120.95,311.68815,0.0,REBAL_ENTRY
2024-07-01,JSWENERGY,BUY,283,739.85,314.066325,0.0,REBAL_ENTRY
2024-07-01,BEML,BUY,93,2225.0,310.3875,0.0,REBAL_ENTRY
2024-07-01,IREDA,BUY,1091,200.0,327.3,0.0,REBAL_ENTRY
2024-07-11,POLYCAB,SELL,30,6388.9,287.5005,-18620.50050000001,STOP
2024-07-15,TITAGARH,SELL,111,1695.75,282.342375,-17737.092375,STOP
2024-07-22,NMDC,SELL,2701,71.29,288.831435,-22635.651435000043,STOP
2024-07-22,BDL,SELL,130,1450.05,282.75975,-19685.25975,STOP
2024-07-24,DIXON,SELL,17,10880.05,277.44127499999996,-20999.591275000013,STOP
2024-07-26,JSWENERGY,SELL,283,670.0,284.415,-20051.965000000007,STOP
2024-08-01,BHEL,SELL,690,314.7,325.7145,159400.05393910807,REBAL_EXIT
2024-08-01,NATIONALUM,SELL,1134,192.2,326.93219999999997,46588.79779999999,REBAL_EXIT
2024-08-01,EXIDEIND,SELL,368,525.9,290.29679999999996,17410.50319999999,REBAL_EXIT
2024-08-01,POLICYBZR,SELL,148,1458.65,323.82030000000003,24207.1797,REBAL_EXIT
2024-08-01,COCHINSHIP,SELL,10,2649.0,39.735,21788.392753303964,REBAL_TRIM
2024-08-01,HUDCO,SELL,40,315.0,18.900000000000002,7541.1,REBAL_TRIM
2024-08-01,INDUSTOWER,SELL,49,435.9,32.03865,8679.468257894736,REBAL_TRIM
2024-08-01,IRCON,SELL,14,290.0,6.09,950.1100000000001,REBAL_TRIM
2024-08-01,GRSE,SELL,9,2448.0,33.048,2849.652000000002,REBAL_TRIM
2024-08-01,ARE&M,BUY,10,1650.7,24.7605,0.0,REBAL_ENTRY
2024-08-01,RVNL,SELL,135,605.25,122.563125,25291.186875,REBAL_TRIM
2024-08-01,ASHOKLEY,SELL,19,129.2,3.6821999999999995,153.06779999999972,REBAL_TRIM
2024-08-01,BEML,BUY,2,2290.0,6.87,0.0,REBAL_ENTRY
2024-08-01,IREDA,SELL,259,264.15,102.62227499999999,16512.227724999993,REBAL_TRIM
2024-08-01,INDIACEM,BUY,599,364.3,327.32355,0.0,REBAL_ENTRY
2024-08-01,TITAGARH,BUY,134,1625.0,326.625,0.0,REBAL_ENTRY
2024-08-01,BDL,BUY,149,1460.1,326.33235,0.0,REBAL_ENTRY
2024-08-01,RCF,BUY,999,219.0,328.1715,0.0,REBAL_ENTRY
2024-08-01,DIXON,BUY,18,12199.95,329.39865000000003,0.0,REBAL_ENTRY
2024-08-01,COFORGE,BUY,173,1268.5,329.17575,0.0,REBAL_ENTRY
2024-08-01,HFCL,BUY,1624,134.58,327.83688,0.0,REBAL_ENTRY
2024-08-01,OIL,BUY,378,583.4,330.7878,0.0,REBAL_ENTRY
2024-08-01,NBCC,BUY,1808,121.8,330.3216,0.0,REBAL_ENTRY
2024-08-01,RAILTEL,BUY,436,503.35,329.1909,0.0,REBAL_ENTRY
2024-08-06,ARE&M,SELL,134,1536.8,308.8968,-16724.696799999994,STOP
2024-08-06,TITAGARH,SELL,134,1425.0,286.425,-27086.425,STOP
2024-08-06,BDL,SELL,149,1346.9,301.03215,-17167.832149999973,STOP
2024-08-06,RCF,SELL,999,198.05,296.77792500000004,-21225.827924999987,STOP
2024-08-06,DIXON,SELL,18,11400.0,307.8,-14706.900000000012,STOP
2024-08-06,NBCC,SELL,1808,113.33,307.35096,-15621.110959999998,STOP
2024-08-07,BEML,SELL,95,1977.8,281.8365,-23895.836500000016,STOP
2024-08-07,HFCL,SELL,1624,126.45,308.03220000000005,-13511.152200000015,STOP
2024-08-07,RAILTEL,SELL,436,465.0,304.11,-17024.71000000001,STOP
2024-08-14,GRSE,SELL,90,1960.95,264.72825,-15272.22824999998,STOP
2024-09-02,COCHINSHIP,SELL,83,1881.0,234.1845,117195.27585242291,REBAL_EXIT
2024-09-02,IRCON,SELL,756,262.0,297.108,30169.69200000001,REBAL_EXIT
2024-09-02,ASHOKLEY,SELL,1699,129.05,328.88392500000003,13433.016075000014,REBAL_EXIT
2024-09-02,COFORGE,SELL,173,1269.0,329.3055,-242.8055,REBAL_EXIT
2024-09-02,HUDCO,BUY,34,279.95,14.27745,0.0,REBAL_ENTRY
2024-09-02,INDUSTOWER,SELL,56,460.0,38.64,11266.967894736843,REBAL_TRIM
2024-09-02,RVNL,SELL,25,610.5,22.89375,4814.60625,REBAL_TRIM
2024-09-02,IREDA,BUY,19,241.35,6.878475,0.0,REBAL_ENTRY
2024-09-02,INDIACEM,SELL,32,365.0,17.52,4.879999999999637,REBAL_TRIM
2024-09-02,OIL,SELL,101,725.35,109.89052500000001,14227.059475000004,REBAL_TRIM
2024-09-02,HFCL,BUY,1374,149.62,308.36682,0.0,REBAL_ENTRY
2024-09-02,PAYTM,BUY,330,619.0,306.40500000000003,0.0,REBAL_ENTRY
2024-09-02,SUZLON,BUY,2712,75.84,308.51712000000003,0.0,REBAL_ENTRY
2024-09-02,OFSS,BUY,19,10243.0,291.9255,0.0,REBAL_ENTRY
2024-09-02,DIXON,BUY,15,13160.0,296.1,0.0,REBAL_ENTRY
2024-09-02,CDSL,BUY,143,1443.0,309.5235,0.0,REBAL_ENTRY
2024-09-02,RCF,BUY,1022,202.0,309.666,0.0,REBAL_ENTRY
2024-09-02,GRSE,BUY,113,1818.0,308.151,0.0,REBAL_ENTRY
2024-09-02,ARE&M,BUY,135,1528.25,309.470625,0.0,REBAL_ENTRY
2024-09-02,IEX,BUY,1010,206.0,312.09000000000003,0.0,REBAL_ENTRY
2024-09-02,MPHASIS,BUY,67,3044.1,305.93205,0.0,REBAL_ENTRY
2024-09-02,NBCC,BUY,1655,126.33,313.614225,0.0,REBAL_ENTRY
2024-09-02,IFCI,BUY,2745,74.99,308.771325,0.0,REBAL_ENTRY
2024-09-02,RAILTEL,BUY,419,512.6,322.1691,0.0,REBAL_ENTRY
2024-09-09,DIXON,SELL,15,12040.0,270.9,-17070.9,STOP
2024-09-10,NBCC,SELL,1655,116.3,288.71475,-16888.36475,STOP
2024-09-10,IFCI,SELL,2745,68.8,283.284,-17274.83399999999,STOP
2024-09-10,RAILTEL,SELL,419,471.8,296.52630000000005,-17391.726300000006,STOP
2024-09-12,ARE&M,SELL,135,1400.0,283.5,-17597.25,STOP
2024-09-23,RCF,SELL,1022,185.98,285.10734,-16657.54734000001,STOP
2024-10-01,HUDCO,SELL,733,240.71,264.660645,78583.46935500001,REBAL_EXIT
2024-10-01,INDUSTOWER,SELL,448,389.05,261.4416,58397.82155789475,REBAL_EXIT
2024-10-01,INDIACEM,SELL,567,367.0,312.1335,1218.7664999999934,REBAL_EXIT
2024-10-01,GRSE,SELL,113,1724.0,292.218,-10914.218,REBAL_EXIT
2024-10-01,MPHASIS,SELL,67,2975.3,299.01765,-4908.617649999982,REBAL_EXIT
2024-10-01,RVNL,BUY,28,530.5,22.281,0.0,REBAL_ENTRY
2024-10-01,IREDA,SELL,22,236.0,7.788,763.9014242068158,REBAL_TRIM
2024-10-01,OIL,BUY,58,572.5,49.807500000000005,0.0,REBAL_ENTRY
2024-10-01,HFCL,SELL,61,148.73,13.608794999999999,-67.8987950000009,REBAL_TRIM
2024-10-01,PAYTM,SELL,47,688.4,48.5322,3213.2677999999987,REBAL_TRIM
2024-10-01,SUZLON,SELL,278,80.3,33.485099999999996,1206.3948999999982,REBAL_TRIM
2024-10-01,OFSS,SELL,1,10738.5,16.10775,479.39225,REBAL_TRIM
2024-10-01,CDSL,SELL,8,1447.95,17.375400000000003,22.22460000000036,REBAL_TRIM
2024-10-01,IEX,SELL,57,204.28,17.465940000000003,-115.50593999999994,REBAL_TRIM
2024-10-01,PCBL,BUY,337,576.45,291.39547500000003,0.0,REBAL_ENTRY
2024-10-01,INOXWIND,BUY,832,235.05,293.3424,0.0,REBAL_ENTRY
2024-10-01,BSE,BUY,158,1248.5,295.8945,0.0,REBAL_ENTRY
2024-10-01,MCX,BUY,172,1140.0,294.12,0.0,REBAL_ENTRY
2024-10-01,HINDPETRO,BUY,453,428.75,291.335625,0.0,REBAL_ENTRY
2024-10-01,VOLTAS,BUY,105,1845.0,290.58750000000003,0.0,REBAL_ENTRY
2024-10-01,LUPIN,BUY,88,2192.0,289.344,0.0,REBAL_ENTRY
2024-10-01,COFORGE,BUY,138,1400.0,289.8,0.0,REBAL_ENTRY
2024-10-01,ANGELONE,BUY,760,260.2,296.628,0.0,REBAL_ENTRY
2024-10-01,TATATECH,BUY,176,1105.0,291.72,0.0,REBAL_ENTRY
2024-10-01,DIXON,BUY,13,13855.0,270.1725,0.0,REBAL_ENTRY
2024-10-08,HFCL,SELL,1313,130.0,256.035,-26017.095000000005,STOP
2024-10-08,PCBL,SELL,337,500.95,253.230225,-25696.730225000018,STOP
2024-10-08,INOXWIND,SELL,832,202.07,252.18336,-27691.543360000014,STOP
2024-10-08,HINDPETRO,SELL,453,378.1,256.91895000000005,-23201.36894999999,STOP
2024-10-17,OIL,SELL,335,528.7,265.67175000000003,-17957.97174999997,STOP
2024-10-22,IEX,SELL,953,187.1,267.45945,-18279.159450000003,STOP
2024-10-23,SUZLON,SELL,2434,67.3,245.71229999999997,-21032.072300000014,STOP
2024-10-28,TATATECH,SELL,176,1016.0,268.224,-15932.224,STOP
2024-11-01,VOLTAS,SELL,105,1663.0,261.9225,-19371.9225,STOP
2024-11-01,RVNL,SELL,366,471.0,258.579,16327.421,REBAL_EXIT
2024-11-01,IREDA,SELL,829,211.56,263.07486,8554.825715793198,REBAL_EXIT
2024-11-01,PAYTM,SELL,34,765.0,39.015,4924.985,REBAL_TRIM
2024-11-01,CDSL,SELL,13,1559.0,30.4005,1477.5995,REBAL_TRIM
2024-11-01,BSE,SELL,31,1494.0,69.471,7541.029,REBAL_TRIM
2024-11-01,MCX,SELL,27,1308.0,52.974000000000004,4483.026,REBAL_TRIM
2024-11-01,LUPIN,SELL,2,2204.4,6.6132,18.186800000000183,REBAL_TRIM
2024-11-01,COFORGE,SELL,14,1524.0,32.004,1703.996,REBAL_TRIM
2024-11-01,ANGELONE,SELL,139,307.9,64.19715,6566.102849999998,REBAL_TRIM
2024-11-01,AMBER,BUY,31,6045.25,281.104125,0.0,REBAL_ENTRY
2024-11-01,JMFINANCIL,BUY,1351,140.85,285.432525,0.0,REBAL_ENTRY
2024-11-01,INOXWIND,BUY,859,221.06,284.83581000000004,0.0,REBAL_ENTRY
2024-11-01,NATIONALUM,BUY,852,225.0,287.55,0.0,REBAL_ENTRY
2024-11-01,PNBHOUSING,BUY,196,977.7,287.4438,0.0,REBAL_ENTRY
2024-11-01,POLICYBZR,BUY,111,1716.95,285.872175,0.0,REBAL_ENTRY
2024-11-01,FSL,BUY,569,336.35,287.07472500000006,0.0,REBAL_ENTRY
2024-11-01,VOLTAS,BUY,9,1663.0,22.4505,0.0,REBAL_ENTRY
2024-11-01,TATAELXSI,BUY,27,7069.0,286.2945,0.0,REBAL_ENTRY
2024-11-01,TATATECH,BUY,188,1015.0,286.23,0.0,REBAL_ENTRY
2024-11-01,HINDPETRO,BUY,510,371.15,283.92975,0.0,REBAL_ENTRY
2024-11-12,INOXWIND,SELL,859,203.06,261.64281,-15723.64281,STOP
2024-11-14,JMFINANCIL,SELL,1351,130.25,263.951625,-14584.551624999993,STOP
2024-11-14,TATAELXSI,SELL,27,6445.3,261.03465,-17100.934649999996,STOP
2024-11-18,LUPIN,SELL,86,2007.5,258.96750000000003,-16125.9675,STOP
2024-11-19,PNBHOUSING,SELL,196,875.0,257.25,-20386.450000000008,STOP
2024-11-22,TATATECH,SELL,188,935.55,263.8251,-15200.42510000001,STOP
2024-12-02,FSL,SELL,569,358.2,305.7237,12126.926299999981,REBAL_EXIT
2024-12-02,PAYTM,SELL,37,903.0,50.1165,10457.8835,REBAL_TRIM
2024-12-02,OFSS,SELL,1,11016.0,16.524,756.476,REBAL_TRIM
2024-12-02,CDSL,SELL,5,1647.0,12.352500000000001,1007.6475,REBAL_TRIM
2024-12-02,BSE,SELL,4,1553.5,9.321,1210.679,REBAL_TRIM
2024-12-02,MCX,BUY,10,1245.0,18.675,0.0,REBAL_ENTRY
2024-12-02,COFORGE,SELL,14,1737.0,36.477000000000004,4681.523,REBAL_TRIM
2024-12-02,ANGELONE,BUY,41,283.9,17.45985,0.0,REBAL_ENTRY
2024-12-02,DIXON,SELL,1,16025.0,24.0375,2145.9625,REBAL_TRIM
2024-12-02,NATIONALUM,SELL,43,237.08,15.29166,504.14834000000053,REBAL_TRIM
2024-12-02,POLICYBZR,SELL,10,1888.4,28.326,1686.1740000000004,REBAL_TRIM
2024-12-02,VOLTAS,BUY,106,1667.0,265.053,0.0,REBAL_ENTRY
2024-12-02,HINDPETRO,BUY,3,373.3,1.67985,0.0,REBAL_ENTRY
2024-12-02,PREMIERENE,BUY,156,1235.0,288.99,0.0,REBAL_ENTRY
2024-12-02,PPLPHARMA,BUY,713,271.3,290.15535,0.0,REBAL_ENTRY
2024-12-02,MOTILALOFS,BUY,208,919.95,287.0244,0.0,REBAL_ENTRY
2024-12-02,JMFINANCIL,BUY,1405,136.5,287.67375,0.0,REBAL_ENTRY
2024-12-02,OBEROIRLTY,BUY,95,2014.0,286.995,0.0,REBAL_ENTRY
2024-12-02,PERSISTENT,BUY,32,5905.65,283.4712,0.0,REBAL_ENTRY
2024-12-02,FEDERALBNK,BUY,910,210.78,287.7147,0.0,REBAL_ENTRY
2024-12-16,PPLPHARMA,SELL,713,248.9,266.19855,-16237.398550000004,STOP
2024-12-26,JMFINANCIL,SELL,1405,125.0,263.4375,-16420.9375,STOP
2024-12-31,NATIONALUM,SELL,809,204.44,248.08794,-16881.127940000002,STOP
2025-01-01,OFSS,SELL,17,12047.0,307.1985,30360.8015,REBAL_EXIT
2025-01-01,PAYTM,SELL,13,1009.0,19.6755,5050.3245,REBAL_TRIM
2025-01-01,CDSL,SELL,2,1760.4,5.2812,629.5188000000002,REBAL_TRIM
2025-01-01,BSE,SELL,9,1776.0,23.976,4723.524,REBAL_TRIM
2025-01-01,MCX,BUY,7,1248.0,13.104000000000001,0.0,REBAL_ENTRY
2025-01-01,COFORGE,SELL,5,1938.0,14.535,2675.465,REBAL_TRIM
2025-01-01,ANGELONE,BUY,30,295.0,13.275,0.0,REBAL_ENTRY
2025-01-01,DIXON,SELL,1,17934.05,26.901075,4052.148924999999,REBAL_TRIM
2025-01-01,AMBER,SELL,4,7402.55,44.4153,5384.784700000001,REBAL_TRIM
2025-01-01,POLICYBZR,SELL,5,2103.0,15.7725,1914.4774999999997,REBAL_TRIM
2025-01-01,VOLTAS,SELL,2,1790.0,5.37,241.2560869565217,REBAL_TRIM
2025-01-01,HINDPETRO,SELL,4,399.55,2.3973,111.15240760233937,REBAL_TRIM
2025-01-01,PREMIERENE,SELL,6,1357.0,12.213000000000001,719.787,REBAL_TRIM
2025-01-01,MOTILALOFS,BUY,4,952.95,5.717700000000001,0.0,REBAL_ENTRY
2025-01-01,OBEROIRLTY,SELL,8,2321.7,27.8604,2433.7395999999985,REBAL_TRIM
2025-01-01,PERSISTENT,SELL,1,6457.65,9.686475,542.313525,REBAL_TRIM
2025-01-01,FEDERALBNK,BUY,104,200.4,31.262400000000003,0.0,REBAL_ENTRY
2025-01-01,GREAVESCOT,BUY,731,280.0,307.02,0.0,REBAL_ENTRY
2025-01-01,ITI,BUY,524,390.0,306.54,0.0,REBAL_ENTRY
2025-01-01,SWANCORP,BUY,282,722.0,305.406,0.0,REBAL_ENTRY
2025-01-01,PPLPHARMA,BUY,762,265.0,302.895,0.0,REBAL_ENTRY
2025-01-10,PPLPHARMA,SELL,762,237.15,271.06245,-21492.76245,STOP
2025-01-13,PREMIERENE,SELL,150,1115.0,250.875,-18250.875,STOP
2025-01-13,FEDERALBNK,SELL,1014,186.52,283.69692,-23803.81691999998,STOP
2025-01-13,GREAVESCOT,SELL,731,242.95,266.394675,-27349.944675000006,STOP
2025-01-13,SWANCORP,SELL,282,636.0,269.028,-24521.028,STOP
2025-01-14,MOTILALOFS,SELL,212,840.0,267.12,-17348.519999999982,STOP
2025-01-15,ANGELONE,SELL,692,238.1,247.1478,-17556.047799999968,STOP
2025-01-22,VOLTAS,SELL,113,1503.7,254.87715,-18672.403236956518,STOP
2025-01-23,OBEROIRLTY,SELL,87,1770.0,230.985,-21458.985,STOP
2025-01-23,ITI,SELL,524,350.0,275.1,-21235.1,STOP
2025-01-28,HINDPETRO,SELL,509,341.05,260.391675,-15587.691382602316,STOP
2025-01-29,CDSL,SELL,115,1270.0,219.07500000000002,-20114.075,STOP
2025-02-01,MCX,SELL,162,1147.0,278.721,-950.7209999999823,REBAL_EXIT
2025-02-01,PAYTM,BUY,25,776.0,29.1,0.0,REBAL_ENTRY
2025-02-01,BSE,SELL,16,1774.5,42.588,8373.412,REBAL_TRIM
2025-02-01,AMBER,SELL,1,6538.0,9.807,482.943,REBAL_TRIM
2025-02-01,POLICYBZR,BUY,4,1740.0,10.44,0.0,REBAL_ENTRY
2025-02-01,PERSISTENT,SELL,3,6047.75,27.214875,399.0851250000011,REBAL_TRIM
2025-02-01,ITI,BUY,536,325.0,261.3,0.0,REBAL_ENTRY
2025-02-01,GREAVESCOT,BUY,655,267.8,263.1135,0.0,REBAL_ENTRY
2025-02-01,MANAPPURAM,BUY,888,196.1,261.2052,0.0,REBAL_ENTRY
2025-02-01,SWANCORP,BUY,316,551.35,261.3399,0.0,REBAL_ENTRY
2025-02-01,IDEA,BUY,19251,9.06,261.62109,0.0,REBAL_ENTRY
2025-02-01,RVNL,BUY,365,485.0,265.5375,0.0,REBAL_ENTRY
2025-02-01,BLS,BUY,399,439.85,263.25022500000006,0.0,REBAL_ENTRY
2025-02-01,INDUSTOWER,BUY,501,346.9,260.69535,0.0,REBAL_ENTRY
2025-02-01,NAUKRI,BUY,112,1544.5,259.476,0.0,REBAL_ENTRY
2025-02-01,OLAELEC,BUY,2329,75.99,265.471065,0.0,REBAL_ENTRY
2025-02-01,IREDA,BUY,862,203.95,263.70735,0.0,REBAL_ENTRY
2025-02-01,IGL,BUY,863,201.8,261.23010000000005,0.0,REBAL_ENTRY
2025-02-01,LUPIN,BUY,83,2080.0,258.96,0.0,REBAL_ENTRY
2025-02-03,RVNL,SELL,365,415.15,227.294625,-25722.544625000006,STOP
2025-02-04,IREDA,SELL,862,190.0,245.67000000000002,-12270.56999999999,STOP
2025-02-11,ITI,SELL,536,295.5,237.582,-16049.582,STOP
2025-02-11,OLAELEC,SELL,2329,67.9,237.20865,-19078.818649999976,STOP
2025-02-12,POLICYBZR,SELL,100,1537.0,230.55,-18317.750000000007,STOP
2025-02-12,SWANCORP,SELL,316,483.8,229.32120000000003,-21575.1212,STOP
2025-02-12,BLS,SELL,399,400.0,239.4,-16139.550000000008,STOP
2025-02-17,MANAPPURAM,SELL,888,185.0,246.42000000000002,-10103.219999999996,STOP
2025-02-17,IDEA,SELL,19251,8.17,235.92100500000004,-17369.31100500001,STOP
2025-02-19,AMBER,SELL,26,5450.0,212.55,-15689.05,STOP
2025-02-24,LUPIN,SELL,83,1905.35,237.216075,-14733.166075000008,STOP
2025-02-28,GREAVESCOT,SELL,655,241.5,237.27375,-17463.773750000008,STOP
2025-03-03,PERSISTENT,SELL,28,5303.9,222.76379999999997,-17071.7638,STOP
2025-03-03,NAUKRI,SELL,112,1394.5,234.276,-17034.276,STOP
2025-03-03,IGL,SELL,863,188.1,243.49544999999998,-12066.595450000015,REBAL_EXIT
2025-03-03,PAYTM,SELL,5,700.0,5.25,312.1383928571428,REBAL_TRIM
2025-03-03,BSE,BUY,3,1538.5,6.92325,0.0,REBAL_ENTRY
2025-03-03,COFORGE,BUY,1,1472.5,2.20875,0.0,REBAL_ENTRY
2025-03-03,INDUSTOWER,SELL,16,325.0,7.8,-358.19999999999965,REBAL_TRIM
2025-03-03,MANAPPURAM,BUY,780,201.0,235.17000000000002,0.0,REBAL_ENTRY
2025-03-03,GREAVESCOT,BUY,686,229.49,236.14521000000002,0.0,REBAL_ENTRY
2025-03-03,INDUSINDBK,BUY,158,978.95,232.01115000000001,0.0,REBAL_ENTRY
2025-03-03,CREDITACC,BUY,170,932.55,237.80025,0.0,REBAL_ENTRY
2025-03-03,AMBER,BUY,27,5630.0,228.01500000000001,0.0,REBAL_ENTRY
2025-03-03,IDEA,BUY,20783,7.59,236.61445500000002,0.0,REBAL_ENTRY
2025-03-03,GODFRYPHLP,BUY,90,1733.0,233.955,0.0,REBAL_ENTRY
2025-03-03,AEGISLOG,BUY,206,764.55,236.24595,0.0,REBAL_ENTRY
2025-03-03,PERSISTENT,BUY,1,5303.9,7.95585,0.0,REBAL_ENTRY
2025-03-03,ITI,BUY,637,246.05,235.10077500000003,0.0,REBAL_ENTRY
2025-03-03,EIEL,BUY,758,209.88,238.63356000000002,0.0,REBAL_ENTRY
2025-03-03,HEROMOTOCO,BUY,42,3644.05,229.57515,0.0,REBAL_ENTRY
2025-03-03,BLS,BUY,462,344.1,238.46130000000002,0.0,REBAL_ENTRY
2025-03-03,VOLTAS,BUY,118,1347.15,238.44555000000003,0.0,REBAL_ENTRY
2025-03-11,INDUSINDBK,SELL,158,810.45,192.07665,-26815.07665,STOP
2025-03-17,IDEA,SELL,20783,7.0,218.2215,-12480.191499999997,STOP
2025-03-18,GREAVESCOT,SELL,686,204.75,210.68775,-17182.327750000008,STOP
2025-03-18,EIEL,SELL,758,193.84,220.39608,-12378.716079999995,STOP
2025-04-01,DIXON,SELL,11,13199.0,217.7835,-7433.7835,REBAL_EXIT
2025-04-01,ITI,SELL,637,251.7,240.49935,3358.5506499999856,REBAL_EXIT
2025-04-01,BLS,SELL,462,394.95,273.70035,23218.999649999983,REBAL_EXIT
2025-04-01,PAYTM,SELL,9,780.0,10.53,1280.769107142857,REBAL_TRIM
2025-04-01,BSE,SELL,11,1848.0,30.492,6469.255524752476,REBAL_TRIM
2025-04-01,COFORGE,SELL,5,1614.0,12.105,1054.475188679245,REBAL_TRIM
2025-04-01,INDUSTOWER,BUY,7,349.9,3.6739499999999996,0.0,REBAL_ENTRY
2025-04-01,MANAPPURAM,SELL,74,232.0,25.752,2268.248,REBAL_TRIM
2025-04-01,CREDITACC,BUY,2,951.95,2.85585,0.0,REBAL_ENTRY
2025-04-01,AMBER,SELL,5,7180.0,53.85,7696.15,REBAL_TRIM
2025-04-01,GODFRYPHLP,SELL,18,2258.0,60.966,9389.034,REBAL_TRIM
2025-04-01,AEGISLOG,SELL,2,805.0,2.415,78.48500000000008,REBAL_TRIM
2025-04-01,PERSISTENT,BUY,28,5494.0,230.74800000000002,0.0,REBAL_ENTRY
2025-04-01,HEROMOTOCO,BUY,2,3707.35,11.12205,0.0,REBAL_ENTRY
2025-04-01,VOLTAS,SELL,6,1430.0,12.870000000000001,484.22999999999945,REBAL_TRIM
2025-04-01,SRF,BUY,55,2931.0,241.8075,0.0,REBAL_ENTRY
2025-04-01,GRSE,BUY,97,1680.0,244.44,0.0,REBAL_ENTRY
2025-04-01,SAIL,BUY,1428,114.35,244.93769999999998,0.0,REBAL_ENTRY
2025-04-01,VMM,BUY,1578,102.45,242.49915000000001,0.0,REBAL_ENTRY
2025-04-01,BHEL,BUY,760,215.15,245.27100000000002,0.0,REBAL_ENTRY
2025-04-01,SUZLON,BUY,2903,55.5,241.67475000000002,0.0,REBAL_ENTRY
2025-04-01,ZENSARTECH,BUY,234,689.25,241.92675,0.0,REBAL_ENTRY
2025-04-01,WAAREEENER,BUY,68,2380.0,242.76,0.0,REBAL_ENTRY
2025-04-04,PERSISTENT,SELL,29,4750.0,206.625,-21592.525,STOP
2025-04-07,WAAREEENER,SELL,68,1869.95,190.7349,-34874.1349,STOP
2025-04-08,COFORGE,SELL,101,1299.5,196.87425000000002,-10416.45443867925,STOP
2025-04-08,GRSE,SELL,97,1575.9,229.29345000000004,-10326.99344999999,STOP
2025-04-08,SAIL,SELL,1428,107.45,230.1579,-10083.357899999988,STOP
2025-04-11,ZENSARTECH,SELL,234,637.0,223.58700000000002,-12450.087,STOP
2025-04-28,VOLTAS,SELL,112,1230.1,206.65679999999998,-13316.256800000021,STOP
2025-05-02,CREDITACC,SELL,172,1095.0,282.51,27620.090000000007,REBAL_EXIT
2025-05-02,AMBER,SELL,22,6150.0,202.95000000000002,11237.05,REBAL_EXIT
2025-05-02,AEGISLOG,SELL,204,784.0,239.904,3727.8960000000093,REBAL_EXIT
2025-05-02,VMM,SELL,1578,115.95,274.45365000000004,21028.54635,REBAL_EXIT
2025-05-02,PAYTM,SELL,20,866.0,25.98,4563.573571428571,REBAL_TRIM
2025-05-02,BSE,SELL,13,2120.5,41.34975,11182.6700519802,REBAL_TRIM
2025-05-02,INDUSTOWER,SELL,89,394.0,52.599000000000004,4135.502219512196,REBAL_TRIM
2025-05-02,MANAPPURAM,BUY,6,230.85,2.0776499999999998,0.0,REBAL_ENTRY
2025-05-02,GODFRYPHLP,SELL,12,2733.0,49.194,11950.806,REBAL_TRIM
2025-05-02,HEROMOTOCO,SELL,1,3803.6,5.7054,150.96732727272666,REBAL_TRIM
2025-05-02,SRF,SELL,1,3009.0,4.5135000000000005,73.4865,REBAL_TRIM
2025-05-02,BHEL,SELL,35,226.84,11.9091,397.2408999999999,REBAL_TRIM
2025-05-02,SUZLON,BUY,15,56.16,1.2636,0.0,REBAL_ENTRY
2025-05-02,GRSE,BUY,85,1917.0,244.41750000000002,0.0,REBAL_ENTRY
2025-05-02,BDL,BUY,107,1518.8,243.7674,0.0,REBAL_ENTRY
2025-05-02,DATAPATTNS,BUY,66,2480.0,245.52,0.0,REBAL_ENTRY
2025-05-02,WAAREEENER,BUY,63,2609.9,246.63555000000002,0.0,REBAL_ENTRY
2025-05-02,AUBANK,BUY,242,680.0,246.84,0.0,REBAL_ENTRY
2025-05-02,DIXON,BUY,10,16452.0,246.78,0.0,REBAL_ENTRY
2025-05-02,ITCHOTELS,BUY,846,194.53,246.85857000000001,0.0,REBAL_ENTRY
2025-05-02,SAIL,BUY,1447,113.7,246.78585,0.0,REBAL_ENTRY
2025-05-02,IDFCFIRSTB,BUY,2536,65.0,247.26000000000002,0.0,REBAL_ENTRY
2025-05-02,MCX,BUY,134,1230.0,247.23000000000002,0.0,REBAL_ENTRY
2025-05-02,CDSL,BUY,124,1320.0,245.52,0.0,REBAL_ENTRY
2025-05-07,DATAPATTNS,SELL,66,2180.0,215.82,-20015.82,STOP
2025-05-26,DIXON,SELL,10,15097.0,226.455,-13776.455,STOP
2025-06-02,INDUSTOWER,SELL,403,382.25,231.07012500000002,13997.778655487806,REBAL_EXIT
2025-06-02,MANAPPURAM,SELL,712,237.99,254.17332000000002,25903.606680000008,REBAL_EXIT
2025-06-02,GODFRYPHLP,SELL,60,2912.0,262.08,70477.92,REBAL_EXIT
2025-06-02,HEROMOTOCO,SELL,43,4310.1,278.00145000000003,28238.425822727266,REBAL_EXIT
2025-06-02,SRF,SELL,54,2825.1,228.8331,-5947.433100000005,REBAL_EXIT
2025-06-02,ITCHOTELS,SELL,846,216.7,274.9923,18480.827699999987,REBAL_EXIT
2025-06-02,PAYTM,BUY,14,888.9,18.666900000000002,0.0,REBAL_ENTRY
2025-06-02,BSE,SELL,9,2690.0,36.315,12859.660247524753,REBAL_TRIM
2025-06-02,BHEL,SELL,24,261.05,9.397800000000002,1092.2022000000002,REBAL_TRIM
2025-06-02,SUZLON,SELL,369,72.2,39.9627,6121.085380877316,REBAL_TRIM
2025-06-02,GRSE,SELL,25,3000.0,112.5,26962.5,REBAL_TRIM
2025-06-02,BDL,SELL,17,2014.0,51.357,8367.043000000001,REBAL_TRIM
2025-06-02,WAAREEENER,SELL,2,2984.9,8.9547,741.0453,REBAL_TRIM
2025-06-02,AUBANK,BUY,20,695.0,20.85,0.0,REBAL_ENTRY
2025-06-02,SAIL,SELL,37,127.0,7.0485,485.0514999999999,REBAL_TRIM
2025-06-02,IDFCFIRSTB,BUY,144,67.97,14.68152,0.0,REBAL_ENTRY
2025-06-02,MCX,BUY,4,1322.0,7.932,0.0,REBAL_ENTRY
2025-06-02,CDSL,SELL,5,1533.4,11.5005,1055.4995000000004,REBAL_TRIM
2025-06-02,DATAPATTNS,BUY,63,2850.0,269.325,0.0,REBAL_ENTRY
2025-06-02,RPOWER,BUY,3136,58.64,275.84256,0.0,REBAL_ENTRY
2025-06-02,BEML,BUY,86,2117.0,273.093,0.0,REBAL_ENTRY
2025-06-02,COCHINSHIP,BUY,93,1943.6,271.1322,0.0,REBAL_ENTRY
2025-06-02,ANGELONE,BUY,600,303.9,273.51,0.0,REBAL_ENTRY
2025-06-02,HINDPETRO,BUY,454,399.15,271.82115,0.0,REBAL_ENTRY
2025-06-02,POLYCAB,BUY,30,5982.0,269.19,0.0,REBAL_ENTRY
2025-06-02,KFINTECH,BUY,168,1078.7,271.8324,0.0,REBAL_ENTRY
2025-06-20,ANGELONE,SELL,600,278.2,250.38,-15670.379999999992,STOP
2025-07-01,PAYTM,SELL,204,911.0,278.766,52181.39292857141,REBAL_EXIT
2025-07-01,SAIL,SELL,1410,132.01,279.20115,25537.898849999983,REBAL_EXIT
2025-07-01,POLYCAB,SELL,30,6560.5,295.2225,17059.7775,REBAL_EXIT
2025-07-01,BSE,BUY,2,2778.0,8.334,0.0,REBAL_ENTRY
2025-07-01,BHEL,BUY,34,267.75,13.65525,0.0,REBAL_ENTRY
2025-07-01,SUZLON,BUY,342,67.72,34.740359999999995,0.0,REBAL_ENTRY
2025-07-01,GRSE,BUY,4,3029.3,18.175800000000002,0.0,REBAL_ENTRY
2025-07-01,BDL,BUY,10,1962.1,29.4315,0.0,REBAL_ENTRY
2025-07-01,WAAREEENER,BUY,1,3178.0,4.767,0.0,REBAL_ENTRY
2025-07-01,AUBANK,SELL,23,820.0,28.29,3165.3741221374057,REBAL_TRIM
2025-07-01,IDFCFIRSTB,BUY,8,73.25,0.879,0.0,REBAL_ENTRY
2025-07-01,MCX,SELL,29,1795.0,78.0825,16229.584166666664,REBAL_TRIM
2025-07-01,CDSL,SELL,10,1804.0,27.060000000000002,4812.94,REBAL_TRIM
2025-07-01,DATAPATTNS,BUY,4,2900.0,17.400000000000002,0.0,REBAL_ENTRY
2025-07-01,RPOWER,SELL,351,70.19,36.955035,4017.094964999999,REBAL_TRIM
2025-07-01,BEML,BUY,1,2235.0,3.3525,0.0,REBAL_ENTRY
2025-07-01,COCHINSHIP,BUY,1,2085.0,3.1275,0.0,REBAL_ENTRY
2025-07-01,HINDPETRO,BUY,4,428.2,2.5692,0.0,REBAL_ENTRY
2025-07-01,KFINTECH,SELL,23,1357.0,46.8165,6354.083499999999,REBAL_TRIM
2025-07-01,PARAS,BUY,245,798.8,293.559,0.0,REBAL_ENTRY
2025-07-01,APOLLO,BUY,1017,193.25,294.80287500000003,0.0,REBAL_ENTRY
2025-07-01,RBLBANK,BUY,788,247.0,291.954,0.0,REBAL_ENTRY
2025-07-01,VMM,BUY,1461,134.14,293.96781,0.0,REBAL_ENTRY
2025-07-21,APOLLO,SELL,1017,177.81,271.249155,-15973.729154999997,STOP
2025-07-29,DATAPATTNS,SELL,67,2558.1,257.08905,-20014.38905000001,STOP
2025-07-29,RPOWER,SELL,2785,52.16,217.89839999999998,-18264.69840000001,STOP
2025-07-29,COCHINSHIP,SELL,94,1740.0,245.34,-19525.139999999978,STOP
2025-07-29,PARAS,SELL,245,699.4,257.0295,-24610.029499999993,STOP
2025-08-01,BSE,SELL,70,2429.3,255.0765,78756.18092574259,REBAL_EXIT
2025-08-01,BHEL,SELL,735,238.45,262.891125,15074.208874999988,REBAL_EXIT
2025-08-01,BDL,SELL,100,1615.0,242.25,4944.749999999989,REBAL_EXIT
2025-08-01,AUBANK,SELL,239,741.5,265.82775,14159.008127862608,REBAL_EXIT
2025-08-01,IDFCFIRSTB,SELL,2688,68.9,277.8048,9711.715200000033,REBAL_EXIT
2025-08-01,HINDPETRO,SELL,458,410.15,281.77304999999996,4640.02695000002,REBAL_EXIT
2025-08-01,KFINTECH,SELL,145,1082.9,235.53075,373.4692500000066,REBAL_EXIT
2025-08-01,SUZLON,SELL,50,62.3,4.6725,262.89775110900587,REBAL_TRIM
2025-08-01,GRSE,BUY,3,2620.0,11.790000000000001,0.0,REBAL_ENTRY
2025-08-01,WAAREEENER,SELL,4,3024.9,18.1494,1605.1989870967757,REBAL_TRIM
2025-08-01,MCX,BUY,4,1539.0,9.234,0.0,REBAL_ENTRY
2025-08-01,CDSL,BUY,9,1480.0,19.98,0.0,REBAL_ENTRY
2025-08-01,BEML,BUY,1,1978.5,2.96775,0.0,REBAL_ENTRY
2025-08-01,RBLBANK,SELL,132,265.15,52.4997,2343.300299999997,REBAL_TRIM
2025-08-01,VMM,SELL,207,139.9,43.438950000000006,1148.881050000004,REBAL_TRIM
2025-08-01,FORCEMOT,BUY,10,17010.0,255.15,0.0,REBAL_ENTRY
2025-08-01,JPPOWER,BUY,8335,21.0,262.5525,0.0,REBAL_ENTRY
2025-08-01,GLENMARK,BUY,82,2133.0,262.359,0.0,REBAL_ENTRY
2025-08-01,APOLLO,BUY,1007,173.0,261.3165,0.0,REBAL_ENTRY
2025-08-01,RPOWER,BUY,3319,50.43,251.06575500000002,0.0,REBAL_ENTRY
2025-08-01,POWERINDIA,BUY,8,20190.0,242.28,0.0,REBAL_ENTRY
2025-08-01,AMBER,BUY,21,7965.0,250.8975,0.0,REBAL_ENTRY
2025-08-01,PAYTM,BUY,160,1093.0,262.32,0.0,REBAL_ENTRY
2025-08-01,SWIGGY,BUY,433,408.0,264.996,0.0,REBAL_ENTRY
2025-08-01,TITAGARH,BUY,203,859.55,261.732975,0.0,REBAL_ENTRY
2025-08-01,COCHINSHIP,BUY,98,1767.0,259.749,0.0,REBAL_ENTRY
2025-08-01,DATAPATTNS,BUY,66,2640.0,261.36,0.0,REBAL_ENTRY
2025-08-04,BEML,SELL,88,1936.4,255.6048,-16127.904799999995,STOP
2025-08-06,JPPOWER,SELL,8335,19.4,242.54850000000002,-13578.548500000014,STOP
2025-08-06,RPOWER,SELL,3319,43.55,216.813675,-23051.53367500001,STOP
2025-08-11,DATAPATTNS,SELL,66,2372.2,234.84779999999998,-17909.64780000001,STOP
2025-08-12,AMBER,SELL,21,6947.0,218.8305,-21596.8305,STOP
2025-08-12,TITAGARH,SELL,203,776.0,236.292,-17196.941999999992,STOP
2025-08-20,GLENMARK,SELL,82,1949.0,239.727,-15327.727,STOP
2025-08-29,COCHINSHIP,SELL,98,1605.0,235.935,-16111.935,STOP
2025-09-01,SUZLON,SELL,2841,56.9,242.47934999999998,-380.5376819862834,REBAL_EXIT
2025-09-01,GRSE,SELL,67,2360.0,237.18,22885.619999999988,REBAL_EXIT
2025-09-01,CDSL,SELL,118,1431.5,253.37550000000002,11463.624499999996,REBAL_EXIT
2025-09-01,APOLLO,SELL,1007,264.5,399.52725,91740.97275,REBAL_EXIT
2025-09-01,WAAREEENER,SELL,7,3447.9,36.20295,5765.656727419358,REBAL_TRIM
2025-09-01,MCX,BUY,4,1489.0,8.934000000000001,0.0,REBAL_ENTRY
2025-09-01,RBLBANK,BUY,10,260.5,3.9075,0.0,REBAL_ENTRY
2025-09-01,VMM,SELL,90,150.0,20.25,1407.1500000000012,REBAL_TRIM
2025-09-01,FORCEMOT,SELL,2,19585.0,58.755,5091.245,REBAL_TRIM
2025-09-01,POWERINDIA,BUY,1,19200.0,28.8,0.0,REBAL_ENTRY
2025-09-01,PAYTM,SELL,16,1207.0,28.968,1795.032,REBAL_TRIM
2025-09-01,SWIGGY,SELL,9,416.95,5.628825,74.92117499999989,REBAL_TRIM
2025-09-01,JAYNECOIND,BUY,3012,58.2,262.9476,0.0,REBAL_ENTRY
2025-09-01,BELRISE,BUY,1246,140.0,261.66,0.0,REBAL_ENTRY
2025-09-01,GODFRYPHLP,BUY,47,3696.0,260.568,0.0,REBAL_ENTRY
2025-09-01,GLENMARK,BUY,90,1918.1,258.94350000000003,0.0,REBAL_ENTRY
2025-09-01,HEROMOTOCO,BUY,34,5113.5,260.7885,0.0,REBAL_ENTRY
2025-09-01,POLYCAB,BUY,24,7126.5,256.55400000000003,0.0,REBAL_ENTRY
2025-09-01,JPPOWER,BUY,9462,18.6,263.9898,0.0,REBAL_ENTRY
2025-09-01,AMBER,BUY,23,7297.0,251.7465,0.0,REBAL_ENTRY
2025-09-01,DIXON,BUY,10,16770.0,251.55,0.0,REBAL_ENTRY
2025-09-01,TRANSRAILL,BUY,234,745.0,261.495,0.0,REBAL_ENTRY
2025-09-01,OLAELEC,BUY,3219,55.2,266.5332,0.0,REBAL_ENTRY
2025-09-01,COFORGE,BUY,100,1730.0,259.5,0.0,REBAL_ENTRY
2025-09-03,GODFRYPHLP,SELL,47,3355.0,236.5275,-16263.5275,STOP
2025-09-26,COFORGE,SELL,100,1591.5,238.725,-14088.725,STOP
2025-10-01,POWERINDIA,SELL,9,18050.0,243.675,-18513.675,STOP
2025-10-01,MCX,SELL,117,1562.0,274.13100000000003,36007.2023333333,REBAL_EXIT
2025-10-01,POLYCAB,SELL,24,7334.0,264.024,4715.976,REBAL_EXIT
2025-10-01,WAAREEENER,BUY,1,3344.0,5.016,0.0,REBAL_ENTRY
2025-10-01,RBLBANK,SELL,35,277.7,14.57925,1052.8261554054047,REBAL_TRIM
2025-10-01,VMM,BUY,10,149.0,2.235,0.0,REBAL_ENTRY
2025-10-01,FORCEMOT,BUY,2,16745.0,50.235,0.0,REBAL_ENTRY
2025-10-01,PAYTM,BUY,11,1123.7,18.541050000000002,0.0,REBAL_ENTRY
2025-10-01,SWIGGY,SELL,11,423.3,6.984450000000001,161.31555000000012,REBAL_TRIM
2025-10-01,JAYNECOIND,SELL,412,67.6,41.776799999999994,3831.0231999999965,REBAL_TRIM
2025-10-01,BELRISE,SELL,135,157.4,31.8735,2317.1265000000008,REBAL_TRIM
2025-10-01,GLENMARK,SELL,1,1952.7,2.92905,31.670950000000136,REBAL_TRIM
2025-10-01,HEROMOTOCO,SELL,3,5472.5,24.62625,1052.37375,REBAL_TRIM
2025-10-01,JPPOWER,BUY,578,17.45,15.129150000000001,0.0,REBAL_ENTRY
2025-10-01,AMBER,SELL,2,8145.0,24.435000000000002,1671.565,REBAL_TRIM
2025-10-01,TRANSRAILL,BUY,8,721.0,8.652000000000001,0.0,REBAL_ENTRY
2025-10-01,OLAELEC,SELL,147,57.6,12.700800000000001,340.09919999999977,REBAL_TRIM
2025-10-01,NETWEB,BUY,47,3651.0,257.3955,0.0,REBAL_ENTRY
2025-10-01,APOLLO,BUY,536,325.25,261.50100000000003,0.0,REBAL_ENTRY
2025-10-01,GMDCLTD,BUY,292,605.0,264.99,0.0,REBAL_ENTRY
2025-10-01,SAMMAANCAP,BUY,1087,159.0,259.2495,0.0,REBAL_ENTRY
2025-10-01,ANANTRAJ,BUY,250,698.0,261.75,0.0,REBAL_ENTRY
2025-10-10,FORCEMOT,SELL,10,15279.0,229.185,-17009.185,STOP
2025-10-10,OLAELEC,SELL,3072,50.0,230.4,-16204.800000000008,STOP
2025-10-16,APOLLO,SELL,536,293.05,235.61220000000003,-17494.812199999993,STOP
2025-10-17,ANANTRAJ,SELL,250,635.6,238.35,-15838.349999999995,STOP
2025-10-29,DIXON,SELL,10,15349.0,230.235,-14440.235,STOP
2025-11-03,VMM,SELL,1174,144.69,254.79909,11982.300910000007,REBAL_EXIT
2025-11-03,JAYNECOIND,SELL,2600,77.86,303.654,50812.34599999999,REBAL_EXIT
2025-11-03,BELRISE,SELL,1111,150.75,251.224875,11692.025125,REBAL_EXIT
2025-11-03,GLENMARK,SELL,89,1889.1,252.19485,-2833.19485,REBAL_EXIT
2025-11-03,JPPOWER,SELL,10040,18.02,271.3812,-5429.881200000026,REBAL_EXIT
2025-11-03,AMBER,SELL,21,8036.5,253.14975,15276.35025,REBAL_EXIT
2025-11-03,TRANSRAILL,SELL,242,728.0,264.264,-4186.263999999992,REBAL_EXIT
2025-11-03,WAAREEENER,SELL,1,3423.0,5.1345,784.8614987593056,REBAL_TRIM
2025-11-03,RBLBANK,SELL,89,327.5,43.72125,7102.7382094594595,REBAL_TRIM
2025-11-03,PAYTM,SELL,20,1300.1,39.003,4059.4228064516096,REBAL_TRIM
2025-11-03,SWIGGY,BUY,19,409.8,11.6793,0.0,REBAL_ENTRY
2025-11-03,NETWEB,SELL,4,3858.0,23.148,804.852,REBAL_TRIM
2025-11-03,GMDCLTD,BUY,6,595.55,5.3599499999999995,0.0,REBAL_ENTRY
2025-11-03,SAMMAANCAP,SELL,148,188.0,41.736000000000004,4250.264,REBAL_TRIM
2025-11-03,ATHERENERG,BUY,255,700.05,267.76912500000003,0.0,REBAL_ENTRY
2025-11-03,HBLENGINE,BUY,176,1004.2,265.10880000000003,0.0,REBAL_ENTRY
2025-11-03,APOLLO,BUY,639,278.5,266.94225,0.0,REBAL_ENTRY
2025-11-03,HINDCOPPER,BUY,520,342.0,266.76,0.0,REBAL_ENTRY
2025-11-03,IDEA,BUY,20289,9.15,278.466525,0.0,REBAL_ENTRY
2025-11-03,OLAELEC,BUY,3532,48.65,257.7477,0.0,REBAL_ENTRY
2025-11-03,YESBANK,BUY,7789,22.75,265.799625,0.0,REBAL_ENTRY
2025-11-03,FORTIS,BUY,173,1024.0,265.728,0.0,REBAL_ENTRY
2025-11-03,AUBANK,BUY,201,877.0,264.4155,0.0,REBAL_ENTRY
2025-11-03,MCX,BUY,95,1858.0,264.765,0.0,REBAL_ENTRY
2025-11-03,ASHOKLEY,BUY,1251,142.0,266.463,0.0,REBAL_ENTRY
2025-11-03,ANANTRAJ,BUY,274,644.0,264.684,0.0,REBAL_ENTRY
2025-11-07,NETWEB,SELL,43,3300.8,212.9016,-15271.50159999999,STOP
2025-11-07,ATHERENERG,SELL,255,632.6,241.9695,-17441.71949999998,STOP
2025-11-11,OLAELEC,SELL,3532,43.99,233.05902,-16692.17901999999,STOP
2025-11-17,FORTIS,SELL,173,943.0,244.70850000000002,-14257.7085,STOP
2025-11-19,GMDCLTD,SELL,298,542.05,242.29635,-18944.69635000001,STOP
2025-11-24,HBLENGINE,SELL,176,899.5,237.46800000000002,-18664.66800000001,STOP
2025-11-24,HINDCOPPER,SELL,520,314.15,245.037,-14727.037000000011,STOP
2025-11-25,ANANTRAJ,SELL,274,574.85,236.26335,-19183.363349999996,STOP
2025-12-01,WAAREEENER,SELL,51,3200.0,244.8,28671.995936724586,REBAL_EXIT
2025-12-01,PAYTM,SELL,135,1335.0,270.3375,32105.536693548376,REBAL_EXIT
2025-12-01,SWIGGY,SELL,432,380.0,246.24,-12376.440000000019,REBAL_EXIT
2025-12-01,APOLLO,SELL,639,264.15,253.18777499999996,-9422.837775000015,REBAL_EXIT
2025-12-01,AUBANK,SELL,201,955.4,288.0531,15470.346899999997,REBAL_EXIT
2025-12-01,RBLBANK,BUY,2,313.25,0.93975,0.0,REBAL_ENTRY
2025-12-01,HEROMOTOCO,SELL,4,6230.0,37.38,4428.62,REBAL_TRIM
2025-12-01,SAMMAANCAP,BUY,167,154.03,38.584514999999996,0.0,REBAL_ENTRY
2025-12-01,IDEA,SELL,3210,10.0,48.15,2680.3499999999985,REBAL_TRIM
2025-12-01,YESBANK,SELL,371,22.94,12.76611,57.72389000000048,REBAL_TRIM
2025-12-01,MCX,SELL,11,2040.0,33.660000000000004,1968.34,REBAL_TRIM
2025-12-01,ASHOKLEY,SELL,176,158.26,41.78064,2819.9793599999985,REBAL_TRIM
2025-12-01,NETWEB,BUY,51,3301.4,252.5571,0.0,REBAL_ENTRY
2025-12-01,ATHERENERG,BUY,236,717.0,253.818,0.0,REBAL_ENTRY
2025-12-01,HINDCOPPER,BUY,520,335.5,261.69,0.0,REBAL_ENTRY
2025-12-01,BHEL,BUY,584,291.1,255.00360000000003,0.0,REBAL_ENTRY
2025-12-01,BSE,BUY,58,2919.0,253.953,0.0,REBAL_ENTRY
2025-12-01,CHENNPETRO,BUY,185,919.0,255.0225,0.0,REBAL_ENTRY
2025-12-01,NATIONALUM,BUY,654,264.1,259.0821,0.0,REBAL_ENTRY
2025-12-01,GMDCLTD,BUY,315,542.0,256.095,0.0,REBAL_ENTRY
2025-12-01,INDUSTOWER,BUY,424,404.6,257.32560000000007,0.0,REBAL_ENTRY
2025-12-01,PERSISTENT,BUY,26,6375.5,248.6445,0.0,REBAL_ENTRY
2025-12-01,REDINGTON,BUY,618,274.95,254.87865000000002,0.0,REBAL_ENTRY
2025-12-01,INDUSINDBK,BUY,198,860.0,255.42000000000002,0.0,REBAL_ENTRY
2025-12-01,SAGILITY,BUY,3396,50.01,254.75093999999999,0.0,REBAL_ENTRY
2025-12-09,SAMMAANCAP,SELL,1106,141.0,233.919,-19311.929000000026,STOP
2025-12-09,GMDCLTD,SELL,315,489.8,231.4305,-16674.430499999995,STOP
2025-12-10,ATHERENERG,SELL,236,655.0,231.87,-14863.87,STOP
2025-12-11,BSE,SELL,58,2595.0,225.76500000000001,-19017.765,STOP
2025-12-29,CHENNPETRO,SELL,185,830.15,230.366625,-16667.616625000002,STOP
2026-01-01,YESBANK,SELL,7418,21.66,241.01082000000002,-8326.630819999998,REBAL_EXIT
2026-01-01,NETWEB,SELL,51,3120.0,238.68,-9490.080000000005,REBAL_EXIT
2026-01-01,REDINGTON,SELL,618,264.75,245.42325,-6549.023249999993,REBAL_EXIT
2026-01-01,RBLBANK,BUY,6,313.95,2.82555,0.0,REBAL_ENTRY
2026-01-01,HEROMOTOCO,BUY,3,5771.0,25.9695,0.0,REBAL_ENTRY
2026-01-01,IDEA,SELL,917,11.2,15.4056,1864.444399999999,REBAL_TRIM
2026-01-01,MCX,SELL,6,2232.0,20.088,2223.912,REBAL_TRIM
2026-01-01,ASHOKLEY,SELL,105,179.19,28.222425,3876.727575,REBAL_TRIM
2026-01-01,HINDCOPPER,SELL,185,521.5,144.71625,34265.28375,REBAL_TRIM
2026-01-01,BHEL,BUY,21,288.5,9.08775,0.0,REBAL_ENTRY
2026-01-01,NATIONALUM,SELL,101,315.5,47.79825,5143.601749999998,REBAL_TRIM
2026-01-01,INDUSTOWER,SELL,9,421.05,5.684175000000001,142.3658249999999,REBAL_TRIM
2026-01-01,PERSISTENT,BUY,1,6285.0,9.4275,0.0,REBAL_ENTRY
2026-01-01,INDUSINDBK,BUY,3,865.45,3.8945250000000007,0.0,REBAL_ENTRY
2026-01-01,SAGILITY,SELL,53,52.4,4.1658,122.50420000000003,REBAL_TRIM
2026-01-01,FEDERALBNK,BUY,651,267.65,261.360225,0.0,REBAL_ENTRY
2026-01-01,AUBANK,BUY,174,994.5,259.5645,0.0,REBAL_ENTRY
2026-01-01,ATHERENERG,BUY,230,755.0,260.475,0.0,REBAL_ENTRY
2026-01-01,BSE,BUY,66,2640.9,261.4491,0.0,REBAL_ENTRY
2026-01-01,IDFCFIRSTB,BUY,2031,85.62,260.84133,0.0,REBAL_ENTRY
2026-01-01,LTF,BUY,550,315.95,260.65875,0.0,REBAL_ENTRY
2026-01-01,PAYTM,BUY,133,1298.9,259.13055,0.0,REBAL_ENTRY
2026-01-01,HBLENGINE,BUY,187,928.0,260.30400000000003,0.0,REBAL_ENTRY
2026-01-06,ATHERENERG,SELL,230,690.15,238.10175,-15153.601750000005,STOP
2026-01-14,BHEL,SELL,605,265.95,241.349625,-15402.499625000046,STOP
2026-01-14,LTF,SELL,550,286.1,236.0325,-16653.532499999983,STOP
2026-01-14,HBLENGINE,SELL,187,846.0,237.303,-15571.303,STOP
2026-01-27,PAYTM,SELL,133,1150.0,229.425,-20033.12500000001,STOP
2026-02-01,RBLBANK,SELL,550,297.8,245.685,27050.25013513512,REBAL_EXIT
2026-02-01,AUBANK,SELL,174,982.35,256.39335,-2370.4933499999956,REBAL_EXIT
2026-02-01,IDFCFIRSTB,SELL,2031,84.5,257.42925,-2532.1492500000095,REBAL_EXIT
2026-02-01,HEROMOTOCO,BUY,2,5568.0,16.704,0.0,REBAL_ENTRY
2026-02-01,IDEA,SELL,306,11.23,5.1545700000000005,631.32543,REBAL_TRIM
2026-02-01,MCX,SELL,8,2300.0,27.6,3508.4,REBAL_TRIM
2026-02-01,ASHOKLEY,SELL,70,196.68,20.651400000000002,3806.9486,REBAL_TRIM
2026-02-01,HINDCOPPER,SELL,77,619.95,71.604225,21831.045775000006,REBAL_TRIM
2026-02-01,NATIONALUM,SELL,94,353.0,49.773,8306.827,REBAL_TRIM
2026-02-01,INDUSTOWER,SELL,17,443.95,11.320725,657.6292749999993,REBAL_TRIM
2026-02-01,PERSISTENT,BUY,2,6065.0,18.195,0.0,REBAL_ENTRY
2026-02-01,INDUSINDBK,SELL,4,894.1,5.3646,130.7100268656717,REBAL_TRIM
2026-02-01,SAGILITY,BUY,204,49.0,14.994,0.0,REBAL_ENTRY
2026-02-01,FEDERALBNK,SELL,36,288.55,15.581700000000001,736.8183000000013,REBAL_TRIM
2026-02-01,BSE,SELL,3,2800.0,12.6,464.6999999999997,REBAL_TRIM
2026-02-01,CUPID,BUY,2208,82.6,273.5712,0.0,REBAL_ENTRY
2026-02-01,SAIL,BUY,1171,148.0,259.962,0.0,REBAL_ENTRY
2026-02-01,GRSE,BUY,64,2781.0,266.976,0.0,REBAL_ENTRY
2026-02-01,POWERINDIA,BUY,9,18990.0,256.365,0.0,REBAL_ENTRY
2026-02-01,RVNL,BUY,515,343.4,265.2765,0.0,REBAL_ENTRY
2026-02-01,GVT&D,BUY,54,3250.0,263.25,0.0,REBAL_ENTRY
2026-02-01,BDL,BUY,115,1505.0,259.6125,0.0,REBAL_ENTRY
2026-02-01,JWL,BUY,547,326.0,267.483,0.0,REBAL_ENTRY
2026-02-02,GRSE,SELL,64,2537.0,243.552,-15859.552,STOP
2026-02-02,BDL,SELL,115,1394.0,240.465,-13005.465,STOP
2026-02-09,RVNL,SELL,515,315.0,243.3375,-14869.337499999989,STOP
2026-02-09,JWL,SELL,547,299.45,245.698725,-14768.548725000006,STOP
2026-02-12,PERSISTENT,SELL,29,5650.0,245.775,-20573.77500000001,STOP
2026-02-17,SAGILITY,SELL,3547,46.19,245.753895,-13589.253894999996,STOP
2026-03-02,GVT&D,SELL,54,3655.3,296.07930000000005,21590.12070000001,REBAL_EXIT
2026-03-02,HEROMOTOCO,SELL,2,5565.0,16.695,706.21125,REBAL_TRIM
2026-03-02,IDEA,BUY,824,10.25,12.669,0.0,REBAL_ENTRY
2026-03-02,MCX,BUY,2,2427.0,7.281000000000001,0.0,REBAL_ENTRY
2026-03-02,ASHOKLEY,SELL,64,200.05,19.204800000000002,3695.9952000000008,REBAL_TRIM
2026-03-02,HINDCOPPER,BUY,53,563.5,44.79825,0.0,REBAL_ENTRY
2026-03-02,NATIONALUM,BUY,39,341.85,19.998225,0.0,REBAL_ENTRY
2026-03-02,INDUSTOWER,SELL,10,439.15,6.58725,338.91274999999956,REBAL_TRIM
2026-03-02,INDUSINDBK,SELL,13,939.0,18.3105,1007.6320373134326,REBAL_TRIM
2026-03-02,FEDERALBNK,SELL,26,290.0,11.31,569.7900000000006,REBAL_TRIM
2026-03-02,BSE,BUY,2,2585.3,7.7559000000000005,0.0,REBAL_ENTRY
2026-03-02,CUPID,SELL,36,78.0,4.212,-169.81199999999978,REBAL_TRIM
2026-03-02,SAIL,SELL,105,158.99,25.040925,1128.909075000001,REBAL_TRIM
2026-03-02,POWERINDIA,SELL,3,24500.0,110.25,16419.75,REBAL_TRIM
2026-03-02,TARIL,BUY,569,290.1,247.60035000000005,0.0,REBAL_ENTRY
2026-03-02,NETWEB,BUY,45,3716.0,250.83,0.0,REBAL_ENTRY
2026-03-02,POLYCAB,BUY,20,8400.0,252.0,0.0,REBAL_ENTRY
2026-03-02,GMDCLTD,BUY,310,545.0,253.425,0.0,REBAL_ENTRY
2026-03-02,GROWW,BUY,1080,155.49,251.89380000000003,0.0,REBAL_ENTRY
2026-03-02,RVNL,BUY,558,295.8,247.5846,0.0,REBAL_ENTRY
2026-03-02,AUBANK,BUY,184,895.05,247.03379999999999,0.0,REBAL_ENTRY
2026-03-05,CUPID,SELL,2172,77.2,251.5176,-11980.31759999998,STOP
2026-03-06,NETWEB,SELL,45,3244.7,219.01725000000002,-21427.517250000008,STOP
2026-03-11,POLYCAB,SELL,20,7690.0,230.70000000000002,-14430.7,STOP
2026-03-16,RVNL,SELL,558,271.25,227.03625,-13925.936250000006,STOP
2026-03-17,TARIL,SELL,569,268.0,228.738,-12803.638000000012,STOP
2026-03-24,INDUSINDBK,SELL,184,789.85,217.99859999999998,-13140.565764179102,STOP
2026-04-01,IDEA,SELL,16680,8.94,223.67879999999997,-4632.878799999999,REBAL_EXIT
2026-04-01,HEROMOTOCO,BUY,1,5152.0,7.728,0.0,REBAL_ENTRY
2026-04-01,MCX,SELL,5,2449.9,18.37425,2862.0979722222223,REBAL_TRIM
2026-04-01,ASHOKLEY,BUY,207,154.15,47.863575000000004,0.0,REBAL_ENTRY
2026-04-01,HINDCOPPER,BUY,43,473.7,30.553649999999998,0.0,REBAL_ENTRY
2026-04-01,NATIONALUM,SELL,82,396.45,48.763349999999996,10304.650505421681,REBAL_TRIM
2026-04-01,INDUSTOWER,SELL,4,436.8,2.6208,126.17919999999995,REBAL_TRIM
2026-04-01,FEDERALBNK,BUY,31,266.45,12.389924999999998,0.0,REBAL_ENTRY
2026-04-01,BSE,SELL,6,2810.5,25.2945,1002.5701153846139,REBAL_TRIM
2026-04-01,SAIL,SELL,4,155.6,0.9336,29.46639999999998,REBAL_TRIM
2026-04-01,GMDCLTD,SELL,26,582.1,22.701900000000002,941.8981000000006,REBAL_TRIM
2026-04-01,GROWW,SELL,9,158.0,2.133,20.45699999999992,REBAL_TRIM
2026-04-01,AUBANK,BUY,6,859.65,7.73685,0.0,REBAL_ENTRY
2026-04-01,MRPL,BUY,894,183.0,245.403,0.0,REBAL_ENTRY
2026-04-01,DATAPATTNS,BUY,52,3140.0,244.92000000000002,0.0,REBAL_ENTRY
2026-04-01,OIL,BUY,338,480.0,243.36,0.0,REBAL_ENTRY
2026-04-01,WAAREEENER,BUY,51,3220.0,246.33,0.0,REBAL_ENTRY
2026-04-01,NETWEB,BUY,51,3215.0,245.94750000000002,0.0,REBAL_ENTRY
2026-04-01,ANGELONE,BUY,706,238.96,253.05864000000003,0.0,REBAL_ENTRY
2026-04-01,POLYCAB,BUY,23,7148.5,246.62325,0.0,REBAL_ENTRY
2026-05-04,MRPL,SELL,894,169.0,226.629,-12742.629,STOP
2026-05-04,HEROMOTOCO,SELL,31,5186.0,241.149,-733.5552499999918,REBAL_EXIT
2026-05-04,ASHOKLEY,SELL,1043,162.29,253.902705,18393.517294999998,REBAL_EXIT
2026-05-04,HINDCOPPER,SELL,354,540.0,286.74,54079.659999999996,REBAL_EXIT
2026-05-04,INDUSTOWER,SELL,384,414.55,238.78080000000003,3582.0191999999956,REBAL_EXIT
2026-05-04,FEDERALBNK,SELL,620,290.0,269.7,13624.500000000015,REBAL_EXIT
2026-05-04,OIL,SELL,338,487.0,246.909,2119.091,REBAL_EXIT
2026-05-04,MCX,SELL,4,3000.0,18.0,4486.777777777777,REBAL_TRIM
2026-05-04,NATIONALUM,BUY,55,399.0,32.917500000000004,0.0,REBAL_ENTRY
2026-05-04,BSE,SELL,8,3681.0,44.172000000000004,8290.314153846151,REBAL_TRIM
2026-05-04,SAIL,SELL,43,185.25,11.948625,1589.801375,REBAL_TRIM
2026-05-04,POWERINDIA,SELL,1,33880.0,50.82,14839.18,REBAL_TRIM
2026-05-04,GMDCLTD,SELL,29,740.0,32.19,5622.81,REBAL_TRIM
2026-05-04,GROWW,SELL,196,217.1,63.8274,12011.732599999998,REBAL_TRIM
2026-05-04,AUBANK,SELL,5,1023.7,7.6777500000000005,641.1617236842117,REBAL_TRIM
2026-05-04,DATAPATTNS,SELL,6,4130.0,37.17,5902.83,REBAL_TRIM
2026-05-04,WAAREEENER,BUY,9,3159.8,42.6573,0.0,REBAL_ENTRY
2026-05-04,NETWEB,SELL,5,4090.0,30.675,4344.325,REBAL_TRIM
2026-05-04,ANGELONE,SELL,97,308.7,44.91585,6719.864149999998,REBAL_TRIM
2026-05-04,ATHERENERG,BUY,201,946.0,285.219,0.0,REBAL_ENTRY
2026-05-04,SCI,BUY,618,306.95,284.54265000000004,0.0,REBAL_ENTRY
2026-05-04,BHEL,BUY,534,355.0,284.355,0.0,REBAL_ENTRY
2026-05-04,BHARATFORG,BUY,100,1912.3,286.845,0.0,REBAL_ENTRY
2026-05-04,TEJASNET,BUY,453,415.15,282.094425,0.0,REBAL_ENTRY
2026-05-04,ATGL,BUY,296,641.95,285.0258,0.0,REBAL_ENTRY
2026-05-04,SUZLON,BUY,3387,56.2,285.52410000000003,0.0,REBAL_ENTRY
2026-05-13,SUZLON,SELL,3387,51.31,260.680455,-16823.110455000002,STOP
2026-06-01,AUBANK,SELL,185,989.4,274.5585,17387.00202631582,REBAL_EXIT
2026-06-01,SCI,SELL,618,292.95,271.56465000000003,-8923.56465,REBAL_EXIT
2026-06-01,BHARATFORG,SELL,100,1970.1,295.515,5484.484999999995,REBAL_EXIT
2026-06-01,MCX,BUY,4,2967.0,17.802,0.0,REBAL_ENTRY
2026-06-01,NATIONALUM,SELL,2,425.45,1.27635,279.16265698334723,REBAL_TRIM
2026-06-01,BSE,SELL,3,4180.0,18.81,4603.622307692306,REBAL_TRIM
2026-06-01,SAIL,SELL,45,205.2,13.851,2560.1489999999994,REBAL_TRIM
2026-06-01,GMDCLTD,BUY,42,670.95,42.269850000000005,0.0,REBAL_ENTRY
2026-06-01,GROWW,BUY,201,186.0,56.079,0.0,REBAL_ENTRY
2026-06-01,DATAPATTNS,BUY,3,4063.3,18.284850000000002,0.0,REBAL_ENTRY
2026-06-01,WAAREEENER,BUY,3,3149.3,14.171850000000003,0.0,REBAL_ENTRY
2026-06-01,NETWEB,SELL,4,4691.8,28.1508,5879.0492,REBAL_TRIM
2026-06-01,ANGELONE,SELL,19,341.0,9.7185,1929.0414999999998,REBAL_TRIM
2026-06-01,POLYCAB,SELL,2,9501.0,28.503,4676.497,REBAL_TRIM
2026-06-01,ATHERENERG,BUY,5,970.0,7.275,0.0,REBAL_ENTRY
2026-06-01,BHEL,SELL,57,417.0,35.6535,3498.3465,REBAL_TRIM
2026-06-01,TEJASNET,SELL,71,525.1,55.92315,7750.526850000004,REBAL_TRIM
2026-06-01,ATGL,SELL,39,784.0,45.864000000000004,5494.085999999998,REBAL_TRIM
2026-06-01,HFCL,BUY,1106,180.0,298.62,0.0,REBAL_ENTRY
2026-06-01,APOLLO,BUY,486,410.55,299.29095,0.0,REBAL_ENTRY
2026-06-01,OLAELEC,BUY,4798,41.87,301.33839,0.0,REBAL_ENTRY
2026-06-01,GVT&D,BUY,38,5100.0,290.7,0.0,REBAL_ENTRY
2026-06-12,HFCL,SELL,1106,170.0,282.03000000000003,-11342.03,STOP
2026-06-30,WAAREEENER,SELL,63,2900.0,274.05,-19680.149999999998,STOP
2026-07-01,MCX,SELL,67,2858.5,287.27925,61314.47074999999,REBAL_EXIT
2026-07-01,NATIONALUM,SELL,469,337.95,237.74782499999998,24487.699312594923,REBAL_EXIT
2026-07-01,SAIL,SELL,974,173.36,253.27896,24447.361040000014,REBAL_EXIT
2026-07-01,GMDCLTD,SELL,297,582.0,259.281,5439.818999999994,REBAL_EXIT
2026-07-01,BSE,BUY,2,3870.0,11.61,0.0,REBAL_ENTRY
2026-07-01,GROWW,SELL,103,202.1,31.22445,4182.571600185873,REBAL_TRIM
2026-07-01,DATAPATTNS,SELL,6,4519.7,40.677299999999995,7898.35127142857,REBAL_TRIM
2026-07-01,NETWEB,BUY,1,4558.0,6.837,0.0,REBAL_ENTRY
2026-07-01,ANGELONE,BUY,4,330.0,1.98,0.0,REBAL_ENTRY
2026-07-01,POLYCAB,SELL,2,9979.5,29.9385,5632.0615,REBAL_TRIM
2026-07-01,ATHERENERG,SELL,34,1141.0,58.191,6552.00317475728,REBAL_TRIM
2026-07-01,BHEL,SELL,3,416.1,1.8724500000000004,181.42755000000008,REBAL_TRIM
2026-07-01,TEJASNET,SELL,61,615.0,56.2725,12134.577500000003,REBAL_TRIM
2026-07-01,ATGL,BUY,11,728.0,12.012,0.0,REBAL_ENTRY
2026-07-01,APOLLO,SELL,24,428.0,15.408,403.3919999999997,REBAL_TRIM
2026-07-01,OLAELEC,SELL,305,43.97,20.116275,620.3837250000005,REBAL_TRIM
2026-07-01,GVT&D,BUY,1,4977.0,7.4655000000000005,0.0,REBAL_ENTRY
2026-07-01,HFCL,BUY,923,214.0,296.283,0.0,REBAL_ENTRY
2026-07-01,PARAS,BUY,152,1296.5,295.60200000000003,0.0,REBAL_ENTRY
2026-07-01,IDEA,BUY,13597,14.46,294.91893000000005,0.0,REBAL_ENTRY
2026-07-01,WOCKPHARMA,BUY,101,1955.0,296.1825,0.0,REBAL_ENTRY
2026-07-01,IFCI,BUY,2625,75.34,296.65125,0.0,REBAL_ENTRY
2026-07-01,HSCL,BUY,289,678.7,294.21645,0.0,REBAL_ENTRY
