date,open,high,low,close,volume
2018-07-05,76074.65,76350.0,75301.15,75477.4,2341
2018-07-06,75350.0,76198.95,74838.85,75097.15,4502
2018-07-09,75499.9,75900.0,75097.0,75505.0,3521
2018-07-10,75551.0,76429.35,75240.05,75943.9,5016
2018-07-11,76000.0,76549.0,75525.05,76153.8,3293
2018-07-12,76500.0,78178.35,76405.0,77611.2,13063
2018-07-13,77611.2,77999.0,76560.0,77059.75,3963
2018-07-16,77060.0,77060.0,74118.5,74332.0,7317
2018-07-17,74599.95,75372.65,74327.0,74608.95,5825
2018-07-18,75248.0,75490.0,73666.0,73852.35,4812
2018-07-19,74404.85,74920.0,73938.95,74475.3,3949
2018-07-20,74225.3,77683.5,74100.0,76812.45,9474
2018-07-23,76999.0,78000.0,75712.0,77782.5,4861
2018-07-24,77848.0,78267.2,77057.55,77627.9,7761
2018-07-25,77115.0,78900.0,77115.0,78208.75,5727
2018-07-26,78500.0,78899.0,78310.95,78644.75,4472
2018-07-27,78999.0,81013.55,78600.05,80860.45,11401
2018-07-30,80998.0,81190.95,79201.0,79931.4,7295
2018-07-31,80740.0,80740.0,79277.85,79490.35,4446
2018-08-01,79987.0,80396.8,79200.0,79578.85,4888
2018-08-02,79580.0,79580.0,78005.0,78372.95,5254
2018-08-03,78622.95,79150.0,78379.85,78477.15,3557
2018-08-06,78485.0,78935.85,76501.0,76892.3,5089
2018-08-07,76880.0,77583.35,76701.0,77200.2,4539
2018-08-08,77099.75,77589.85,76311.1,76650.1,6784
2018-08-09,77077.0,77450.2,75411.05,75995.1,27709
2018-08-10,76000.0,76299.7,74100.0,74233.95,13065
2018-08-13,74489.9,74489.9,73150.0,73253.95,15760
2018-08-14,73503.95,74300.0,73400.0,73819.8,12251
2018-08-16,73850.0,74199.9,73100.0,73164.7,7142
2018-08-17,73200.0,73900.0,73141.0,73747.75,7752
2018-08-20,73999.0,75089.7,73500.0,74761.9,15186
2018-08-21,75111.0,75250.0,74256.7,74498.95,11543
2018-08-23,74500.0,74800.0,74100.0,74573.5,4828
2018-08-24,74500.0,75052.65,73800.0,74075.9,2937
2018-08-27,74300.0,74500.0,74000.0,74171.9,2216
2018-08-28,74649.0,74649.0,73202.85,73316.9,4230
2018-08-29,73640.0,73640.0,73200.0,73286.4,3222
2018-08-30,73753.9,74153.95,73001.0,73218.8,5919
2018-08-31,73250.0,74300.0,73000.0,74026.75,4913
2018-09-03,73777.0,74169.95,73000.0,73038.9,3917
2018-09-04,73300.0,73600.0,70850.0,71028.9,8961
2018-09-05,71299.0,71299.0,70001.0,70352.3,7748
2018-09-06,70799.9,70984.3,70100.0,70830.55,4867
2018-09-07,70881.0,72000.0,70632.05,71251.95,4849
2018-09-10,71501.0,71550.05,70450.0,70506.5,4334
2018-09-11,70506.5,71099.95,69600.0,69769.55,3404
2018-09-12,69860.0,69958.95,68201.1,69143.35,8913
2018-09-14,69500.0,70712.9,69500.0,70244.3,6967
2018-09-17,70200.0,70200.0,69650.1,69782.3,2670
2018-09-18,69782.3,70119.0,68500.85,68731.35,4569
2018-09-19,69095.0,69249.95,67390.0,67783.4,11985
2018-09-21,68195.0,68500.0,62500.0,66744.4,10416
2018-09-24,67000.0,67000.05,64450.0,64568.0,7655
2018-09-25,64677.0,67100.0,63125.0,65780.65,17921
2018-09-26,66988.0,66988.0,65800.0,66318.55,4318
2018-09-27,67015.0,68200.0,63950.05,64202.85,12368
2018-09-28,64500.0,65737.4,62300.0,63598.55,11536
2018-10-01,64100.0,64100.0,62150.0,63025.65,12283
2018-10-03,63077.0,63654.0,62555.05,63138.8,10722
2018-10-04,62699.95,62699.95,61400.0,61603.8,13688
2018-10-05,61400.0,61400.0,60501.0,61022.2,9200
2018-10-08,60711.0,61751.0,59601.0,61120.9,12830
2018-10-09,61899.0,62700.0,60660.0,61997.3,4980
2018-10-10,61521.0,64300.0,61521.0,63979.6,6132
2018-10-11,62990.0,64269.65,61709.05,63427.5,6805
2018-10-12,63620.0,64959.95,63620.0,63978.35,11121
2018-10-15,63625.2,64579.85,62000.0,62600.6,12243
2018-10-16,62991.85,63980.0,62862.15,63212.95,6090
2018-10-17,63750.0,64263.75,61900.0,62101.85,6380
2018-10-19,61965.0,62690.0,60900.0,61967.85,7567
2018-10-22,62749.95,62749.95,61999.0,62206.95,4196
2018-10-23,61600.0,62177.0,61301.0,61723.65,5082
2018-10-24,62440.0,62700.0,61805.15,62350.0,3986
2018-10-25,62000.0,62480.0,60800.0,61362.5,7477
2018-10-26,61300.0,63421.5,60666.0,63056.15,10200
2018-10-29,63200.0,64350.0,62525.0,63932.25,5004
2018-10-30,63402.2,64900.0,63402.2,64309.15,6896
2018-10-31,64342.0,64900.0,63684.0,64498.55,4183
2018-11-01,64498.55,65350.0,64498.05,64742.05,4418
2018-11-02,65050.0,66676.55,65012.4,66480.8,6742
2018-11-05,66700.0,66800.0,65910.0,66153.8,3810
2018-11-06,66200.0,66607.4,64900.0,65160.7,4248
2018-11-09,65050.1,66502.0,64513.15,66345.1,10673
2018-11-12,66345.0,66985.05,65060.5,65203.15,4542
2018-11-13,65203.15,66190.0,64802.05,65822.15,4985
2018-11-14,66100.0,66740.0,65240.0,65545.95,8200
2018-11-15,65999.0,66333.0,65200.0,65784.85,7974
2018-11-16,65900.0,66800.0,65588.45,65754.95,5438
2018-11-19,65770.0,66400.0,65501.0,66190.3,3936
2018-11-20,66200.0,66330.0,65713.2,66024.45,3325
2018-11-21,66251.0,67568.0,66110.0,67324.2,8262
2018-11-22,67400.0,68169.95,67202.0,67607.4,6407
2018-11-26,68000.0,68710.0,67607.45,68198.75,10287
2018-11-27,67866.2,68680.0,67400.05,68575.25,6030
2018-11-28,68501.0,69340.0,68360.75,68792.25,6588
2018-11-29,69002.0,69150.0,68011.0,68289.9,7575
2018-11-30,68400.0,68678.55,67150.9,67332.05,5175
2018-12-03,67500.0,67949.0,66608.0,66692.85,5041
2018-12-04,66800.0,67137.7,65931.95,66128.75,2992
2018-12-05,66000.0,66196.65,65136.0,65284.0,3690
2018-12-06,65299.0,65312.05,64445.05,64764.8,2960
2018-12-07,65269.0,65700.0,64864.05,65574.85,3550
2018-12-10,64100.05,64895.45,64100.05,64364.6,3289
2018-12-11,63666.0,66500.0,63666.0,66171.7,7236
2018-12-12,66272.0,68490.0,66222.0,68146.55,6981
2018-12-13,68280.0,68899.0,67102.7,67463.55,5719
2018-12-14,67299.0,67500.0,66050.0,66335.05,5721
2018-12-17,66415.0,67200.0,66222.0,66375.15,3561
2018-12-18,66477.0,67998.95,66100.05,67561.5,4752
2018-12-19,68000.0,69500.0,67749.4,69326.95,10484
2018-12-20,68750.0,69900.0,68750.0,69049.7,10183
2018-12-21,69049.7,69561.0,66700.0,67003.85,9352
2018-12-24,67003.95,67347.0,65897.0,66117.65,5788
2018-12-26,66200.0,67503.0,65105.25,67319.65,9920
2018-12-27,67398.9,67699.0,66526.0,66686.35,8775
2018-12-28,67279.0,67475.0,66980.0,67036.95,4257
2018-12-31,67550.0,67550.0,66812.4,66984.7,5943
2019-01-01,67299.0,67299.0,66500.35,66801.2,4193
2019-01-02,66500.0,67100.0,66150.7,66635.5,7531
2019-01-03,66750.0,67400.0,66458.7,66818.25,4603
2019-01-04,66999.7,67349.9,66201.05,66603.15,4278
2019-01-07,67100.0,67345.9,66666.15,66978.55,6823
2019-01-08,66700.0,66976.0,66226.0,66439.9,2284
2019-01-09,66501.0,66999.0,65820.45,66070.35,4369
2019-01-10,66249.0,67094.95,65909.0,66700.7,4018
2019-01-11,66898.9,67000.0,66300.0,66937.25,2580
2019-01-14,66600.0,66996.95,65955.9,66653.05,5052
2019-01-15,66650.0,66989.95,66077.0,66195.6,3863
2019-01-16,66220.0,66485.7,65900.0,65991.2,3514
2019-01-17,66291.0,66291.0,65600.0,65802.8,3530
2019-01-18,66005.0,66098.2,65650.0,65739.8,1613
2019-01-21,65739.8,66298.95,65501.0,66126.1,8009
2019-01-22,65900.0,66166.85,65100.0,65259.6,4697
2019-01-23,65378.0,66289.95,65300.0,66072.05,3086
2019-01-24,66000.0,66188.4,64500.0,64902.75,4134
2019-01-25,65300.0,65533.3,63700.0,63920.95,3105
2019-01-28,63875.0,63875.0,62450.0,62559.95,4488
2019-01-29,62830.0,62830.0,61500.0,61868.15,8712
2019-01-30,62384.0,62384.0,61150.0,61329.4,6589
2019-01-31,61500.0,61767.6,60540.15,61289.2,7598
2019-02-01,61489.2,62699.9,61012.1,61275.7,7551
2019-02-04,61944.0,61944.0,59800.0,59906.55,7858
2019-02-05,60299.0,60400.0,59500.0,60004.3,6603
2019-02-06,60300.0,60300.0,59550.0,59936.0,5305
2019-02-07,60035.0,60800.0,58960.05,59410.55,22636
2019-02-08,59188.95,59188.95,56300.0,56451.35,24277
2019-02-11,56450.0,56900.0,54725.0,55345.6,14323
2019-02-12,55750.0,56178.0,54900.0,55355.4,10994
2019-02-13,55799.0,55892.7,55200.0,55596.8,9834
2019-02-14,55600.0,56600.0,55315.0,56302.2,8943
2019-02-15,56302.0,56408.3,55000.0,55136.85,12188
2019-02-18,55248.0,55499.0,54254.2,54460.15,5980
2019-02-19,54480.15,55403.95,53858.35,54227.9,10536
2019-02-20,54529.9,54970.0,54125.0,54793.2,6031
2019-02-21,54829.0,55250.0,54505.0,54710.65,3891
2019-02-22,54720.0,55150.0,54553.5,54960.8,4411
2019-02-25,55468.0,55468.0,54855.0,55340.15,4311
2019-02-26,55140.15,56387.1,54400.0,55952.9,5776
2019-02-27,56400.0,57266.0,56152.9,56862.75,11007
2019-02-28,57390.0,57400.0,56572.0,56839.55,12341
2019-03-01,56907.0,57400.0,56907.0,57129.1,4094
2019-03-05,57397.0,58000.0,57218.5,57663.25,8410
2019-03-06,58040.0,58790.0,57555.0,58566.4,7261
2019-03-07,58570.0,58594.85,57645.1,57839.75,4062
2019-03-08,58000.0,58000.0,56830.0,57026.6,6779
2019-03-11,57040.0,57980.15,57040.0,57708.3,5144
2019-03-12,58100.0,58253.65,56801.0,57171.0,13277
2019-03-13,57800.0,58000.0,57200.0,57414.6,8933
2019-03-14,57990.0,57990.0,57001.0,57161.45,10389
2019-03-15,57200.0,58000.0,56911.0,57609.5,8692
2019-03-18,57998.0,57998.0,57244.0,57433.75,5722
2019-03-19,57688.95,57688.95,57020.0,57444.25,2978
2019-03-20,57400.0,57400.0,56800.0,56976.6,4821
2019-03-22,57000.0,57299.0,56175.55,56547.75,5278
2019-03-25,56310.0,56320.0,55895.15,56006.25,3193
2019-03-26,56399.0,56399.0,56050.0,56180.15,5182
2019-03-27,56350.0,56885.0,56200.0,56585.15,7145
2019-03-28,56740.0,56849.9,56100.05,56296.95,5142
2019-03-29,56300.1,58175.0,56300.1,57987.15,10554
2019-04-01,58150.0,60689.95,58000.0,60163.85,15675
2019-04-02,60250.0,61684.0,60200.0,60390.1,13292
2019-04-03,60480.0,60830.0,59600.0,60040.2,7111
2019-04-04,60262.0,60498.9,59750.05,60003.15,6488
2019-04-05,60003.15,60400.0,59901.35,60259.2,4012
2019-04-08,60554.0,60554.0,58573.05,58921.3,4676
2019-04-09,59199.0,59350.0,57500.0,57641.2,8355
2019-04-10,57800.0,58450.0,57300.0,57491.75,7299
2019-04-11,57600.0,57991.0,57304.05,57468.9,3874
2019-04-12,57500.0,58599.0,57500.0,58515.75,4869
2019-04-15,59000.0,59044.75,58028.2,58147.9,4502
2019-04-16,58269.0,58540.0,57950.1,58056.1,3320
2019-04-18,58203.0,58400.1,57526.1,57812.2,4303
2019-04-22,57650.0,57747.1,56384.4,56595.15,3745
2019-04-23,57085.0,57085.0,56400.0,56564.45,3363
2019-04-24,56600.0,56800.0,55555.0,55642.4,5419
2019-04-25,56049.0,56192.95,55300.0,55420.9,5110
2019-04-26,55750.0,55839.75,54250.0,54410.05,11658
2019-04-30,54410.05,54589.75,52500.0,52905.0,9371
2019-05-02,52605.0,53690.0,51586.3,52424.85,26249
2019-05-03,52500.0,53400.0,52500.0,53110.9,12837
2019-05-06,53110.9,53990.0,52706.0,53817.85,11787
2019-05-07,54000.0,54650.0,52666.3,52944.65,5985
2019-05-08,53049.0,54500.0,53000.0,54117.75,12180
2019-05-09,54400.0,54679.95,54000.0,54431.2,7410
2019-05-10,54600.0,54798.95,53751.6,53947.35,5090
2019-05-13,53997.0,53997.9,52927.9,53071.75,2913
2019-05-14,53140.0,53499.0,52850.0,53289.85,3264
2019-05-15,53590.0,53799.0,53200.05,53559.3,7314
2019-05-16,53849.0,53970.0,53100.0,53692.4,5128
2019-05-17,53749.9,54750.0,53401.65,54369.7,5326
2019-05-20,54889.7,55149.95,54232.0,54761.3,9203
2019-05-21,55000.0,55150.0,54415.0,54772.1,5597
2019-05-22,54999.0,55250.0,54500.05,55123.85,4630
2019-05-23,55523.0,56098.2,54500.0,54818.3,9450
2019-05-24,55200.0,57464.8,55000.0,57009.3,8395
2019-05-27,57300.0,57928.05,56677.5,56862.65,6040
2019-05-28,57148.95,57250.0,56255.05,56416.7,4862
2019-05-29,56600.0,56890.0,55701.0,55916.7,4761
2019-05-30,56250.0,56250.0,55025.0,55185.25,4519
2019-05-31,55299.1,55676.7,54525.0,55265.1,6656
2019-06-03,55403.25,56431.95,55390.0,56002.45,6624
2019-06-04,56026.0,57600.0,56025.0,57382.45,11498
2019-06-06,57599.95,57741.05,55510.6,55805.8,7419
2019-06-07,55950.0,56441.3,55112.0,55597.5,6447
2019-06-10,55949.0,56000.0,55100.0,55594.55,4118
2019-06-11,55800.0,56299.9,55501.0,56197.05,3948
2019-06-12,56270.0,56270.0,55417.3,55709.5,4485
2019-06-13,55999.0,55999.0,54251.0,54770.95,6714
2019-06-14,54651.0,55144.0,54383.8,54704.75,3387
2019-06-17,54950.0,55300.0,54148.85,54724.7,5755
2019-06-18,54555.0,54950.0,54123.8,54619.8,4368
2019-06-19,54700.0,54931.8,54326.0,54495.8,6317
2019-06-20,54599.95,55000.0,54114.9,54921.7,2777
2019-06-21,54850.0,55199.9,54450.0,54922.4,3125
2019-06-24,54600.0,55089.95,54555.25,54660.7,5044
2019-06-25,55050.0,56338.65,54498.95,55552.9,13088
2019-06-26,55300.0,56350.0,55249.0,56094.75,5529
2019-06-27,56092.0,56900.0,56092.0,56501.95,7335
2019-06-28,56799.0,56800.0,56346.85,56609.6,6063
2019-07-01,56840.0,57147.95,56513.0,56758.85,3293
2019-07-02,56758.85,56974.2,56182.0,56667.6,3549
2019-07-03,56700.0,57075.35,56615.25,56806.65,4265
2019-07-04,56810.0,57000.0,56301.15,56539.45,3757
2019-07-05,56540.0,56714.1,55750.0,56003.15,3876
2019-07-08,55712.0,55712.0,54402.85,54776.25,6867
2019-07-09,54893.0,54900.0,53980.0,54571.2,6050
2019-07-10,54572.0,55400.0,54555.55,55196.9,5225
2019-07-11,55001.0,56528.45,54696.0,56163.9,4222
2019-07-12,56148.0,56291.8,55680.0,56074.7,3806
2019-07-15,55810.0,56321.55,55810.0,56132.4,4232
2019-07-16,55851.0,56745.0,55851.0,56510.9,3608
2019-07-17,56510.0,56510.0,55817.5,56004.7,4807
2019-07-18,56005.0,56252.75,55406.05,55538.4,3075
2019-07-19,55740.0,55900.0,53175.85,53502.85,8765
2019-07-22,53782.85,54365.85,53254.05,54144.1,3720
2019-07-23,54349.0,54435.4,53600.0,53941.8,3685
2019-07-24,54000.0,54639.95,53725.0,54028.6,5309
2019-07-25,54025.0,54483.6,53800.0,54112.9,4636
2019-07-26,54000.0,54981.75,54000.0,54338.5,2683
2019-07-29,54340.0,54660.0,53510.0,53785.3,7924
2019-07-30,53990.0,54289.75,53673.0,53778.5,4885
2019-07-31,53801.0,53801.0,52636.55,53548.75,5426
2019-08-01,53450.0,53878.35,53100.0,53355.6,5918
2019-08-02,53050.0,54284.55,52411.15,53869.55,5861
2019-08-05,53250.0,53650.0,52951.0,53352.9,3159
2019-08-06,53200.0,54094.95,53200.0,53871.15,2796
2019-08-07,54000.0,54450.0,53700.0,53998.5,4650
2019-08-08,54015.0,54900.0,54005.0,54699.55,2761
2019-08-09,54850.0,57431.6,54550.0,57034.45,21845
2019-08-13,56601.3,57390.9,56011.1,56736.75,7241
2019-08-14,56621.0,57871.5,56350.0,57293.0,8058
2019-08-16,57300.0,58300.0,56501.35,56823.6,5761
2019-08-19,57010.0,57745.0,57010.0,57589.8,4045
2019-08-20,57502.0,57857.0,57228.95,57548.9,3228
2019-08-21,57501.0,57857.0,57200.0,57737.0,3921
2019-08-22,57502.0,57700.0,56979.0,57572.45,5127
2019-08-23,57600.0,58400.0,56521.05,57859.5,5842
2019-08-26,58450.0,59000.0,57304.05,58782.4,5060
2019-08-27,58780.0,59499.0,58650.55,58871.5,4168
2019-08-28,58871.0,59200.0,57580.6,57924.5,3434
2019-08-29,57950.0,57988.0,57188.05,57545.65,2946
2019-08-30,57660.0,58950.0,57660.0,58590.05,4921
2019-09-03,58598.3,58649.85,57519.85,57801.55,3399
2019-09-04,57801.55,58188.9,57495.05,57691.2,3013
2019-09-05,57880.0,58260.0,57583.6,57722.45,2103
2019-09-06,58080.0,58980.0,57900.1,58754.3,2892
2019-09-09,58802.0,59200.0,58333.0,58869.1,2887
2019-09-11,58950.0,60280.0,58875.05,60101.95,6205
2019-09-12,60256.0,61109.95,60000.0,60658.9,7908
2019-09-13,60754.0,60996.7,59760.05,60119.95,7070
2019-09-16,59799.0,59980.0,59300.05,59461.5,2897
2019-09-17,59650.0,59993.65,57550.0,57852.4,5455
2019-09-18,58699.0,58699.0,58000.0,58364.55,4374
2019-09-19,58213.0,58400.0,57890.95,58069.15,2409
2019-09-20,58380.0,65850.0,58069.15,64642.9,25477
2019-09-23,64900.0,67467.0,64900.0,66180.25,16170
2019-09-24,66749.0,67227.55,65691.3,65879.55,8452
2019-09-25,65522.0,65990.0,64200.0,64499.5,6021
2019-09-26,64499.5,65420.0,62150.0,62859.6,20476
2019-09-27,62859.6,63875.85,62286.75,62674.55,7538
2019-09-30,62959.0,63449.9,62470.0,63291.55,4885
2019-10-01,63299.0,63949.0,60768.95,61863.4,9209
2019-10-03,61863.4,62065.0,61200.0,61471.05,5960
2019-10-04,61980.0,61980.0,60515.9,60938.35,4320
2019-10-07,60989.0,61559.0,60600.0,61165.1,3561
2019-10-09,61250.5,61500.9,60283.55,61186.1,6263
2019-10-10,61200.0,61389.0,60736.85,61174.0,3047
2019-10-11,61250.0,61887.55,61050.0,61722.7,4974
2019-10-14,61723.0,62717.55,61641.35,61996.65,4294
2019-10-15,62150.0,63297.9,61772.0,63027.5,4999
2019-10-16,63030.0,63615.95,62629.45,62896.9,3660
2019-10-17,62896.0,65711.6,62656.0,64901.9,7039
2019-10-18,64900.0,65086.95,63800.0,64019.75,4473
2019-10-22,64394.95,64749.9,64030.05,64211.3,3206
2019-10-23,64288.0,64542.95,63866.45,64321.3,5771
2019-10-24,64650.0,64700.0,63055.0,63480.2,8461
2019-10-25,63830.0,63980.0,63025.35,63285.6,5263
2019-10-27,63749.0,63749.0,63011.85,63324.35,535
2019-10-29,63579.0,65600.0,63334.15,65171.15,10839
2019-10-30,65250.0,65450.0,64103.45,64893.3,5400
2019-10-31,65200.0,66300.0,65105.1,65673.75,7189
2019-11-01,65990.0,66495.6,64684.4,64965.8,7154
2019-11-04,65301.0,65709.95,64200.0,64440.35,5008
2019-11-05,64738.0,65200.85,63231.4,63855.75,5484
2019-11-06,63880.0,64163.15,63365.05,63637.75,3245
2019-11-07,63755.0,63921.9,63310.05,63522.6,2116
2019-11-08,63681.4,65490.0,62855.7,64454.45,15991
2019-11-11,64001.0,64100.0,62950.0,63085.2,7175
2019-11-13,63380.0,63380.0,62400.0,62959.15,4688
2019-11-14,63068.8,63700.0,62785.3,63621.5,3395
2019-11-15,63749.05,64460.25,63312.3,63950.5,3201
2019-11-18,64110.4,64699.0,63850.0,64393.55,3043
2019-11-19,64440.0,64440.55,63420.0,63539.35,2672
2019-11-20,63849.0,64111.95,62750.2,63058.45,2999
2019-11-21,63100.0,63430.2,62446.2,62546.5,3752
2019-11-22,62546.0,63100.0,62500.05,62651.35,3155
2019-11-25,62652.0,63954.0,62652.0,63860.15,5750
2019-11-26,63865.0,64465.75,62933.75,63092.35,4604
2019-11-27,63100.0,63496.0,62851.0,63004.0,4315
2019-11-28,63200.0,64298.9,62812.0,63982.6,4581
2019-11-29,63855.05,64116.2,63200.1,63397.05,2797
2019-12-02,63397.05,63597.5,62550.0,62723.05,4456
2019-12-03,62879.05,63044.2,61931.45,62061.7,4973
2019-12-04,62061.7,62555.1,61550.0,62092.1,4926
2019-12-05,62380.0,62597.85,61575.05,61760.25,7439
2019-12-06,62187.9,62750.0,61253.4,61533.2,6126
2019-12-09,61366.0,63097.15,61252.0,62490.4,3917
2019-12-10,62400.0,62458.95,61525.05,62070.1,3345
2019-12-11,62300.0,62348.95,61603.3,62050.2,2791
2019-12-12,62100.0,62950.0,62061.9,62692.1,2718
2019-12-13,62800.0,64100.0,62800.0,63926.35,4829
2019-12-16,63600.0,64850.0,63600.0,64254.25,5929
2019-12-17,64254.0,64999.55,63879.0,64703.75,3451
2019-12-18,64603.15,64929.95,64000.0,64126.9,8346
2019-12-19,64250.0,64376.5,63728.05,64080.05,3274
2019-12-20,64080.05,64387.95,63457.9,63765.2,4087
2019-12-23,63600.0,63900.0,63387.6,63680.9,3576
2019-12-24,63616.0,63900.0,63449.9,63611.75,2205
2019-12-26,63612.0,63750.0,62796.45,63141.75,3506
2019-12-27,63299.6,66599.8,63202.1,65639.45,8889
2019-12-30,65999.0,66990.0,65500.0,66252.4,9010
2019-12-31,65995.7,66579.0,65792.0,66330.3,6007
2020-01-01,66199.0,66944.0,66100.0,66709.05,4235
2020-01-02,66709.05,67715.95,66266.0,67302.55,6603
2020-01-03,67400.0,67466.65,66250.0,66583.45,5527
2020-01-06,66012.3,66176.9,65120.15,65508.95,10446
2020-01-07,65749.0,66515.05,65100.0,65334.1,10835
2020-01-08,64800.0,65237.9,64300.0,64871.55,7222
2020-01-09,65800.0,67150.0,65520.8,66917.7,9491
2020-01-10,66725.0,68100.0,66329.55,67493.65,9439
2020-01-13,67492.0,67900.0,66750.0,67016.7,5981
2020-01-14,66701.0,67500.0,66452.0,66696.1,8147
2020-01-15,66798.0,66918.6,65819.55,66271.7,7937
2020-01-16,66499.0,67150.0,65897.0,67059.4,9044
2020-01-17,67460.0,70000.0,67139.95,69312.9,22381
2020-01-20,69060.0,70220.25,68244.0,68510.75,9587
2020-01-21,68400.0,68550.0,67586.9,67930.15,3847
2020-01-22,68459.0,68800.0,67521.15,67851.15,4575
2020-01-23,68500.0,70000.0,68140.0,69878.65,9651
2020-01-24,69611.0,70825.65,69500.0,70407.35,8680
2020-01-27,70290.0,70600.0,69781.0,70309.35,7624
2020-01-28,70585.0,70999.95,69342.05,69864.7,5883
2020-01-29,70090.0,70600.0,70000.0,70372.55,4712
2020-01-30,70539.0,70600.0,69501.0,69818.6,6362
2020-01-31,69849.0,70600.0,69318.2,69674.75,4805
2020-02-01,69789.0,70300.0,68412.25,68686.6,3976
2020-02-03,68690.0,69888.0,68000.0,69462.65,6669
2020-02-04,69650.0,71899.0,69650.0,71680.15,12327
2020-02-05,71680.15,73565.7,71680.15,72390.8,10788
2020-02-06,72599.0,73100.0,71260.0,71636.35,5926
2020-02-07,71899.0,71900.0,70371.25,70960.45,5974
2020-02-10,71490.0,73500.0,69800.0,73247.9,29310
2020-02-11,73200.0,73500.0,71111.0,71381.7,13405
2020-02-12,71755.0,72809.3,71400.0,71675.95,5903
2020-02-13,71967.0,71967.0,70901.1,71525.15,5184
2020-02-14,71800.0,72519.2,71100.0,71799.2,7017
2020-02-17,71800.0,72333.0,71200.0,71299.8,3950
2020-02-18,71500.0,71500.0,69525.0,69693.6,9604
2020-02-19,70290.0,70437.15,69500.0,69959.3,5731
2020-02-20,69959.3,71232.6,69751.1,70789.5,8466
2020-02-24,70888.0,70888.0,68500.15,68874.7,4295
2020-02-25,69100.0,69798.9,68500.0,69133.45,6211
2020-02-26,69134.0,69403.95,67850.0,68140.0,5155
2020-02-27,68180.0,68339.95,66730.7,67559.45,6856
2020-02-28,66400.0,67296.65,65315.0,66393.2,11768
2020-03-02,66891.0,67595.9,65551.0,65976.3,6419
2020-03-03,66799.0,68558.35,65600.0,67740.7,8202
2020-03-04,67270.0,67698.8,66100.0,67053.35,8187
2020-03-05,67300.05,68169.9,66809.5,67325.15,5745
2020-03-06,66389.0,66500.2,63858.55,66348.15,9851
2020-03-09,65800.0,65800.0,63052.45,64261.85,9596
2020-03-11,64200.0,65687.3,62703.0,63589.85,15621
2020-03-12,62001.0,62888.2,58000.0,60555.25,17337
2020-03-13,56030.0,66300.0,56030.0,65929.35,15213
2020-03-16,62000.0,63899.85,60309.05,61295.05,11325
2020-03-17,61295.05,63749.8,60350.05,62140.7,14677
2020-03-18,62899.95,63395.1,59200.0,59921.15,12224
2020-03-19,58950.0,59870.0,56950.5,57803.75,18082
2020-03-20,58199.95,61111.1,57534.7,58988.95,12333
2020-03-23,55905.0,56998.85,51500.0,51970.25,20515
2020-03-24,55000.0,55000.0,49915.1,52597.7,15772
2020-03-25,50155.55,57700.0,50155.55,56579.25,16480
2020-03-26,56600.0,60742.65,54900.0,55343.75,16476
2020-03-27,57940.0,58200.0,53620.0,56371.25,15883
2020-03-30,54700.0,55270.0,53522.9,54375.7,39105
2020-03-31,54600.0,59312.0,54121.05,58164.45,25755
2020-04-01,57900.0,57900.0,54675.45,55108.85,20661
2020-04-03,55600.0,56200.0,54500.0,55062.25,33126
2020-04-07,56500.0,58088.0,56055.05,57701.05,18689
2020-04-08,56600.0,59500.0,56300.0,57172.75,15231
2020-04-09,58599.0,60460.05,57700.2,60017.9,17980
2020-04-13,59500.0,59831.4,57101.0,57399.2,13752
2020-04-15,58500.0,58500.0,56760.0,57417.75,17187
2020-04-16,57390.0,62000.0,57012.1,60441.9,22062
2020-04-17,61541.9,62340.0,61000.0,61638.3,15847
2020-04-20,62000.0,62000.0,61150.0,61384.0,9847
2020-04-21,60500.0,60793.6,58500.7,58864.75,12670
2020-04-22,58875.0,59489.9,57829.0,58221.95,14951
2020-04-23,58547.0,59341.85,58500.0,58712.35,8688
2020-04-24,58225.0,59200.0,58000.0,58805.4,8119
2020-04-27,59700.0,60290.0,58805.4,59206.55,7821
2020-04-28,59800.0,59800.0,58550.0,59075.7,6233
2020-04-29,59100.0,59750.0,58900.0,59203.7,8035
2020-04-30,59800.0,61800.0,59499.95,60510.65,18800
2020-05-04,59499.95,59499.95,57700.0,57987.3,9677
2020-05-05,58647.0,59350.0,57500.0,57750.0,9615
2020-05-06,58350.0,58790.0,57200.1,58362.7,8360
2020-05-07,58000.0,59000.0,58000.0,58831.05,7492
2020-05-08,58902.0,59783.05,58450.0,58874.9,9752
2020-05-11,59025.0,59450.0,58286.0,58791.2,12171
2020-05-12,58500.0,58629.9,57318.85,57632.1,8179
2020-05-13,58850.0,60200.0,58221.5,59645.15,16233
2020-05-14,58676.0,59125.0,57925.4,58132.6,6586
2020-05-15,58751.0,58751.0,57775.0,58135.55,8050
2020-05-18,58235.0,58499.95,56150.0,56356.05,9020
2020-05-19,56850.0,57400.0,56600.0,56828.2,6473
2020-05-20,57200.0,57400.0,56745.05,57298.9,7045
2020-05-21,57399.0,58260.0,57300.0,57451.5,4819
2020-05-22,57309.45,57890.0,57000.0,57434.1,4097
2020-05-26,57834.8,58199.95,57195.15,57726.1,6257
2020-05-27,57825.0,58200.0,57500.0,58078.8,5430
2020-05-28,57952.0,58950.0,57951.95,58466.2,6483
2020-05-29,58350.5,59350.5,58350.5,59113.1,7484
2020-06-01,59500.0,62269.95,59365.6,61446.05,11453
2020-06-02,61999.0,63738.45,61657.7,62692.4,11887
2020-06-03,63499.95,64172.3,61129.25,61744.25,14523
2020-06-04,61844.25,62487.9,60710.0,61648.75,11209
2020-06-05,61705.0,63844.0,61521.1,63526.2,13614
2020-06-08,63700.0,65150.0,63561.1,64244.4,15854
2020-06-09,64970.0,64970.0,63550.0,63994.15,12490
2020-06-10,63990.0,64394.15,63250.9,63796.35,7412
2020-06-11,63699.95,64099.95,62700.15,62884.95,7919
2020-06-12,61000.0,64100.0,59500.0,63729.05,11399
2020-06-15,64950.0,65499.0,62500.0,62993.6,16231
2020-06-16,63725.0,64495.0,62077.5,62660.3,9122
2020-06-17,62748.0,63500.0,62369.05,62968.25,7254
2020-06-18,62888.0,63350.0,62701.05,62999.7,4653
2020-06-19,63101.0,63592.95,62700.0,62949.3,7143
2020-06-22,63200.0,65200.0,63200.0,64762.75,11462
2020-06-23,65010.0,65650.55,64155.7,64532.65,8282
2020-06-24,65032.65,65870.0,63586.4,64128.1,9738
2020-06-25,64160.0,65500.0,63870.0,64809.65,7199
2020-06-26,65009.65,67000.0,65009.65,66457.7,15913
2020-06-29,66400.0,66800.8,64830.05,65196.9,19330
2020-06-30,66480.0,67725.0,65750.0,67274.5,24297
2020-07-01,66800.0,66800.0,65600.0,65836.8,13670
2020-07-02,66400.0,66800.0,65800.0,66092.85,9523
2020-07-03,66301.0,66599.95,65815.45,66140.25,8136
2020-07-06,66601.0,67550.0,66350.0,67333.55,10688
2020-07-07,67333.55,67510.0,65600.0,66858.8,11291
2020-07-08,67000.0,67448.65,65000.7,65287.2,16872
2020-07-09,65944.9,66200.0,65050.0,65335.85,11634
2020-07-10,65799.0,65799.0,64515.0,64867.25,12530
2020-07-13,65100.0,65698.9,64350.0,64673.45,8443
2020-07-14,64800.0,64890.0,63610.15,64396.0,10422
2020-07-15,64677.0,65199.95,63460.0,63675.35,12777
2020-07-16,64000.0,64132.75,62431.35,63537.95,11199
2020-07-17,63998.95,65870.85,63382.7,65360.55,13834
2020-07-20,65500.0,65849.5,64720.1,65042.8,10938
2020-07-21,65800.0,65900.0,65250.25,65621.1,10307
2020-07-22,65590.0,65590.0,64255.8,64407.75,14419
2020-07-23,64793.55,64793.55,63100.0,63357.35,13509
2020-07-24,63199.0,63800.0,62700.0,62976.5,15917
2020-07-27,63580.0,63580.0,61605.0,61931.6,14480
2020-07-28,62199.8,63000.0,62006.0,62204.9,14267
2020-07-29,62400.0,62800.0,61550.0,61815.1,9790
2020-07-30,62000.0,62399.9,60700.7,61043.15,12271
2020-07-31,61200.0,61600.0,60602.0,61048.55,11425
2020-08-03,61000.0,61800.0,60802.25,60974.65,9152
2020-08-04,61500.0,61700.0,61004.15,61270.1,15026
2020-08-05,61400.0,61900.0,61150.0,61519.05,9425
2020-08-06,61500.0,61850.0,61100.0,61345.8,4610
2020-08-07,61250.0,63260.0,61250.0,62702.8,29581
2020-08-10,62798.0,63550.0,61700.0,61863.0,9740
2020-08-11,62200.0,62490.0,61390.0,61460.45,9749
2020-08-12,61640.0,61899.85,61350.0,61634.75,11449
2020-08-13,61900.0,64352.25,61400.0,63976.5,29508
2020-08-14,64000.0,64600.0,61200.0,61433.75,49740
2020-08-17,62199.0,62282.15,59940.4,60148.05,32399
2020-08-18,60700.0,60879.95,60000.0,60205.5,21461
2020-08-19,60580.0,60720.0,59604.1,59837.8,25319
2020-08-20,59998.35,60300.0,59235.65,59507.3,27844
2020-08-21,59990.0,60150.0,59325.1,59627.15,31493
2020-08-24,60000.0,60537.5,59505.05,59598.55,22258
2020-08-25,59947.0,60150.0,59067.25,59286.4,23315
2020-08-26,59250.0,59746.25,59250.0,59336.75,19076
2020-08-27,59786.0,59799.0,59100.0,59316.55,12994
2020-08-28,59400.0,59999.0,59151.0,59579.85,16940
2020-08-31,59999.0,59999.0,57520.05,57987.45,17715
2020-09-01,58500.0,58698.95,57600.0,58345.3,14263
2020-09-02,58410.0,59099.85,58000.0,58586.75,12907
2020-09-03,58741.0,58998.0,58304.45,58492.1,8086
2020-09-04,58250.0,58800.0,57565.45,58425.4,11068
2020-09-07,58425.4,58854.95,58000.0,58374.2,12609
2020-09-08,58500.0,58500.0,58050.0,58212.65,9805
2020-09-09,58200.0,59054.95,57867.0,58763.55,12863
2020-09-10,58865.0,59399.0,58700.0,59134.05,9822
2020-09-11,59100.0,59400.0,58445.9,59226.7,14081
2020-09-14,59230.05,59800.0,58199.85,58519.85,17430
2020-09-15,58600.0,59400.0,58200.0,58408.45,40617
2020-09-16,58600.0,59850.0,58508.45,59573.95,23565
2020-09-17,59310.0,59778.0,59154.55,59530.85,12214
2020-09-18,59600.85,59970.0,58530.75,58950.6,17210
2020-09-21,58950.6,59079.9,57866.0,58159.25,23226
2020-09-22,58160.0,58350.25,57400.0,57709.55,9817
2020-09-23,58000.0,58320.0,56800.0,57211.5,11257
2020-09-24,56999.55,57098.1,55300.0,55618.85,10032
2020-09-25,55910.0,58000.0,55701.05,57461.45,12635
2020-09-28,57800.0,59449.95,57800.0,59306.55,12997
2020-09-29,59778.8,59890.0,58175.75,59462.35,17381
2020-09-30,59300.0,60001.0,58700.0,59572.2,16827
2020-10-01,59570.0,60695.0,59400.0,60578.3,15857
2020-10-05,60800.0,61233.95,60300.0,60525.6,16527
2020-10-06,60800.0,61100.0,60076.35,60269.95,9028
2020-10-07,60490.0,61089.7,59956.8,60601.55,10706
2020-10-08,60728.95,61100.0,59600.0,60175.35,9954
2020-10-09,60677.9,60677.9,58542.65,58784.9,12645
2020-10-12,59298.0,59298.0,58174.05,58587.1,9057
2020-10-13,58200.1,59439.2,58200.1,58589.95,15742
2020-10-14,58700.0,59149.0,58000.0,58903.55,16275
2020-10-15,59000.0,59246.4,58150.0,58454.65,9112
2020-10-16,58350.0,58880.15,57860.05,58013.1,7262
2020-10-19,58300.95,60100.0,58100.0,60009.85,21961
2020-10-20,59251.0,60347.3,59251.0,59927.35,14375
2020-10-21,60000.0,61599.0,60000.0,61042.45,32354
2020-10-22,61042.45,62442.6,60834.65,62250.35,24154
2020-10-23,62250.0,63985.0,62130.7,63619.1,31802
2020-10-26,63800.0,64319.9,62863.95,63280.45,30884
2020-10-27,64546.0,69608.45,63502.1,68202.6,88721
2020-10-28,68202.6,68202.6,65360.05,66844.55,46839
2020-10-29,66000.0,68917.45,65160.9,67298.35,50267
2020-10-30,67748.0,68450.0,64600.05,65303.25,51521
2020-11-02,65500.0,66637.2,64760.05,66226.05,32674
2020-11-03,66645.0,67999.0,66567.65,67676.25,29445
2020-11-04,67320.25,69250.0,67223.5,68449.85,33722
2020-11-05,69000.0,69890.1,68208.05,68568.5,32905
2020-11-06,69250.0,69900.0,68139.85,68516.85,47996
2020-11-09,69100.0,70325.7,68665.6,69841.05,36658
2020-11-10,70444.0,70736.3,68973.95,69367.0,36190
2020-11-11,69480.0,70490.0,67919.15,68589.15,43328
2020-11-12,68999.0,69579.75,68650.0,69386.9,20708
2020-11-13,69500.0,72499.0,69450.0,71826.2,48897
2020-11-14,72225.0,72490.0,71001.25,71926.0,5247
2020-11-17,72288.0,74650.0,71926.0,74095.45,48299
2020-11-18,74095.45,75400.0,72374.3,75041.0,62263
2020-11-19,74500.0,77399.0,74106.95,76831.35,64112
2020-11-20,76959.0,79500.0,76800.0,79069.4,80370
2020-11-23,81160.0,81249.4,79200.05,80114.5,60161
2020-11-24,80300.0,80950.0,79100.55,79840.15,56578
2020-11-25,80800.0,80800.0,75653.0,76311.75,52953
2020-11-26,77000.0,77543.95,74305.25,75820.05,77903
2020-11-27,76500.0,79228.95,75300.0,77738.65,281075
2020-12-01,79400.0,80102.35,77777.5,79564.3,57627
2020-12-02,79800.0,80000.0,78631.95,79781.25,38286
2020-12-03,79773.3,79800.0,78500.0,78894.65,28657
2020-12-04,79399.95,79600.0,78200.0,78698.15,35870
2020-12-07,77887.3,79995.0,77887.3,79527.65,25469
2020-12-08,79600.0,79984.3,78862.8,79161.8,23532
2020-12-09,79495.0,79600.8,78000.05,78371.3,18683
2020-12-10,78499.0,78745.35,77350.1,77615.2,22452
2020-12-11,77990.0,78396.7,77300.0,77878.35,20832
2020-12-14,78400.0,78400.0,77300.0,77547.65,15865
2020-12-15,77547.65,77800.0,76800.0,77286.35,14509
2020-12-16,77383.0,79180.4,77380.0,78618.85,29876
2020-12-17,78625.0,79166.3,77000.0,77291.15,19833
2020-12-18,77900.0,78190.0,76850.0,77571.55,34069
2020-12-21,77638.0,77793.15,74545.45,75277.7,24201
2020-12-22,75477.0,76709.85,73777.75,76096.35,27697
2020-12-23,76000.0,76850.0,75406.4,75854.85,15368
2020-12-24,76400.0,76549.95,75550.0,75892.35,14445
2020-12-28,76100.0,76840.2,75008.85,75366.7,18088
2020-12-29,75899.0,76000.0,74860.0,75677.55,14694
2020-12-30,75561.05,77672.75,75300.0,76925.1,16171
2020-12-31,76600.0,77339.95,75310.15,75750.45,28028
2021-01-01,76000.0,76334.35,75550.0,76021.65,13254
2021-01-04,76200.65,78900.0,75900.0,78402.2,28145
2021-01-05,77800.0,79373.0,77700.0,79053.0,25539
2021-01-06,79053.0,79800.0,77619.2,78752.25,30427
2021-01-07,79500.0,79500.0,77000.0,77332.6,21765
2021-01-08,77780.0,81399.0,77600.0,80602.1,31729
2021-01-11,80700.0,83000.0,80500.0,82507.9,48475
2021-01-12,82400.0,87000.0,81712.4,85746.9,87936
2021-01-13,86200.0,87399.95,85300.0,85642.3,57619
2021-01-14,86300.0,89938.1,85785.0,88749.65,55671
2021-01-15,89150.0,89823.9,86401.3,87551.75,57495
2021-01-18,87800.0,88165.6,85111.25,85661.85,30785
2021-01-19,86150.0,88005.7,86150.0,87197.55,21305
2021-01-20,87800.0,94120.15,87600.6,93081.5,80494
2021-01-21,93600.0,96479.7,90602.0,91712.9,111415
2021-01-22,92444.0,94345.95,91420.0,92305.95,90867
2021-01-25,93879.95,93879.95,89205.1,89638.35,60275
2021-01-27,90100.0,90177.25,87510.0,88577.75,58528
2021-01-28,88100.0,89411.6,87122.75,87487.7,51944
2021-01-29,88499.1,89388.0,83455.7,84069.15,56240
2021-02-01,84888.0,88798.6,83900.05,88133.65,46017
2021-02-02,89450.0,91949.9,88926.85,90745.95,51519
2021-02-03,91583.2,93278.35,89500.05,89963.5,44550
2021-02-04,90999.9,93780.0,89964.0,92181.95,63583
2021-02-05,93318.3,93566.95,90272.15,90693.05,49120
2021-02-08,92249.9,92551.25,90000.0,90870.75,36568
2021-02-09,91495.0,94699.0,90400.0,93597.9,69603
2021-02-10,93852.0,97880.8,92750.0,96973.85,72305
2021-02-11,96770.0,98599.95,89120.0,90084.7,182954
2021-02-12,92000.0,93480.0,90085.0,91278.05,138059
2021-02-15,92373.4,92450.0,90000.0,90643.9,54272
2021-02-16,91499.0,91550.0,89003.8,89575.35,58998
2021-02-17,90999.9,90999.9,88811.0,89184.5,39383
2021-02-18,89500.0,90000.0,88350.0,88881.35,36398
2021-02-19,88160.0,89369.85,87000.0,88120.1,34825
2021-02-22,88800.0,88800.0,86226.0,86921.3,33729
2021-02-23,87293.6,88105.05,85800.0,87558.5,37383
2021-02-24,88100.0,88600.0,86850.0,87979.65,13773
2021-02-25,88200.0,88600.0,87362.85,87622.8,22420
2021-02-26,86900.0,87320.0,83803.55,84498.15,46327
2021-03-01,85200.0,89864.0,85152.05,89025.45,48753
2021-03-02,90148.75,90274.0,88446.95,89680.4,34837
2021-03-03,89680.0,89950.0,88480.0,89097.1,22137
2021-03-04,88200.0,90801.0,88097.7,89773.55,29437
2021-03-05,89699.9,89699.9,88005.0,88661.75,27911
2021-03-08,88661.75,89484.95,87202.05,87564.55,21119
2021-03-09,88398.4,89505.5,88000.0,89067.7,24443
2021-03-10,89702.75,89703.0,88379.45,88684.1,16992
2021-03-12,88800.0,90300.0,88200.0,88775.35,25808
2021-03-15,89200.0,89490.5,87000.0,87673.55,22660
2021-03-16,87900.0,88479.85,86500.0,86819.0,22685
2021-03-17,87328.55,87328.55,85246.25,85609.0,18541
2021-03-18,86025.2,86348.25,83000.05,83206.25,30104
2021-03-19,82900.0,84920.95,80605.8,84539.8,63106
2021-03-22,84500.0,85499.0,82421.1,83722.8,27406
2021-03-23,83999.9,84999.95,83600.0,84615.1,26061
2021-03-24,83870.0,84345.4,81800.0,82341.7,25865
2021-03-25,82300.0,82993.0,80702.7,81751.2,33840
2021-03-26,82749.4,82749.4,81800.0,82009.45,17694
2021-03-30,82511.0,83946.0,81325.05,83185.3,34009
2021-03-31,82711.4,83525.75,81950.0,82259.45,17739
2021-04-01,83148.0,83449.95,82200.0,83133.1,19973
2021-04-05,82310.0,83269.1,81262.6,81520.9,19060
2021-04-06,82139.75,82500.0,81211.1,82245.55,18062
2021-04-07,81770.0,83950.0,81684.75,83672.6,16887
2021-04-08,83900.0,84492.15,82500.0,82983.1,19674
2021-04-09,82908.35,83287.45,81750.0,81888.15,14917
2021-04-12,81300.0,81400.0,78900.0,79227.85,24417
2021-04-13,79500.0,83100.0,79300.0,82671.6,30804
2021-04-15,81700.0,82449.95,80500.0,80980.5,33546
2021-04-16,81410.0,81981.05,80980.5,81366.0,23199
2021-04-19,79205.0,80399.0,78813.0,79231.4,26801
2021-04-20,80399.95,80650.1,78699.55,79339.8,27667
2021-04-22,79100.0,79100.0,77634.35,78308.0,41067
2021-04-23,78280.0,78881.0,77800.0,78214.15,17859
2021-04-26,78550.0,79296.4,77484.5,77687.55,16483
2021-04-27,77900.0,78472.9,77700.0,78010.4,13283
2021-04-28,78390.0,79300.0,77850.0,78060.8,23446
2021-04-29,78600.0,79100.0,77505.0,77656.9,18240
2021-04-30,77600.0,81699.0,77200.0,80720.55,60005
2021-05-03,80399.9,81127.95,79300.1,79907.55,18348
2021-05-04,80880.0,80880.0,78410.15,78614.5,24181
2021-05-05,79299.95,79398.95,77751.0,78277.7,17889
2021-05-06,78300.0,79199.95,77756.25,77887.3,17273
2021-05-07,78300.0,78770.0,77200.0,77446.2,21111
2021-05-10,78200.0,78745.0,77500.0,78370.05,15645
2021-05-11,77914.0,78989.95,77606.35,78621.15,14533
2021-05-12,78300.0,79225.1,77001.0,77267.3,21902
2021-05-14,77501.0,77850.0,75950.0,76135.75,23176
2021-05-17,76780.0,78464.3,76000.0,78211.8,20991
2021-05-18,78850.0,79947.0,78405.55,79270.0,24073
2021-05-19,79272.0,80000.0,78340.05,79683.2,19150
2021-05-20,79800.0,82469.95,79246.35,81231.1,26037
2021-05-21,81700.0,82483.65,81300.0,82178.2,20210
2021-05-24,82360.0,83300.0,82000.0,82458.85,15291
2021-05-25,82706.0,83098.95,81921.0,82181.65,11453
2021-05-26,82669.95,82800.0,81400.0,81569.5,10203
2021-05-27,81599.9,83174.85,81355.6,82794.15,18209
2021-05-28,83199.0,83650.0,82825.0,83382.1,10943
2021-05-31,83237.0,83965.0,83000.0,83641.4,10282
2021-06-01,83643.4,84800.0,82811.8,83083.45,11331
2021-06-02,82800.0,84776.45,82800.0,84432.65,10170
2021-06-03,84705.0,85086.0,83810.0,84471.0,9669
2021-06-04,84850.0,85336.0,84240.0,84918.7,11134
2021-06-07,85598.9,87300.0,82250.0,82400.5,69851
2021-06-08,82260.0,82455.15,81150.15,81349.2,26448
2021-06-09,81869.0,81989.0,80009.0,80228.15,19134
2021-06-10,80301.0,82325.95,80050.05,82172.15,20186
2021-06-11,82572.15,82818.45,81325.2,82171.5,13297
2021-06-14,82000.0,83127.95,81271.3,82476.85,11908
2021-06-15,82530.5,83357.75,81950.0,82862.7,12061
2021-06-16,82799.0,83150.0,82350.05,82554.3,10103
2021-06-17,81925.0,83295.85,81826.05,82676.4,14770
2021-06-18,82650.0,83147.4,80500.0,82644.1,32641
2021-06-21,81000.0,82250.0,81000.0,81777.05,6928
2021-06-22,82500.0,82500.0,81500.0,81747.25,7101
2021-06-23,81750.0,82499.95,81750.0,81970.55,4801
2021-06-24,82198.0,82198.0,80650.0,80975.0,9667
2021-06-25,81217.9,81249.05,80375.0,80514.2,7525
2021-06-28,80899.0,81148.85,80141.0,80554.65,10158
2021-06-29,80750.0,80750.0,79527.75,80222.25,14280
2021-06-30,80300.0,80649.55,79871.0,80079.5,7178
2021-07-01,80100.0,81467.85,80100.0,81018.3,9204
2021-07-02,81021.1,81489.6,80600.0,81142.3,6768
2021-07-05,81190.0,81827.75,80600.0,80830.35,8057
2021-07-06,80890.0,81384.0,80350.0,80449.2,6734
2021-07-07,80600.0,81349.85,80300.2,80768.9,10475
2021-07-08,81000.0,81339.95,80100.0,80417.95,5867
2021-07-09,80600.0,80699.9,79880.0,79994.7,10267
2021-07-12,80300.0,80480.2,79880.0,80187.1,5751
2021-07-13,80439.95,83450.0,80001.1,83115.8,35724
2021-07-14,83000.0,83356.95,82380.6,82806.05,9792
2021-07-15,82806.0,83254.95,81116.0,81445.2,10241
2021-07-16,81950.0,82710.0,81354.9,82449.85,11216
2021-07-19,81800.0,82964.95,81625.0,82236.3,7692
2021-07-20,82201.0,82700.0,81402.0,81640.05,7135
2021-07-22,81650.5,82400.0,81242.55,81572.0,6118
2021-07-23,81879.95,81969.75,81000.0,81174.85,4471
2021-07-26,81349.0,81599.55,80700.0,80917.75,5993
2021-07-27,80925.0,81319.95,79947.85,80095.35,6581
2021-07-28,80255.55,80545.0,79201.05,79922.75,7559
2021-07-29,80002.3,80297.8,79451.95,79725.5,5158
2021-07-30,79964.7,81140.0,79713.3,79907.45,9818
2021-08-02,80499.0,81349.95,80133.3,80420.85,10580
2021-08-03,80800.0,81220.0,80512.5,81018.4,5106
2021-08-04,81019.0,81600.45,80202.0,80453.0,6965
2021-08-05,80613.9,80722.3,79466.9,79663.25,8114
2021-08-06,79696.95,80149.75,79000.0,79159.65,10148
2021-08-09,79489.95,82664.8,79200.0,80050.65,64535
2021-08-10,80099.0,80939.95,78200.0,78828.05,22258
2021-08-11,79000.0,79799.65,77300.0,77603.1,16579
2021-08-12,78199.0,78709.95,77605.0,78236.05,13737
2021-08-13,78550.0,79200.0,78468.15,78872.85,9067
2021-08-16,78951.7,79350.0,78110.0,78658.8,8280
2021-08-17,78658.8,79165.05,77930.1,78736.6,9035
2021-08-18,79099.0,79500.0,78900.0,79347.15,7011
2021-08-20,79399.0,79399.0,77805.0,78076.95,8520
2021-08-23,78699.0,78699.0,75950.0,76162.9,14541
2021-08-24,76500.0,77401.0,76014.75,77157.95,12172
2021-08-25,77239.95,77980.0,76737.55,77015.55,12272
2021-08-26,77131.0,77265.0,76300.0,76564.55,8394
2021-08-27,76650.0,77332.65,76564.55,76953.45,6617
2021-08-30,77000.0,78374.95,77000.0,78185.5,9045
2021-08-31,78300.0,79855.05,78257.8,79742.75,14859
2021-09-01,80000.0,80559.95,79239.8,79954.65,10789
2021-09-02,80393.0,81875.55,80041.45,81265.15,14947
2021-09-03,81949.0,82600.1,81509.9,82397.85,15764
2021-09-06,82700.0,83200.0,81278.75,81404.85,10180
2021-09-07,81785.0,82300.0,80890.05,81084.7,11928
2021-09-08,81380.0,81429.65,79810.0,80240.0,9413
2021-09-09,80300.0,81469.95,79800.0,79867.9,14454
2021-09-13,79800.0,80407.1,79250.0,80243.6,7150
2021-09-14,80230.0,80847.05,80052.05,80423.85,9958
2021-09-15,80521.0,80995.0,80116.65,80210.15,9413
2021-09-16,80600.0,80600.0,79801.0,79971.7,6457
2021-09-17,80000.0,80339.8,78851.0,79397.25,13253
2021-09-20,79190.0,79950.0,78510.0,78875.45,11737
2021-09-21,78870.0,79031.3,78050.0,78373.75,10584
2021-09-22,78500.0,80550.0,78500.0,79993.8,16457
2021-09-23,80600.0,80999.0,80001.55,80220.7,6530
2021-09-24,80500.0,80690.0,79055.05,79456.5,11095
2021-09-27,79949.0,82000.0,79144.65,81893.4,20927
2021-09-28,81759.4,81890.0,79810.0,80488.6,14053
2021-09-29,80306.1,80431.5,78901.05,79056.7,25732
2021-09-30,79550.0,79679.95,78652.05,79375.55,16379
2021-10-01,79000.0,79370.0,78510.0,78994.4,8506
2021-10-04,79477.2,80551.95,79400.0,79787.0,10101
2021-10-05,79750.0,80070.0,79232.0,79407.2,5361
2021-10-06,79645.0,79890.0,78500.0,78629.5,9556
2021-10-07,79149.95,81446.4,78860.1,81272.55,22060
2021-10-08,81300.0,86373.45,81100.1,85860.45,54225
2021-10-11,85860.0,87550.0,84720.45,84932.9,28671
2021-10-12,85000.0,86199.95,84380.2,85617.5,16687
2021-10-13,86158.0,86800.0,85440.0,86106.55,11972
2021-10-14,86335.0,86600.0,84999.9,85166.45,7265
2021-10-18,85300.0,86900.0,84000.0,84314.1,20490
2021-10-19,84839.0,85176.25,82589.35,83013.2,15834
2021-10-20,83150.0,83382.45,81000.0,82516.55,28021
2021-10-21,83278.8,83399.95,80900.55,81091.45,18125
2021-10-22,81100.05,82273.25,80080.0,80800.4,24048
2021-10-25,81499.95,81499.95,79016.45,79429.45,19941
2021-10-26,79500.0,80500.0,79283.7,80093.75,7847
2021-10-27,80494.0,80575.0,79200.0,79372.8,6723
2021-10-28,79373.0,79709.2,77300.0,77609.35,12606
2021-10-29,77999.95,78400.0,76650.0,77308.15,9403
2021-11-01,77694.0,78978.15,77250.0,78741.05,7650
2021-11-02,78350.0,79390.0,78350.0,78585.2,6829
2021-11-03,78860.0,79190.0,77800.0,77968.9,7732
2021-11-04,78375.0,78633.95,78100.05,78412.5,1245
2021-11-08,78880.0,80308.0,78550.0,79942.25,9209
2021-11-09,80295.0,80489.85,78001.0,78508.7,23116
2021-11-10,78508.0,78928.75,78050.0,78167.5,9926
2021-11-11,78399.85,78399.85,76900.0,77210.9,12757
2021-11-12,77580.0,78297.85,77254.1,78174.85,11688
2021-11-15,78400.0,78870.05,77800.0,78485.5,10112
2021-11-16,78410.0,79448.0,78210.25,78444.8,16137
2021-11-17,78694.45,79500.0,78527.05,79374.15,10113
2021-11-18,79600.0,79665.95,77299.0,77464.75,10930
2021-11-22,77842.0,77899.0,75020.0,75657.6,15725
2021-11-23,75800.0,76699.0,75093.65,76501.55,7408
2021-11-24,76654.55,77397.85,76114.15,76469.55,6410
2021-11-25,76569.55,76698.0,75280.6,75663.4,10280
2021-11-26,75650.0,75650.0,74511.0,75190.35,9869
2021-11-29,74905.0,75099.95,73050.0,73818.25,8554
2021-11-30,73541.0,75996.0,73541.0,74630.8,25947
2021-12-01,74989.9,75360.0,73501.1,73708.6,11738
2021-12-02,74124.0,74280.0,73250.1,73881.7,11728
2021-12-03,74189.95,74691.85,73764.85,73882.3,6322
2021-12-06,73950.0,74136.65,72954.8,73129.05,7682
2021-12-07,73690.0,73879.8,73351.0,73608.9,4638
2021-12-08,74048.0,75242.75,74009.35,74655.3,8118
2021-12-09,74934.35,75275.0,74101.1,74668.55,6709
2021-12-10,74055.0,75000.0,74000.0,74221.0,4831
2021-12-13,74680.0,75111.0,73645.0,73792.0,7479
2021-12-14,73650.0,74200.0,73500.0,74111.85,5830
2021-12-15,74005.0,74550.0,73800.0,73985.5,3594
2021-12-16,74060.0,74298.65,73100.0,73306.45,8181
2021-12-17,73270.0,73380.0,72100.0,72558.05,10564
2021-12-20,72000.0,72199.9,68700.0,69950.5,19827
2021-12-21,69950.5,71139.7,69950.0,70413.65,11270
2021-12-22,70499.85,71290.0,70236.0,70549.45,8950
2021-12-23,70990.0,71500.0,70700.05,71029.6,8715
2021-12-24,71300.0,71300.0,69706.75,70090.7,8524
2021-12-27,70089.0,70689.45,69010.0,70526.2,7843
2021-12-28,70540.0,71999.0,70540.0,71617.7,8194
2021-12-29,71850.0,72697.85,71400.0,72559.05,9449
2021-12-30,72698.95,72888.0,71850.3,72119.55,6786
2021-12-31,72011.0,73699.25,72011.0,73338.0,6473
2022-01-03,73589.95,73979.95,73113.65,73367.7,5871
2022-01-04,73667.7,74000.0,73350.0,73937.2,6005
2022-01-05,73937.2,74400.0,73783.0,74046.0,7370
2022-01-06,73905.0,74495.0,73200.0,74155.3,7559
2022-01-07,74210.15,74573.95,73551.05,74189.3,5550
2022-01-10,74210.0,74979.1,74150.0,74286.4,5451
2022-01-11,74286.0,74445.0,73918.0,74291.3,5864
2022-01-12,74291.3,75498.1,74260.05,75383.75,7862
2022-01-13,75551.0,76300.0,75030.2,75977.05,9077
2022-01-14,75970.0,76277.15,75345.05,76134.65,4493
2022-01-17,76134.65,77185.45,75800.05,76822.2,6852
2022-01-18,76851.0,77299.9,76000.0,76296.85,8057
2022-01-19,76300.0,76780.3,75650.0,76529.85,6542
2022-01-20,76097.95,76097.95,73500.0,73728.25,16368
2022-01-21,73640.0,74800.0,72054.35,72697.1,11025
2022-01-24,72700.0,72989.95,70002.0,71077.35,10330
2022-01-25,70900.0,72249.55,69815.4,70569.95,11974
2022-01-27,70120.0,71049.0,69459.55,70712.65,10272
2022-01-28,71070.0,72850.0,71070.0,71327.7,9147
2022-01-31,72180.0,72500.05,71401.05,72148.1,6201
2022-02-01,72400.0,72680.0,71200.2,71515.45,12365
2022-02-02,71601.0,72674.65,71185.0,71462.45,8742
2022-02-03,70450.0,71930.0,70111.3,70987.15,10786
2022-02-04,70987.0,71297.5,69851.9,70006.4,11034
2022-02-07,70398.95,70421.85,68600.0,68798.8,12143
2022-02-08,69240.0,69800.0,68500.0,69426.35,11669
2022-02-09,69601.0,70579.85,69601.0,70426.6,5620
2022-02-10,70919.6,70919.6,69501.0,69769.2,14416
2022-02-11,69700.0,69700.0,68038.2,68233.45,15042
2022-02-14,67866.0,67866.0,65708.0,65929.0,18628
2022-02-15,66475.0,66999.9,65007.05,66680.15,14444
2022-02-16,67240.0,67275.0,66000.9,66140.6,12266
2022-02-17,66450.0,66641.4,65439.65,65615.75,7727
2022-02-18,65315.0,66263.3,65210.3,65638.95,19661
2022-02-21,65574.9,65574.9,64602.35,64734.65,10513
2022-02-22,63000.0,65999.05,63000.0,65769.6,26513
2022-02-23,66164.2,66799.95,65701.0,65803.6,11015
2022-02-24,64350.0,65850.0,63000.0,63945.6,43260
2022-02-25,64100.0,65814.95,64022.7,65651.7,19903
2022-02-28,65252.0,66250.0,64450.0,65740.95,13429
2022-03-02,65660.0,66500.0,65140.85,66223.85,18103
2022-03-03,66950.0,66980.0,65723.0,66035.45,13310
2022-03-04,65600.0,66199.95,65000.0,65911.3,18449
2022-03-07,65140.0,66448.0,63741.6,66153.1,29607
2022-03-08,66150.0,66650.0,65501.0,66394.85,8208
2022-03-09,66600.0,66950.0,65890.2,66087.85,6893
2022-03-10,66687.85,67497.8,66555.0,66881.9,9680
2022-03-11,66590.0,68094.05,66365.0,67898.3,7705
2022-03-14,68034.0,68450.0,67405.05,68372.35,6352
2022-03-15,68200.0,68995.0,67500.0,68085.0,9065
2022-03-16,68700.0,68849.9,68186.65,68370.45,7593
2022-03-17,68600.0,69889.0,68500.1,68957.8,14905
2022-03-21,69652.65,69860.0,66588.0,66876.35,12368
2022-03-22,67248.9,67300.0,65900.0,67096.6,9663
2022-03-23,67105.0,67726.6,66611.1,66844.7,8261
2022-03-24,66840.0,67399.95,66450.0,66718.75,7400
2022-03-25,66900.05,67179.65,66000.0,66501.1,5838
2022-03-28,66500.0,66500.0,64955.8,65708.65,9839
2022-03-29,65790.0,66878.35,65010.0,65297.05,9704
2022-03-30,65849.55,65899.95,65134.55,65358.9,7190
2022-03-31,65495.0,65800.0,64701.45,65022.1,10386
2022-04-01,65100.0,66650.0,65099.95,66485.2,7651
2022-04-04,66710.0,67259.95,66710.0,67129.9,6506
2022-04-05,67129.9,68100.0,67129.9,67756.05,7621
2022-04-06,67790.0,67956.05,67203.15,67630.85,6216
2022-04-07,67750.0,68194.15,66900.0,67109.25,8501
2022-04-08,67490.0,68128.95,66708.65,67782.85,12652
2022-04-11,67500.0,68000.0,67301.05,67765.65,4286
2022-04-12,67600.0,67987.2,66565.3,67585.7,13531
2022-04-13,67650.0,68121.0,67011.0,67447.3,8522
2022-04-18,67003.0,67480.45,66000.15,66944.95,11982
2022-04-19,67004.0,67797.55,65800.0,66361.4,17383
2022-04-20,66699.8,68352.25,66501.6,67670.4,9721
2022-04-21,68005.0,70100.0,67860.0,69714.8,11532
2022-04-22,69625.0,69625.0,68600.0,69143.85,6278
2022-04-25,68550.0,69499.0,68235.35,69115.9,9387
2022-04-26,69500.0,71537.9,69225.0,71331.5,16723
2022-04-27,70315.0,72599.9,70200.0,72218.95,14670
2022-04-28,72648.0,72648.0,71254.0,72330.7,11877
2022-04-29,72330.0,73400.0,71801.3,72729.0,11934
2022-05-02,72000.0,72850.0,71778.5,72597.5,5432
2022-05-04,72800.0,73310.65,71300.0,71878.35,9510
2022-05-05,72190.0,72850.0,70777.0,71182.15,7309
2022-05-06,70650.0,70831.85,69250.0,69913.6,8667
2022-05-09,69601.0,69855.0,68325.2,68578.0,11683
2022-05-10,68490.0,70939.9,67200.0,68810.05,28293
2022-05-11,68350.0,69274.9,67817.15,68110.7,10262
2022-05-12,67990.0,68199.95,66680.0,67622.05,11473
2022-05-13,67690.0,73280.6,67690.0,72050.9,28470
2022-05-16,71780.0,73240.0,71400.1,72528.4,12665
2022-05-17,72800.0,74300.0,72600.0,74006.75,10590
2022-05-18,74205.0,74849.95,73811.05,74687.65,10398
2022-05-19,73500.0,74250.0,73001.0,73434.75,8680
2022-05-20,74200.0,74679.95,73978.8,74104.95,7777
2022-05-23,74500.0,75146.9,73066.3,73386.2,8044
2022-05-24,73499.95,74598.9,73112.95,74395.5,7073
2022-05-25,74564.25,75428.0,73574.6,74824.25,7765
2022-05-26,75000.0,75300.0,73400.0,75060.95,9279
2022-05-27,75210.0,75690.0,74300.0,74654.85,7417
2022-05-30,74900.0,75795.5,74862.15,75388.05,6081
2022-05-31,75400.0,78165.65,75237.45,77649.45,27991
2022-06-01,77200.0,77570.0,76000.0,76331.5,7322
2022-06-02,75501.1,75999.85,75030.4,75872.8,5643
2022-06-03,76061.0,76887.95,76061.0,76460.35,10174
2022-06-06,76390.0,76672.85,74555.05,74712.3,8339
2022-06-07,74000.0,74497.25,71337.6,71659.0,12064
2022-06-08,71701.0,72396.65,70320.0,70653.55,10536
2022-06-09,70000.0,70700.0,70000.0,70425.75,5276
2022-06-10,70115.95,70545.0,69718.5,69952.25,6364
2022-06-13,69000.0,69307.8,68215.8,68558.55,5879
2022-06-14,67506.0,69500.0,67506.0,68202.25,6121
2022-06-15,68202.25,69551.0,68202.25,68441.7,7761
2022-06-16,69295.0,69314.95,67000.0,67176.6,7091
2022-06-17,67000.0,69130.0,65878.35,68124.55,17498
2022-06-20,68260.8,68599.9,66491.45,66651.55,6721
2022-06-21,66658.0,68299.95,66658.0,68091.55,5942
2022-06-22,67600.0,68230.0,67350.0,68040.6,4849
2022-06-23,68040.6,69280.0,68040.55,69006.2,7455
2022-06-24,68900.0,70775.0,68900.0,70553.0,12532
2022-06-27,71200.0,71907.7,70900.0,71221.75,8117
2022-06-28,71000.0,72599.75,70567.7,72268.65,10643
2022-06-29,71567.0,72000.0,71150.0,71523.75,6071
2022-06-30,71748.0,72099.8,70425.0,70800.9,6089
2022-07-01,70300.0,72500.0,70300.0,72194.3,5409
2022-07-04,71900.0,72499.85,71600.0,71776.45,4102
2022-07-05,72000.0,72340.0,71056.45,71221.15,3862
2022-07-06,71721.95,73500.0,71499.45,73230.2,7785
2022-07-07,73825.0,75500.0,73346.3,75337.9,12354
2022-07-08,75337.9,76454.0,75335.05,76044.95,10071
2022-07-11,76000.0,76500.0,75300.0,76375.85,8025
2022-07-12,76000.0,76900.0,75829.05,76664.65,7467
2022-07-13,76674.0,77600.0,76674.0,77273.75,7992
2022-07-14,77399.8,77863.45,76532.3,77414.9,6630
2022-07-15,77724.0,79729.65,77629.55,79558.1,14260
2022-07-18,79602.0,80998.95,79600.0,80742.5,15460
2022-07-19,80500.0,80820.9,79191.55,79941.8,8431
2022-07-20,80075.0,80618.85,79400.0,79784.6,7028
2022-07-21,79630.0,80418.4,79555.0,80178.4,6751
2022-07-22,80290.0,80738.0,79136.3,79400.6,6537
2022-07-25,79600.0,81198.95,79531.8,80834.05,11727
2022-07-26,80829.0,80965.75,79830.8,80150.2,5871
2022-07-27,80150.0,80971.0,79650.0,80864.95,5546
2022-07-28,81010.0,83300.0,81010.0,83046.5,14509
2022-07-29,83479.0,83970.0,82552.3,83818.15,12547
2022-08-01,84000.0,87400.0,83998.35,86950.35,16248
2022-08-02,86930.0,88950.0,86300.0,88173.15,18522
2022-08-03,88174.0,88950.0,87216.75,88738.95,15400
2022-08-04,88988.95,89499.9,87736.65,88711.8,11181
2022-08-05,89000.0,89150.0,87855.95,88895.45,9228
2022-08-08,88500.05,88900.0,87500.0,87717.5,8338
2022-08-10,86805.0,87234.9,82610.0,83466.6,26092
2022-08-11,83999.0,84598.0,82101.0,82500.7,12363
2022-08-12,82995.0,84338.2,82271.55,83130.85,10606
2022-08-16,83500.0,87593.3,83400.1,86971.45,28904
2022-08-17,87000.0,87925.3,86381.0,86853.6,18111
2022-08-18,86844.95,87988.05,85806.3,87591.55,14967
2022-08-19,87989.0,88361.85,86436.95,86825.9,11885
2022-08-22,86808.95,86876.95,84510.0,84828.25,11433
2022-08-23,83930.0,86779.95,83800.0,85895.45,13741
2022-08-24,85799.95,86699.75,84800.05,85264.5,8432
2022-08-25,85599.0,86500.0,85178.8,85445.0,12922
2022-08-26,86400.0,86445.0,85000.0,85272.25,6083
2022-08-29,84629.95,84894.75,83479.0,84418.65,5901
2022-08-30,84895.0,86263.8,84740.0,85364.95,14199
2022-09-01,85444.0,85982.9,84500.0,85142.75,6632
2022-09-02,85795.0,85979.25,84202.0,84356.9,7733
2022-09-05,84889.0,85100.0,84101.3,84254.05,4058
2022-09-06,84779.45,85889.95,84412.05,85257.7,11784
2022-09-07,84900.0,85910.95,84900.0,85133.3,5967
2022-09-08,85599.0,86449.9,85220.0,85396.4,7893
2022-09-09,85838.35,85990.0,84013.0,84208.05,6406
2022-09-12,84550.0,85900.0,84250.0,85808.3,8568
2022-09-13,86000.1,86350.0,85315.05,85551.25,5533
2022-09-14,83750.0,86444.05,83750.0,86071.7,9618
2022-09-15,86488.0,93887.0,85685.15,92868.45,66242
2022-09-16,92490.0,93200.0,85716.0,86112.85,52693
2022-09-19,87299.95,87600.0,84600.0,86352.8,35699
2022-09-20,86994.0,87388.0,85055.55,85661.0,17796
2022-09-21,85899.0,86499.0,84003.95,84281.65,17007
2022-09-22,84600.0,85200.0,83400.0,84511.5,14055
2022-09-23,84900.0,85100.0,82169.9,82599.15,16345
2022-09-26,82399.5,82399.5,78689.95,79156.3,17075
2022-09-27,79700.95,81446.3,79450.0,79831.05,18319
2022-09-28,79825.0,81102.7,79311.45,80416.7,15206
2022-09-29,81103.0,81938.8,78800.0,79622.0,16538
2022-09-30,80080.0,82131.1,79022.65,81654.55,15688
2022-10-03,82100.0,82100.0,80100.0,80624.25,9872
2022-10-04,81897.0,83000.0,81277.65,82825.45,10705
2022-10-06,83238.0,83856.1,82253.0,82440.15,10841
2022-10-07,82499.0,82989.95,81803.05,82769.65,8103
2022-10-10,81825.0,82700.0,81222.0,82302.1,8792
2022-10-11,82713.65,83082.95,80735.25,81081.05,10869
2022-10-12,81486.5,82636.05,81200.15,82481.7,8355
2022-10-13,82369.85,82700.0,81700.0,82112.35,8430
2022-10-14,82990.0,83200.0,81010.3,81350.15,7118
2022-10-17,81390.0,82641.05,80789.05,82267.95,8749
2022-10-18,82670.0,83300.0,82426.75,83088.15,5618
2022-10-19,83105.0,84500.0,82500.0,83149.45,9220
2022-10-20,83100.0,84500.0,83100.0,84171.8,12767
2022-10-21,84210.05,88187.9,84210.05,86224.8,36192
2022-10-24,87319.0,87932.2,85890.0,86291.55,3801
2022-10-25,86699.0,87700.0,86107.6,87342.85,14532
2022-10-27,88200.0,88299.0,86650.0,87362.85,10885
2022-10-28,87360.0,89550.0,87299.0,89368.3,26116
2022-10-31,89368.3,91250.0,89300.05,90767.0,16620
2022-11-01,90800.0,92099.95,90300.0,90830.2,14548
2022-11-02,91189.0,91500.0,90408.35,90620.8,11945
2022-11-03,90575.0,91499.0,90300.0,90658.15,8267
2022-11-04,91000.0,91500.0,90500.0,91248.15,6468
2022-11-07,91698.0,96000.0,91387.45,94900.1,28285
2022-11-09,91450.0,91999.45,85901.65,87017.45,80686
2022-11-10,87017.45,88347.8,85100.0,87468.65,24162
2022-11-11,88490.0,88858.75,85855.1,86156.4,17194
2022-11-14,86587.2,86750.0,85200.0,86179.85,13612
2022-11-15,86610.75,87850.0,86179.85,87574.25,19773
2022-11-16,87550.0,88300.0,87000.25,87686.0,9638
2022-11-17,88000.0,88150.0,87140.25,87890.45,8525
2022-11-18,87999.0,88394.85,87409.7,88092.7,6997
2022-11-21,88300.0,89397.0,87220.0,89097.2,11462
2022-11-22,89005.0,89800.0,88500.0,88956.2,9016
2022-11-23,89309.95,89654.0,88685.95,88973.15,6407
2022-11-24,89199.0,89600.0,88687.2,89404.65,6000
2022-11-25,89365.0,90388.0,89001.0,89904.6,9260
2022-11-28,90000.0,91969.0,89930.05,91533.8,13196
2022-11-29,92000.0,92800.0,91900.05,92565.15,11792
2022-11-30,92800.0,94103.45,92269.0,93557.55,17300
2022-12-01,94000.0,95151.2,93234.6,94325.5,16380
2022-12-02,94490.0,94988.0,93234.0,94554.2,11977
2022-12-05,94711.95,95243.65,94052.45,94673.7,8584
2022-12-06,94599.0,94800.0,94060.05,94516.9,6816
2022-12-07,94699.95,95075.9,92616.55,92885.4,13731
2022-12-08,93100.0,93479.95,90250.0,91092.4,14507
2022-12-09,91309.0,92000.0,90065.15,91510.7,10766
2022-12-12,91730.0,91730.0,90600.05,91393.65,6440
2022-12-13,91455.0,91899.0,90601.0,90969.95,5928
2022-12-14,91225.0,91947.3,90943.75,91165.45,4831
2022-12-15,91140.0,91699.95,90502.0,90872.85,5201
2022-12-16,90521.0,90728.75,88600.0,89112.75,8992
2022-12-19,89113.0,90230.95,88536.65,89916.95,5089
2022-12-20,90199.9,90199.9,88700.0,89005.0,7210
2022-12-21,89299.0,89900.0,87278.75,88192.95,7768
2022-12-22,88200.05,88899.75,87501.0,88192.75,5601
2022-12-23,88140.0,88140.0,85774.25,86071.0,7258
2022-12-26,85802.45,88373.95,85201.05,87596.6,6899
2022-12-27,88000.0,88490.0,87500.0,88090.15,5533
2022-12-28,87760.0,88590.0,87500.0,87923.25,5192
2022-12-29,87900.0,87900.0,86611.45,87567.95,6365
2022-12-30,87900.0,89250.0,87812.25,88535.45,6766
2023-01-02,88600.0,88745.35,87879.7,88051.2,4248
2023-01-03,88397.9,89121.0,87962.7,88876.15,4793
2023-01-04,88892.0,89073.55,87398.0,88012.25,7515
2023-01-05,88500.0,91900.0,88441.95,91275.8,22626
2023-01-06,91580.0,93400.0,90557.8,93141.5,28710
2023-01-09,93600.0,93998.75,92902.0,93447.6,8191
2023-01-10,93250.0,94480.0,93093.9,94163.95,11295
2023-01-11,94261.0,94399.85,90750.0,91142.0,12684
2023-01-12,91597.75,91663.5,88573.0,89518.25,13853
2023-01-13,89700.0,90650.0,89156.3,89712.95,13692
2023-01-16,90100.0,90679.6,89000.0,89228.35,9198
2023-01-17,89682.85,89965.9,89010.05,89526.75,6548
2023-01-18,89360.0,90399.95,89279.95,90196.85,6516
2023-01-19,89999.0,90899.0,89819.0,90484.0,5767
2023-01-20,90484.0,91198.9,89255.65,89557.0,7211
2023-01-23,89995.0,90539.75,89679.95,90280.35,4493
2023-01-24,90500.0,90949.4,90045.05,90414.5,4227
2023-01-25,90300.0,90436.0,88429.6,89571.75,5737
2023-01-27,89640.0,89665.75,86911.35,88261.1,9731
2023-01-30,88360.0,90207.0,88062.75,89263.9,7747
2023-01-31,89500.0,91090.0,89405.05,90869.4,11151
2023-02-01,91000.0,92950.0,90722.55,91961.45,11990
2023-02-02,91700.0,93000.0,91052.65,92817.35,7087
2023-02-03,93449.0,93449.0,91450.0,92853.35,8666
2023-02-06,92785.0,93241.45,92211.55,92677.85,6467
2023-02-07,92600.0,92700.0,91550.0,91739.85,5791
2023-02-08,91630.0,92484.85,90739.85,92275.65,5787
2023-02-09,92275.0,93100.0,87351.0,88813.05,36042
2023-02-10,89000.0,89976.9,88125.65,89070.9,10500
2023-02-13,89408.0,89408.0,88200.0,88803.9,7364
2023-02-14,89260.0,89260.0,87500.0,88050.0,6328
2023-02-15,88390.0,89074.2,88050.0,88855.45,6123
2023-02-16,88800.0,89971.7,88722.2,89215.8,8304
2023-02-17,89120.0,89668.0,88550.0,88739.7,4351
2023-02-20,89000.0,90000.0,88717.1,89181.1,5810
2023-02-21,89648.0,90445.0,89121.25,89957.2,6804
2023-02-22,89958.0,90000.0,87500.0,87658.3,10970
2023-02-23,87999.0,88249.0,86001.0,86730.85,10316
2023-02-24,87350.0,87462.0,86650.0,86800.7,4732
2023-02-27,86786.0,86786.0,84802.05,85143.1,7189
2023-02-28,85565.0,85898.2,84640.0,85256.6,9473
2023-03-01,85654.25,86444.95,84827.5,86068.6,6829
2023-03-02,86480.0,87150.0,86000.0,86802.7,4710
2023-03-03,87001.0,87399.4,86200.9,86363.15,5234
2023-03-06,86400.0,87250.0,86400.0,86715.35,4610
2023-03-08,86557.0,87199.0,86471.15,86752.8,4988
2023-03-09,86800.0,87169.05,85360.0,85596.9,6402
2023-03-10,85499.9,85549.95,84351.0,85111.2,4951
2023-03-13,85330.0,85591.55,82812.45,83076.3,7256
2023-03-14,83389.95,83661.9,82280.4,82492.3,6817
2023-03-15,83192.0,83199.0,81974.35,82107.1,4360
2023-03-16,82101.0,83501.0,81380.05,83140.7,7114
2023-03-17,83556.0,83556.0,82050.0,82901.8,10903
2023-03-20,83556.0,83688.95,82235.35,83559.95,5263
2023-03-21,83600.0,85710.0,83232.2,83746.0,6860
2023-03-22,83900.0,84500.0,83675.05,84399.85,2961
2023-03-23,84349.0,84778.75,84000.0,84164.65,2966
2023-03-24,84448.95,84778.95,83700.0,83878.5,3982
2023-03-27,83878.0,84549.9,83416.95,83709.75,3643
2023-03-28,83899.0,84253.9,82223.55,82365.35,4242
2023-03-29,81900.0,82701.5,81786.5,82012.0,5133
2023-03-31,82422.0,84444.0,82088.25,84047.2,5856
2023-04-03,84047.2,84550.0,83752.0,84400.85,2396
2023-04-05,84284.2,84746.5,83830.0,83949.9,2944
2023-04-06,84000.0,84500.0,83325.75,84005.55,3733
2023-04-10,83750.0,84780.0,83750.0,84398.45,3582
2023-04-11,84601.05,85298.3,84294.3,84617.0,3034
2023-04-12,84800.9,85794.2,84750.0,85456.25,4928
2023-04-13,85699.0,85700.05,85407.35,85516.95,2496
2023-04-17,85499.0,85700.0,85001.0,85376.35,2573
2023-04-18,85500.0,87495.0,85487.45,86821.35,6492
2023-04-19,87000.0,87343.7,85697.0,85837.25,2897
2023-04-20,86279.0,86869.2,86012.15,86502.65,2998
2023-04-21,86300.0,86950.0,86090.15,86517.4,3418
2023-04-24,86945.0,87200.0,86300.0,86896.15,3160
2023-04-25,87100.0,87399.95,86086.0,86561.45,3991
2023-04-26,86550.0,87332.9,86400.0,87231.2,4413
2023-04-27,87497.0,87600.0,86810.0,87455.9,3368
2023-04-28,87437.35,89300.0,87376.0,89006.8,7620
2023-05-02,89007.0,89498.9,88002.05,88596.9,5222
2023-05-03,88787.95,94390.0,88318.85,93559.8,47192
2023-05-04,94000.0,95760.0,93026.25,95110.8,28698
2023-05-05,95110.8,98974.65,94500.0,98614.05,44972
2023-05-08,98620.0,99933.5,97398.25,97730.65,26682
2023-05-09,98149.5,99200.0,97201.35,97499.75,13521
2023-05-10,98200.0,98200.0,96575.05,97229.35,9964
2023-05-11,97700.0,98240.0,97200.0,97361.0,9435
2023-05-12,97760.0,97800.0,96600.05,96689.15,6319
2023-05-15,96705.0,97656.35,95150.0,96900.9,9670
2023-05-16,96800.0,97600.0,96400.0,96551.85,9357
2023-05-17,96536.0,97900.0,96299.8,97655.1,9469
2023-05-18,97872.25,98400.0,96800.1,97060.7,8164
2023-05-19,97258.05,97280.95,95700.0,96236.65,10866
2023-05-22,96356.65,96553.4,95674.25,95911.45,7085
2023-05-23,96066.0,96453.8,95225.3,95487.65,9019
2023-05-24,95550.0,97458.4,95338.55,95640.3,13583
2023-05-25,95680.0,97052.5,95570.4,96727.35,8319
2023-05-26,96735.0,98171.0,96601.15,97881.8,6694
2023-05-29,98050.0,98440.9,97475.0,97782.2,4096
2023-05-30,97782.2,97935.0,96900.0,97096.4,4289
2023-05-31,96906.4,98650.75,96650.1,97211.7,13323
2023-06-01,97100.0,97988.95,97099.0,97567.3,3795
2023-06-02,97567.3,98100.0,96067.55,96368.5,7514
2023-06-05,96880.0,97187.95,96502.15,96797.45,3003
2023-06-06,96888.0,97249.5,96227.65,96636.25,4249
2023-06-07,97000.0,99230.5,96775.15,97553.1,10781
2023-06-08,97610.0,98599.0,96900.0,97077.35,9411
2023-06-09,97264.0,98597.9,97150.0,98390.95,8604
2023-06-12,98335.1,99400.0,98152.75,98968.55,7627
2023-06-13,99150.2,100439.95,99150.2,99992.85,16655
2023-06-14,99993.0,100400.0,99400.0,100114.15,9786
2023-06-15,100099.0,100849.6,99711.0,100081.0,8297
2023-06-16,100083.0,100694.95,99549.5,99892.5,9713
2023-06-19,100000.0,100651.0,99557.05,99758.2,4964
2023-06-20,100200.0,100200.0,98280.1,99348.2,8914
2023-06-21,99648.0,100950.0,99484.35,100422.2,10714
2023-06-22,100400.0,100900.0,99500.0,99868.45,5564
2023-06-23,99977.0,99977.0,98880.05,99492.05,4670
2023-06-26,99799.95,100079.9,99071.8,99954.65,3699
2023-06-27,99900.0,100500.95,99300.0,99591.25,7862
2023-06-28,99891.25,100699.85,99600.0,100387.2,4178
2023-06-30,100598.0,101648.3,100020.25,101260.5,9620
2023-07-03,101073.0,101888.0,99600.0,99899.45,9229
2023-07-04,100480.0,100480.0,99000.0,99148.9,5734
2023-07-05,99600.0,100300.0,99099.0,100191.2,5430
2023-07-06,100215.0,101888.0,100043.5,101306.5,8593
2023-07-07,101180.0,101974.95,100680.0,101227.65,6354
2023-07-10,101177.0,101842.3,100400.25,100602.85,5534
2023-07-11,100949.9,102214.9,100811.05,101930.2,7421
2023-07-12,101899.0,102494.95,101652.7,102231.4,6691
2023-07-13,102102.0,102300.0,101003.3,101263.95,3256
2023-07-14,101450.0,102400.0,101264.25,102141.2,5109
2023-07-17,102141.2,102341.2,101820.5,101988.15,2065
2023-07-18,102000.0,102499.95,101611.05,102245.45,3212
2023-07-19,102256.0,102990.0,102065.3,102718.15,4956
2023-07-20,102500.0,102733.95,101600.0,101896.2,3770
2023-07-21,101999.3,102300.3,101550.0,102089.25,2112
2023-07-24,102100.0,103186.7,101750.0,102723.5,4020
2023-07-25,102202.1,102699.0,102000.0,102525.8,2053
2023-07-26,103000.0,103263.5,102000.0,102205.15,4152
2023-07-27,102625.0,102899.0,101870.35,102403.15,2542
2023-07-28,102050.2,102792.15,101880.7,102534.15,2608
2023-07-31,102270.0,103298.85,102100.0,102956.25,3198
2023-08-01,102507.15,103570.95,102507.15,103285.75,3426
2023-08-02,102998.0,103199.95,102000.0,102589.2,3702
2023-08-03,102603.0,107600.0,101400.05,106973.35,23043
2023-08-04,108469.0,111997.0,106775.35,111296.5,26665
2023-08-07,111472.0,111500.0,107912.35,108216.25,11175
2023-08-08,108216.25,108830.55,105864.15,107634.85,11305
2023-08-09,107634.85,107999.0,106000.0,106416.9,8607
2023-08-10,106400.25,106753.3,105600.05,106355.6,6482
2023-08-11,106750.0,106750.0,105615.6,105989.25,4759
2023-08-14,105711.05,106650.0,104807.0,106266.35,4265
2023-08-16,105500.0,106650.0,104834.35,106463.7,4641
2023-08-17,105905.8,106979.25,105905.8,106472.9,4952
2023-08-18,106500.0,108000.0,106430.05,107760.35,7089
2023-08-21,108500.0,108599.95,107568.1,107798.45,6810
2023-08-22,108300.0,108549.95,107758.0,108411.8,3566
2023-08-23,108410.0,109200.0,108051.15,108675.55,4181
2023-08-24,109399.0,109399.0,108106.0,108595.15,4788
2023-08-25,108127.65,108895.7,108000.55,108542.0,3562
2023-08-28,108523.7,108900.55,107921.55,108288.0,3583
2023-08-29,108353.7,109000.0,108250.85,108812.5,2244
2023-08-30,108999.0,109778.65,108812.5,109593.95,2943
2023-08-31,109677.0,109677.0,108266.35,108686.25,5954
2023-09-01,109500.0,109500.0,107559.05,107984.15,6574
2023-09-04,108499.0,108980.0,107347.55,108195.4,4965
2023-09-05,108453.7,108800.0,107888.15,108520.0,3494
2023-09-06,108250.5,109537.95,107500.0,109395.75,8365
2023-09-07,108831.0,109885.6,108798.8,109205.15,2632
2023-09-08,109300.0,109420.75,108600.2,108858.4,2652
2023-09-11,109450.0,109850.0,108905.0,109440.45,3871
2023-09-12,109800.0,109800.0,107555.05,107916.2,8831
2023-09-13,108108.0,109191.65,107476.8,109058.65,7363
2023-09-14,109000.0,111200.0,109000.0,111001.25,6353
2023-09-15,111000.0,112727.95,108539.7,109233.85,14149
2023-09-18,109666.0,109798.75,108060.0,109003.95,7075
2023-09-20,109000.0,109764.65,108100.0,109603.9,4471
2023-09-21,109017.6,109775.0,108500.0,108841.65,3636
2023-09-22,108500.0,109350.0,108477.05,108655.05,3372
2023-09-25,108999.95,109489.9,107651.0,109360.2,6572
2023-09-26,109300.0,109979.95,108981.45,109719.6,3557
2023-09-27,109719.6,110500.0,109251.9,110285.4,2909
2023-09-28,110112.0,110277.5,108306.1,108726.4,7911
2023-09-29,108725.85,109362.35,106800.0,107295.6,9966
2023-10-03,108149.75,108600.6,106551.05,108294.45,5523
2023-10-04,108249.8,108249.8,106441.1,106901.4,3710
2023-10-05,107300.0,107820.0,106583.05,106770.5,3120
2023-10-06,107000.0,108000.0,107000.0,107550.25,3580
2023-10-09,107350.0,107684.55,106405.0,107266.95,4229
2023-10-10,107699.0,108010.55,107001.0,107204.1,4103
2023-10-11,107320.0,108162.7,107298.9,107738.15,3534
2023-10-12,108100.0,108850.0,107910.15,108685.25,3311
2023-10-13,108754.0,109250.0,108300.15,109092.75,3150
2023-10-16,108990.1,109850.0,108320.95,109548.45,4661
2023-10-17,110700.0,113439.3,110611.55,110885.75,15221
2023-10-18,111000.0,111099.95,109401.05,109672.8,5862
2023-10-19,109400.5,110149.95,108701.0,109575.05,5030
2023-10-20,109170.1,110046.4,108900.05,109504.6,3657
2023-10-23,109350.0,110400.0,108639.15,108977.35,9731
2023-10-25,109299.95,109948.85,108150.0,108632.45,4580
2023-10-26,108700.0,108700.0,107075.95,107481.3,5675
2023-10-27,108279.0,108876.0,107629.35,108190.8,3807
2023-10-30,108190.8,109449.6,107919.45,109015.7,4654
2023-10-31,109499.95,109499.95,107907.1,108297.8,8331
2023-11-01,108500.0,109275.0,108349.8,108583.8,3163
2023-11-02,109500.2,110800.0,108925.0,110500.05,5623
2023-11-03,110749.8,111800.0,107300.0,107723.25,25427
2023-11-06,108895.0,108895.0,107103.2,107391.85,7716
2023-11-07,108000.0,108000.0,107008.05,107185.4,4702
2023-11-08,107830.0,108700.0,107330.1,108348.1,5787
2023-11-09,108325.5,109108.95,107774.4,108078.2,5103
2023-11-10,108299.0,108479.9,107338.1,108295.7,3311
2023-11-12,108545.0,108980.0,108000.0,108240.6,993
2023-11-13,108500.0,108500.0,107033.05,107637.6,6671
2023-11-15,108299.0,109510.45,107812.6,109379.5,6906
2023-11-16,109020.0,110500.0,109000.0,110298.85,5724
2023-11-17,110000.0,112599.9,109800.35,111475.25,11891
2023-11-20,111339.0,111600.0,110649.95,111390.95,4443
2023-11-21,111400.0,111749.95,110882.7,111434.3,2888
2023-11-22,111002.1,111785.95,110617.55,111197.75,3222
2023-11-23,111200.0,111999.95,111118.0,111378.7,1854
2023-11-24,111000.0,111550.0,110768.15,111448.2,2854
2023-11-28,111400.0,111800.0,111200.0,111546.95,3104
2023-11-29,111600.05,112496.25,111600.05,112266.55,5354
2023-11-30,112200.0,112989.95,111443.2,111683.0,13163
2023-12-01,111651.0,112100.0,111110.5,111409.3,3677
2023-12-04,112000.0,112099.85,110856.2,111506.65,4689
2023-12-05,111690.0,114459.0,110985.05,113729.85,7340
2023-12-06,113720.0,114499.95,113450.75,114088.85,3569
2023-12-07,114090.0,119000.0,113844.1,117408.55,11242
2023-12-08,117450.0,118099.8,117021.25,117949.4,7684
2023-12-11,117950.0,119600.0,117616.1,119050.45,9161
2023-12-12,119050.45,120351.0,118900.0,119502.9,8705
2023-12-13,119500.0,120067.95,119146.0,119785.25,3862
2023-12-14,119950.0,121000.0,119550.05,120558.8,4276
2023-12-15,120559.8,121193.35,119851.4,120084.05,4857
2023-12-18,120086.0,120277.0,119312.35,119418.65,3968
2023-12-19,119312.75,120000.0,118567.45,118784.6,4139
2023-12-20,119500.0,119598.05,117000.0,117318.95,4608
2023-12-21,117000.95,117727.95,115500.05,117575.2,4166
2023-12-22,119660.0,120699.95,117900.05,119544.3,12705
2023-12-26,120280.0,120499.0,119701.0,120269.35,2962
2023-12-27,120269.35,121343.9,120000.0,121038.55,4444
2023-12-28,121233.0,126630.6,121000.0,125861.35,13240
2023-12-29,126100.0,130399.35,125084.65,129579.25,17516
2024-01-01,129570.0,130734.35,129000.0,129423.55,9043
2024-01-02,129450.0,130269.6,127257.1,129992.3,8846
2024-01-03,129740.0,130955.0,129000.0,130595.85,7203
2024-01-04,130500.0,131950.0,130149.0,131509.75,6833
2024-01-05,131600.0,133500.05,131600.0,132701.25,8182
2024-01-08,133401.0,133599.95,131200.0,131920.6,7613
2024-01-09,132000.0,133100.0,131202.2,131692.45,5777
2024-01-10,132099.0,132199.6,130210.0,131828.4,5915
2024-01-11,132459.0,133625.0,132002.7,133368.0,4736
2024-01-12,133868.0,134639.9,132661.35,134351.1,6940
2024-01-15,134699.0,136799.95,133650.05,135951.15,8379
2024-01-16,135215.3,137800.0,135215.3,136594.7,7490
2024-01-17,136229.0,150254.15,134000.05,134878.3,37455
2024-01-18,136400.0,137949.95,133750.0,137587.2,14497
2024-01-19,138995.3,139995.95,138033.35,139431.95,10260
2024-01-20,140800.0,146496.15,140222.0,145363.35,15816
2024-01-23,145786.0,147849.8,139821.25,140997.25,22069
2024-01-24,141900.0,141999.85,136105.25,139771.05,17366
2024-01-25,140457.0,140599.95,136133.05,136857.95,13504
2024-01-29,136857.15,144150.0,136333.05,143873.6,26375
2024-01-30,144650.0,144750.0,140004.0,140619.85,13414
2024-01-31,141000.0,142844.95,140500.1,142577.4,11634
2024-02-01,143500.0,144350.0,141701.0,142477.8,12544
2024-02-02,143000.0,143499.45,140447.3,140941.85,12058
2024-02-05,142885.0,143974.35,140411.3,141645.75,19822
2024-02-06,142245.0,143600.0,141761.1,143387.7,8245
2024-02-07,144385.0,144827.55,142532.0,142996.8,7534
2024-02-08,143850.0,143850.0,142010.05,142483.1,7121
2024-02-09,143750.0,143750.0,136300.0,137083.35,26614
2024-02-12,137600.0,144769.6,137555.0,143802.75,40809
2024-02-13,144802.0,145406.5,142500.6,144627.4,15951
2024-02-14,144100.0,148035.5,142768.4,147284.5,11908
2024-02-15,148000.0,150199.4,147050.0,148509.85,16290
2024-02-16,148848.0,149200.0,147499.9,148054.5,9418
2024-02-19,148998.4,149549.95,148101.0,148902.3,11657
2024-02-20,148354.0,148938.05,147129.55,148626.1,6520
2024-02-21,148700.0,150794.7,148700.0,149685.95,12528
2024-02-22,149206.0,150740.0,148903.05,150164.5,7334
2024-02-23,150164.5,151445.0,150050.0,150725.0,7594
2024-02-26,150850.0,151224.75,147375.15,148374.75,24255
2024-02-27,148900.0,149650.0,146108.0,147149.15,11115
2024-02-28,147500.0,148500.0,145700.0,146028.4,9984
2024-02-29,146300.0,147087.4,144746.7,146081.55,58201
2024-03-01,146081.55,147500.0,144100.0,145186.0,8313
2024-03-02,145150.0,146500.0,145001.0,145393.3,668
2024-03-04,145625.0,146800.0,144615.75,146145.8,9680
2024-03-05,146499.95,147144.95,145000.0,145396.25,4157
2024-03-06,145580.0,146149.95,144000.0,145740.1,5515
2024-03-07,145735.9,145735.9,143528.2,143956.65,7336
2024-03-11,144500.0,145337.3,143885.7,144950.7,10522
2024-03-12,144644.5,144644.5,141600.0,142276.65,6303
2024-03-13,142276.65,143500.0,137746.9,139057.7,9846
2024-03-14,139100.0,142923.4,138900.0,140301.7,7838
2024-03-15,140500.0,142632.8,137545.85,141312.05,23415
2024-03-18,141300.0,141300.0,136300.0,137012.75,16839
2024-03-19,136990.0,136990.0,132150.15,132679.75,13171
2024-03-20,132680.05,134039.05,129614.6,131512.65,14354
2024-03-21,132022.0,132969.9,131045.55,131583.6,10316
2024-03-22,131700.0,132749.9,130500.0,131302.95,11040
2024-03-26,131995.0,132317.35,130700.05,131645.4,7707
2024-03-27,132000.0,133843.9,131264.0,131809.4,7985
2024-03-28,132889.0,134000.0,132000.5,133387.35,10442
2024-04-01,135995.0,136989.9,134555.05,135719.35,12671
2024-04-02,136300.0,137489.95,134906.7,137092.8,7756
2024-04-03,137199.0,137554.95,136000.0,136190.7,6928
2024-04-04,136398.0,137117.25,135101.0,135360.95,5388
2024-04-05,135690.0,136100.0,134500.0,135464.6,6537
2024-04-08,134807.0,135799.0,130775.25,132708.45,15744
2024-04-09,132920.0,133989.7,132679.1,132923.7,3764
2024-04-10,133500.0,133887.95,132250.0,132679.6,4292
2024-04-12,133000.0,133349.5,131500.0,131716.5,4795
2024-04-15,131399.5,131399.5,129170.0,129443.8,8752
2024-04-16,128500.0,130688.7,128001.15,130156.15,6799
2024-04-18,130749.95,131503.1,129003.85,129231.5,4811
2024-04-19,128921.0,129521.05,127312.1,129157.65,6377
2024-04-22,129900.0,131651.0,128709.1,129020.05,6055
2024-04-23,129500.0,130104.1,128754.95,129226.7,5398
2024-04-24,129437.8,130147.6,128325.05,128524.45,4696
2024-04-25,128500.0,129874.6,128200.0,129632.7,5828
2024-04-26,129700.0,130750.0,129632.7,130237.75,3735
2024-04-29,131000.0,131240.0,130400.0,130821.3,3233
2024-04-30,131052.65,135582.4,131052.65,133019.45,14637
2024-05-02,134038.45,135000.0,132500.0,133861.95,9911
2024-05-03,134300.0,134300.0,127767.9,128560.4,32315
2024-05-06,129450.0,129450.0,125001.1,126475.5,16067
2024-05-07,126475.5,126986.05,123111.1,124514.5,13141
2024-05-08,124514.5,127190.15,123840.0,126677.65,9470
2024-05-09,126300.0,127699.9,125800.0,126225.15,7038
2024-05-10,126700.0,127850.95,125543.45,127595.7,5922
2024-05-13,127595.7,129199.8,125623.15,128881.9,9777
2024-05-14,128700.0,129000.0,127700.0,128194.95,5329
2024-05-15,128000.0,128549.95,127301.95,127445.45,6132
2024-05-16,127555.0,129150.0,127050.0,128964.3,6690
2024-05-17,128900.0,129589.15,128400.0,129143.6,9747
2024-05-18,128700.0,129499.0,128700.0,129084.15,483
2024-05-21,127560.0,129992.3,127560.0,129620.75,7993
2024-05-22,129650.0,130200.0,129000.0,129481.25,7108
2024-05-23,129481.25,130585.0,129051.05,130160.75,11228
2024-05-24,130150.0,131497.0,128968.2,131039.55,8423
2024-05-27,130800.0,132800.0,130151.0,130953.75,16733
2024-05-28,131300.0,131498.2,129000.0,129109.2,5327
2024-05-29,129500.0,129699.95,127920.0,128147.85,5173
2024-05-30,128000.0,128002.5,125050.0,125466.05,8549
2024-05-31,126100.0,126899.95,125027.55,125431.5,14691
2024-06-03,128900.0,128900.0,126700.15,126970.4,17642
2024-06-04,127000.0,127000.0,116347.85,121903.2,19731
2024-06-05,123150.0,128328.35,122016.9,127959.7,9992
2024-06-06,128500.0,128697.65,125933.55,126132.05,10281
2024-06-07,126132.05,127450.0,125801.5,127280.45,7440
2024-06-10,128199.0,128200.0,126049.4,126963.3,14250
2024-06-11,126970.0,127500.0,126055.0,126258.9,4595
2024-06-12,126400.0,126900.0,125830.05,126077.45,5185
2024-06-13,126101.45,126765.3,125851.15,126079.6,2995
2024-06-14,126079.0,126326.0,125387.0,125580.7,5958
2024-06-18,125580.7,126329.95,125580.7,125848.2,3439
2024-06-19,125900.0,126197.95,124750.0,124948.75,3973
2024-06-20,125200.0,126700.0,124615.35,126301.15,6497
2024-06-21,126300.0,127100.0,125000.0,125289.3,7878
2024-06-24,125694.0,126344.4,124500.0,125245.3,9053
2024-06-25,126000.0,127770.0,125460.3,126954.85,6690
2024-06-26,127480.0,127480.0,125800.5,125927.45,5775
2024-06-27,125927.45,126154.45,124800.05,125211.0,6984
2024-06-28,125511.0,130837.4,125399.95,129459.15,21408
2024-07-01,129600.5,130500.0,127701.5,129667.95,11010
2024-07-02,129770.0,129959.95,128125.1,128687.1,6210
2024-07-03,129222.5,129325.05,128000.0,128927.9,6825
2024-07-04,128975.0,129150.0,127830.05,128517.85,4989
2024-07-05,128500.0,130650.0,128200.0,128951.05,7882
2024-07-08,129174.0,131230.5,128058.95,128771.1,20120
2024-07-09,129500.0,131649.95,128759.8,131350.55,7879
2024-07-10,131999.0,131999.0,128200.0,130872.45,7283
2024-07-11,130401.0,131332.95,130280.0,130605.9,3872
2024-07-12,130610.0,130999.95,129221.15,129690.9,4312
2024-07-15,130220.0,134350.0,130220.0,131261.85,16952
2024-07-16,131850.0,133480.0,131400.0,133181.6,8534
2024-07-18,132701.1,133174.85,130786.0,132300.85,5679
2024-07-19,132250.0,132250.0,127500.0,128123.55,18338
2024-07-22,128123.55,131560.0,126600.15,130974.5,19170
2024-07-23,130501.0,133736.05,126225.6,132004.7,18946
2024-07-24,131470.15,137876.0,130955.55,137272.65,22893
2024-07-25,134500.15,139995.0,134500.15,137590.1,17629
2024-07-26,137890.0,139322.95,136206.05,138870.35,13182
2024-07-29,138880.5,140478.3,138500.0,139254.6,12647
2024-07-30,139260.0,140500.0,139254.6,139938.5,7514
2024-07-31,139950.0,142497.85,139950.0,142249.05,11737
2024-08-01,142461.5,143849.9,139600.0,140266.15,8618
2024-08-02,140265.0,140650.0,138001.0,138360.35,6267
2024-08-05,136800.0,137900.0,135275.0,136468.6,9577
2024-08-06,136025.0,139000.0,135300.0,135673.3,7917
2024-08-07,137500.0,138673.3,134206.05,134605.5,6772
2024-08-08,134500.0,142500.0,132000.0,140391.55,39876
2024-08-09,140391.55,141249.85,135400.0,136911.7,17910
2024-08-12,137100.0,138500.0,134500.0,137285.5,15138
2024-08-13,138299.95,138500.0,137020.0,137487.95,4734
2024-08-14,137105.0,138149.95,135522.85,135970.45,6578
2024-08-16,137250.0,137678.3,134622.05,136087.2,9943
2024-08-19,136280.0,136999.25,134500.5,134923.75,9128
2024-08-20,135600.0,136218.7,135051.0,135873.05,4051
2024-08-21,135300.0,138000.0,135300.0,137831.35,6885
2024-08-22,137437.8,139898.0,137437.8,139614.55,5436
2024-08-23,139500.0,140500.0,138231.35,138519.6,5657
2024-08-26,139999.55,140500.0,138361.15,139324.45,9279
2024-08-27,139360.0,139849.95,138448.9,138807.6,4576
2024-08-28,139500.0,139500.0,136486.35,136856.3,6441
2024-08-29,137000.0,137312.85,133390.0,134421.1,10344
2024-08-30,135400.0,135490.0,134400.0,134833.45,10322
2024-09-02,135450.0,136078.7,134000.0,134195.25,6841
2024-09-03,134750.0,134798.0,134040.0,134419.0,4691
2024-09-04,134398.0,135459.8,134055.45,135326.9,4118
2024-09-05,136250.0,136666.0,135500.0,136017.1,3971
2024-09-06,136350.0,136700.0,134042.45,134260.75,3820
2024-09-09,135000.0,135000.0,132600.0,133979.3,6107
2024-09-10,134850.0,136359.9,134255.65,135759.4,5084
2024-09-11,136220.0,136650.0,135141.8,135345.95,5167
2024-09-12,135798.0,136476.1,135500.0,135962.25,3413
2024-09-13,136400.0,137599.95,135800.05,137353.95,4948
2024-09-16,137800.0,138509.0,136100.0,136427.0,5576
2024-09-17,137050.0,137264.35,135052.95,135219.2,2915
2024-09-18,135690.0,135690.0,133300.0,134242.7,4978
2024-09-19,134700.0,136850.0,134122.95,136347.6,7839
2024-09-20,136500.0,136818.3,135100.05,135934.4,13578
2024-09-23,136050.0,137500.0,136050.0,137234.8,5664
2024-09-24,137210.0,137999.95,136750.0,137813.0,5250
2024-09-25,137348.0,139855.65,137300.15,139156.15,8665
2024-09-26,139250.0,139500.0,137697.05,138852.15,8335
2024-09-27,138700.0,142383.9,138377.0,140973.9,12240
2024-09-30,141000.0,141884.85,138200.05,138513.65,6269
2024-10-01,139600.0,140447.1,138950.2,140262.9,3931
2024-10-03,138000.0,139894.5,135924.4,136104.35,7483
2024-10-04,136600.0,136782.8,133000.0,133408.75,10223
2024-10-07,135377.0,135500.0,130555.0,131237.85,7958
2024-10-08,131600.0,132583.85,130850.1,132140.2,5944
2024-10-09,133800.0,133990.0,132450.85,132583.3,4681
2024-10-10,133600.0,133690.0,132000.0,132214.45,3208
2024-10-11,132400.0,132417.9,131151.2,132197.6,3353
2024-10-14,132197.6,132900.0,131251.2,131913.3,5429
2024-10-15,131914.0,132499.95,130850.0,131027.25,6023
2024-10-16,131000.25,131278.1,129530.05,130493.8,5437
2024-10-17,130421.0,130949.9,129400.0,129811.75,3163
2024-10-18,129800.0,129950.0,128618.0,129444.65,3964
2024-10-21,130100.0,132000.0,128051.05,128242.95,9788
2024-10-22,128990.0,128990.0,126100.0,126407.25,5713
2024-10-23,126100.0,126755.0,124988.4,125493.95,6712
2024-10-24,125600.0,125999.85,123950.0,124131.2,5151
2024-10-25,124131.2,124862.3,121875.05,122751.8,6300
2024-10-28,122900.0,124298.0,122819.3,123090.95,5059
2024-10-29,123399.0,123400.0,120750.0,122507.85,5946
2024-10-30,122200.0,123163.4,121300.05,121989.35,6372
2024-10-31,122100.0,122972.75,121503.0,122524.45,4359
2024-11-01,122500.0,123499.45,122500.0,123330.3,927
2024-11-04,123750.0,123830.3,120500.0,120876.75,9772
2024-11-05,120801.0,121243.9,118000.0,119530.15,9899
2024-11-06,119845.0,121840.8,119845.0,121613.55,6948
2024-11-07,121900.0,122333.65,120231.1,121025.95,5330
2024-11-08,121000.0,121249.45,117401.05,119354.3,15073
2024-11-11,120101.0,125154.05,120050.0,123045.6,23062
2024-11-12,123700.0,124107.7,120717.1,120924.15,8804
2024-11-13,120900.0,121659.95,119925.3,120483.7,7941
2024-11-14,120400.0,121901.0,120283.0,120551.75,5012
2024-11-18,119088.1,121174.65,119024.15,120861.1,6728
2024-11-19,120900.0,124194.55,120570.85,122950.6,9833
2024-11-21,123100.0,124099.95,121751.05,123509.9,6696
2024-11-22,123662.0,124742.8,122538.1,124597.0,6464
2024-11-25,126000.0,126200.0,124000.0,124492.35,14605
2024-11-26,124700.0,125749.7,124000.05,124173.2,4556
2024-11-27,124150.0,125299.95,123110.25,124534.2,5246
2024-11-28,124548.0,124689.95,123458.05,123662.35,6135
2024-11-29,123000.0,125432.1,122702.65,125251.3,8271
2024-12-02,125100.0,125440.85,124261.0,125359.35,5110
2024-12-03,125500.0,125896.6,124894.5,125585.05,5200
2024-12-04,125800.0,127200.0,125325.1,126841.4,7926
2024-12-05,126900.0,131210.0,126566.05,130761.5,13817
2024-12-06,130900.0,132200.0,130416.2,130635.55,7588
2024-12-09,131240.0,133172.5,130800.55,132151.4,7413
2024-12-10,133100.0,133119.3,131647.25,132458.25,6593
2024-12-11,132101.0,132800.0,131851.25,132517.4,3350
2024-12-12,132600.0,132781.75,131655.6,131872.4,3243
2024-12-13,132000.0,133500.0,130900.05,133235.25,5396
2024-12-16,133240.25,133442.8,132300.0,132530.5,2755
2024-12-17,132530.5,132530.55,130664.1,130976.6,4757
2024-12-18,131000.0,131499.35,130100.0,130411.3,3584
2024-12-19,129000.0,130103.95,128888.0,129843.1,3035
2024-12-20,129843.1,130660.1,127556.1,128057.9,9524
2024-12-23,128060.0,130500.0,128060.0,130345.9,4229
2024-12-24,131180.0,131180.0,129950.0,130343.2,2554
2024-12-26,129890.0,131500.0,129890.0,131204.2,5181
2024-12-27,131000.0,132674.95,130930.0,131553.8,4886
2024-12-30,130955.0,131873.6,129500.0,131141.75,10148
2024-12-31,130990.0,131400.0,129552.0,130634.85,3714
2025-01-01,130000.0,130789.25,129000.0,129374.5,2343
2025-01-02,129700.0,129839.05,127800.0,129211.8,7133
2025-01-03,129300.0,129800.0,125125.75,126362.5,8718
2025-01-06,126800.0,126919.25,122310.0,122869.95,7675
2025-01-07,123450.0,124230.0,120700.1,121222.15,8586
2025-01-08,121998.9,121999.85,119001.0,119869.3,7672
2025-01-09,120390.0,120749.85,118740.2,118885.65,5782
2025-01-10,118330.0,119099.7,117000.05,117104.55,5619
2025-01-13,117000.0,117000.0,112700.0,113003.8,9530
2025-01-14,113003.8,114700.0,112652.15,114213.4,8640
2025-01-15,115200.0,115200.0,113754.5,114227.0,5385
2025-01-16,114800.0,115300.05,114138.05,114463.6,4528
2025-01-17,114399.95,114539.15,113301.1,113948.65,3965
2025-01-20,113948.65,114044.25,112100.0,113786.6,5911
2025-01-21,113790.0,115294.8,111912.05,112097.25,6999
2025-01-22,113000.0,113003.4,110525.6,111599.85,5531
2025-01-23,111400.0,112199.95,110550.0,111739.5,7377
2025-01-24,112000.0,112667.8,111011.45,111484.55,4615
2025-01-27,111479.0,111568.7,110100.0,111256.45,4370
2025-01-28,111076.95,113092.85,111076.95,112883.7,9345
2025-01-29,112350.0,112800.4,111600.05,112334.95,5682
2025-01-30,112394.95,113500.0,112045.4,112622.5,7858
2025-01-31,111800.0,114606.25,111800.0,113632.5,6999
2025-02-01,113632.5,114499.95,112215.2,114183.45,4218
2025-02-03,114100.0,114990.35,113400.0,113793.3,4291
2025-02-04,114000.0,115007.4,113111.0,114934.7,5329
2025-02-05,114933.0,115419.95,114325.1,114960.75,5231
2025-02-06,115200.0,115399.9,110000.0,114128.9,24120
2025-02-07,112450.0,115191.9,112300.2,112875.1,9034
2025-02-10,113000.0,113393.35,110760.05,111036.2,6609
2025-02-11,111458.0,111529.75,108419.25,108716.45,7514
2025-02-12,108716.45,110967.5,106335.0,109394.15,11043
2025-02-13,110000.0,110380.0,109039.5,109767.0,5402
2025-02-14,109688.0,110598.75,108520.6,109474.85,4673
2025-02-17,109200.0,110371.4,108000.0,109984.0,5051
2025-02-18,109601.0,109999.95,108700.0,109020.45,3139
2025-02-19,108800.0,109900.0,108269.1,109570.7,3428
2025-02-20,109750.0,110400.0,108880.6,109938.7,3751
2025-02-21,109900.0,110371.0,108786.0,109263.3,5319
2025-02-24,109260.0,109500.0,108149.0,108842.0,4368
2025-02-25,108700.0,109244.95,107000.0,107203.95,4923
2025-02-27,107399.0,107879.85,105250.45,105723.4,8469
2025-02-28,105480.0,105649.75,103824.1,105373.7,8766
2025-03-03,105500.0,106190.85,104025.0,105170.25,4599
2025-03-04,104900.0,105170.25,102351.0,102659.4,13881
2025-03-05,102345.6,105962.5,102124.05,105805.5,6770
2025-03-06,106995.5,108250.0,106500.05,107795.3,5969
2025-03-07,107500.0,108650.0,107001.5,107202.95,4698
2025-03-10,107839.0,108197.95,106174.75,106650.6,5348
2025-03-11,106500.0,106859.95,105576.05,106534.3,3772
2025-03-12,107000.0,107475.75,106309.0,107264.25,3589
2025-03-13,107264.25,107264.25,104800.0,105041.6,9096
2025-03-17,105200.0,106440.7,105200.0,105410.8,3891
2025-03-18,105500.0,107950.0,105500.0,107839.2,4928
2025-03-19,107999.7,110099.0,107999.7,109922.8,6057
2025-03-20,110500.0,111450.0,110161.15,111107.9,5687
2025-03-21,111440.0,112799.95,111042.45,112050.15,8367
2025-03-24,112990.0,114300.0,112651.3,114020.8,5731
2025-03-25,115925.0,116000.0,113509.85,114264.5,8037
2025-03-26,114126.5,115500.0,113900.1,114321.2,5979
2025-03-27,114003.0,114200.0,112445.0,113264.05,10576
2025-03-28,113800.0,114397.0,112084.35,112677.75,7320
2025-04-01,112500.0,114411.65,111900.0,113037.05,3593
2025-04-02,113400.05,115275.8,112774.3,115137.35,5030
2025-04-03,114500.0,115000.0,113800.0,114870.45,3272
2025-04-04,115000.0,115000.0,112800.0,113236.95,4440
2025-04-07,110000.0,110821.5,108001.0,110385.5,7098
2025-04-08,112000.0,113508.8,111510.1,112592.4,4965
2025-04-09,112697.0,113397.4,111300.2,113113.3,4967
2025-04-11,113300.0,118749.95,113300.0,117544.4,17890
2025-04-15,119900.0,123010.0,118200.0,122905.0,14655
2025-04-16,122950.0,124775.0,122885.0,124490.0,10139
2025-04-17,124100.0,126860.0,123990.0,126475.0,15654
2025-04-21,127475.0,128000.0,126495.0,126800.0,6676
2025-04-22,127200.0,129115.0,126300.0,127655.0,9283
2025-04-23,129380.0,129380.0,126650.0,127980.0,6770
2025-04-24,128000.0,130470.0,127555.0,129920.0,11841
2025-04-25,130500.0,130700.0,127400.0,128655.0,7468
2025-04-28,128500.0,130375.0,128495.0,130225.0,4740
2025-04-29,130750.0,133200.0,130700.0,132805.0,7993
2025-04-30,132950.0,135600.0,132000.0,134505.0,11000
2025-05-02,134800.0,135740.0,133900.0,135200.0,8417
2025-05-05,135310.0,137845.0,135310.0,136120.0,7072
2025-05-06,136800.0,137270.0,134500.0,134990.0,5771
2025-05-07,131500.0,141500.0,131500.0,140420.0,27052
2025-05-08,140750.0,143275.0,138350.0,138760.0,15480
2025-05-09,137415.0,138295.0,135600.0,137675.0,9582
2025-05-12,140400.0,141095.0,139570.0,139925.0,5916
2025-05-13,140100.0,141070.0,139000.0,140425.0,6054
2025-05-14,140425.0,141380.0,140425.0,141070.0,6640
2025-05-15,141500.0,141875.0,140865.0,141140.0,5969
2025-05-16,141765.0,142460.0,140000.0,140265.0,9730
2025-05-19,139410.0,140655.0,139410.0,140145.0,6621
2025-05-20,140100.0,141150.0,139485.0,140240.0,8983
2025-05-21,140800.0,142500.0,140500.0,142285.0,7110
2025-05-22,142400.0,143140.0,141500.0,142345.0,5201
2025-05-23,142250.0,143955.0,141830.0,143670.0,5635
2025-05-26,144000.0,147435.0,143705.0,146625.0,15301
2025-05-27,146625.0,146795.0,143620.0,143985.0,9952
2025-05-28,144800.0,144800.0,141555.0,142785.0,14908
2025-05-29,143100.0,144430.0,140015.0,140905.0,14872
2025-05-30,141690.0,141845.0,137165.0,138865.0,13777
2025-06-02,138400.0,141400.0,137010.0,140750.0,13350
2025-06-03,140760.0,141900.0,137450.0,138080.0,12154
2025-06-04,138770.0,139000.0,135800.0,136105.0,10461
2025-06-05,136800.0,140900.0,136535.0,140360.0,15753
2025-06-06,140700.0,140700.0,138185.0,139530.0,6901
2025-06-09,139540.0,141335.0,138210.0,138595.0,6140
2025-06-10,139400.0,139400.0,136555.0,137850.0,9402
2025-06-11,138000.0,139450.0,136500.0,136880.0,5607
2025-06-12,137430.0,137770.0,135500.0,136385.0,8399
2025-06-13,135795.0,138000.0,135000.0,137620.0,5875
2025-06-16,136800.0,137445.0,135900.0,136145.0,4147
2025-06-17,136300.0,137030.0,136005.0,136350.0,2551
2025-06-18,136100.0,138500.0,136100.0,137950.0,4151
2025-06-19,137750.0,138650.0,137060.0,138180.0,3680
2025-06-20,138510.0,138875.0,132740.0,134430.0,24690
2025-06-23,134430.0,135995.0,134400.0,135555.0,3479
2025-06-24,136500.0,137125.0,135830.0,136610.0,4694
2025-06-25,136910.0,139595.0,136600.0,139255.0,5814
2025-06-26,139305.0,143000.0,138625.0,142515.0,11171
2025-06-27,142600.0,145700.0,141700.0,143215.0,20472
2025-06-30,144000.0,145100.0,141695.0,142360.0,6320
2025-07-01,143000.0,143695.0,141690.0,142500.0,5748
2025-07-02,142800.0,145680.0,142800.0,145210.0,7394
2025-07-03,145400.0,148075.0,143720.0,144920.0,7751
2025-07-04,145500.0,146000.0,143500.0,143965.0,4175
2025-07-07,144660.0,144660.0,142200.0,143135.0,3844
2025-07-08,143005.0,145555.0,142210.0,144945.0,4391
2025-07-09,144945.0,151900.0,144000.0,150715.0,24541
2025-07-10,150100.0,150700.0,147000.0,148280.0,9580
2025-07-11,148280.0,148880.0,146200.0,148240.0,7148
2025-07-14,148240.0,150600.0,147005.0,148845.0,11768
2025-07-15,149530.0,151300.0,148270.0,150785.0,9826
2025-07-16,150200.0,153000.0,150200.0,152470.0,7865
2025-07-17,152100.0,152470.0,150005.0,150535.0,6478
2025-07-18,150535.0,151500.0,147500.0,148060.0,8078
2025-07-21,148400.0,149000.0,146550.0,148405.0,6592
2025-07-22,148500.0,150900.0,147860.0,148170.0,6764
2025-07-23,148600.0,150300.0,148600.0,149915.0,3588
2025-07-24,149915.0,152190.0,149900.0,150880.0,7838
2025-07-25,150800.0,151250.0,148425.0,149210.0,4591
2025-07-28,149500.0,150770.0,147205.0,147805.0,4668
2025-07-29,148300.0,150220.0,148015.0,149355.0,4513
2025-07-30,149960.0,150290.0,148600.0,150025.0,3136
2025-07-31,149050.0,149495.0,147200.0,147845.0,6737
2025-08-01,148400.0,149180.0,145050.0,145905.0,6369
2025-08-04,145900.0,147195.0,143995.0,144285.0,6882
2025-08-05,144600.0,146280.0,144200.0,145845.0,3962
2025-08-06,147000.0,147385.0,145700.0,146385.0,4222
2025-08-07,145500.0,146130.0,143500.0,144265.0,4325
2025-08-08,144700.0,144700.0,142000.0,142715.0,2851
2025-08-11,142850.0,143485.0,141095.0,142170.0,2920
2025-08-12,142170.0,142695.0,137215.0,140535.0,11861
2025-08-13,141700.0,141700.0,138100.0,138840.0,4360
2025-08-14,139000.0,139750.0,137900.0,138475.0,4133
2025-08-18,139100.0,145250.0,138755.0,144515.0,12991
2025-08-19,144500.0,148825.0,143250.0,146535.0,18003
2025-08-20,146500.0,149200.0,145860.0,148790.0,6421
2025-08-21,149530.0,150000.0,147465.0,148125.0,5446
2025-08-22,148750.0,148750.0,147000.0,147505.0,3011
2025-08-25,148200.0,148200.0,146205.0,146745.0,4631
2025-08-26,146500.0,147020.0,141600.0,142380.0,8941
2025-08-28,142700.0,143490.0,141200.0,142275.0,6106
2025-08-29,142000.0,142605.0,139900.0,140955.0,7056
2025-09-01,141100.0,145500.0,140955.0,144835.0,6252
2025-09-02,145200.0,155000.0,144185.0,153885.0,32632
2025-09-03,153885.0,154200.0,150250.0,150550.0,8962
2025-09-04,152550.0,155000.0,149200.0,149655.0,12184
2025-09-05,150390.0,150505.0,147700.0,148100.0,4806
2025-09-08,148840.0,149595.0,146600.0,147075.0,8159
2025-09-09,148050.0,149770.0,146700.0,149315.0,4638
2025-09-10,149400.0,150535.0,145000.0,145255.0,10906
2025-09-11,145890.0,147200.0,145330.0,146480.0,7349
2025-09-12,146500.0,148400.0,146085.0,146570.0,6578
2025-09-15,147300.0,148890.0,146885.0,147400.0,4443
2025-09-16,148050.0,152200.0,147800.0,150890.0,13098
2025-09-17,151200.0,152355.0,149600.0,150230.0,6242
2025-09-18,150980.0,151500.0,148800.0,149050.0,4567
2025-09-19,149650.0,151250.0,148010.0,149705.0,11008
2025-09-22,150000.0,154195.0,149125.0,152850.0,10863
2025-09-23,153000.0,156400.0,152995.0,155935.0,12421
2025-09-24,155400.0,155885.0,153030.0,153745.0,5737
2025-09-25,153710.0,153710.0,150000.0,150435.0,5811
2025-09-26,150890.0,151360.0,148000.0,148545.0,5719
2025-09-29,149820.0,149820.0,145070.0,145885.0,9306
2025-09-30,147285.0,148305.0,145420.0,145820.0,7375
2025-10-01,146600.0,149995.0,145800.0,148740.0,8100
2025-10-03,148740.0,154500.0,147405.0,153195.0,11930
2025-10-06,153190.0,153195.0,150860.0,152350.0,4800
2025-10-07,152350.0,154300.0,151110.0,153720.0,7514
2025-10-08,153720.0,160150.0,152500.0,155210.0,15979
2025-10-09,156100.0,157525.0,155215.0,156355.0,6422
2025-10-10,156400.0,157340.0,153355.0,155395.0,8693
2025-10-13,154600.0,157200.0,154600.0,156885.0,4616
2025-10-14,156550.0,158700.0,156355.0,157695.0,7557
2025-10-15,157695.0,157770.0,155000.0,155310.0,5500
2025-10-16,156100.0,156990.0,154705.0,155255.0,4769
2025-10-17,156100.0,156450.0,155115.0,155940.0,3587
2025-10-20,156780.0,163400.0,156535.0,161695.0,15860
2025-10-21,161100.0,162750.0,160215.0,161680.0,2188
2025-10-23,161980.0,163000.0,160285.0,162295.0,6570
2025-10-24,161055.0,163600.0,159400.0,160190.0,7853
2025-10-27,160190.0,161690.0,159090.0,159335.0,4430
2025-10-28,160200.0,162065.0,157900.0,158195.0,7325
2025-10-29,160000.0,160100.0,158400.0,159900.0,3671
2025-10-30,160100.0,160560.0,157700.0,158135.0,4107
2025-10-31,159000.0,159105.0,157250.0,157515.0,3835
2025-11-03,157800.0,159640.0,157800.0,158360.0,3088
2025-11-04,159150.0,159495.0,157550.0,157915.0,3650
2025-11-06,158955.0,159440.0,156805.0,157255.0,3826
2025-11-07,157885.0,159300.0,155665.0,158765.0,3830
2025-11-10,159500.0,159505.0,157320.0,157825.0,3056
2025-11-11,158620.0,158695.0,157220.0,158165.0,2691
2025-11-12,158365.0,159320.0,157300.0,157775.0,3575
2025-11-13,158300.0,159300.0,158000.0,158315.0,3192
2025-11-14,158475.0,159700.0,156220.0,157400.0,14236
2025-11-17,158500.0,158990.0,156750.0,157135.0,4449
2025-11-18,157500.0,157510.0,154650.0,155210.0,6029
2025-11-19,155600.0,155655.0,153100.0,153355.0,4529
2025-11-20,153500.0,154500.0,151505.0,151950.0,5220
2025-11-21,152500.0,154750.0,152000.0,152435.0,7022
2025-11-24,153000.0,157450.0,151810.0,155455.0,13719
2025-11-25,155000.0,155200.0,153655.0,154780.0,3067
2025-11-26,155200.0,155700.0,153515.0,154490.0,3665
2025-11-27,155000.0,155000.0,153405.0,153750.0,2344
2025-11-28,153750.0,153905.0,152000.0,152420.0,3564
2025-12-01,152500.0,153000.0,151600.0,152420.0,3132
2025-12-02,152445.0,155695.0,152445.0,154505.0,7318
2025-12-03,154500.0,154665.0,151750.0,152040.0,3887
2025-12-04,153000.0,153995.0,151735.0,153625.0,3170
2025-12-05,153650.0,154300.0,152800.0,153210.0,2243
2025-12-08,153300.0,155000.0,152240.0,153500.0,2444
2025-12-09,153490.0,153490.0,151600.0,152345.0,3580
2025-12-10,152820.0,153135.0,151000.0,151675.0,3400
2025-12-11,152300.0,153950.0,150300.0,153560.0,3905
2025-12-12,153610.0,153700.0,152000.0,152550.0,2546
2025-12-15,152550.0,153400.0,151160.0,153155.0,2843
2025-12-16,152500.0,153355.0,152400.0,152655.0,1967
2025-12-17,152700.0,153295.0,151120.0,151755.0,2903
2025-12-18,153000.0,153000.0,151330.0,152260.0,4410
2025-12-19,153000.0,155385.0,152260.0,153580.0,8953
2025-12-22,153930.0,154260.0,153400.0,153900.0,2771
2025-12-23,154880.0,154880.0,153025.0,153360.0,2988
2025-12-24,153400.0,153885.0,151025.0,151435.0,4115
2025-12-26,152200.0,152295.0,150000.0,150205.0,3539
2025-12-29,151000.0,151000.0,148000.0,148760.0,6672
2025-12-30,148800.0,155205.0,148170.0,151090.0,8688
2025-12-31,151505.0,153460.0,151500.0,152855.0,6063
2026-01-01,152500.0,153115.0,151220.0,151535.0,2867
2026-01-02,151600.0,151960.0,150470.0,150685.0,3834
2026-01-05,150750.0,151765.0,149700.0,150405.0,4627
2026-01-06,151585.0,151585.0,149625.0,150195.0,3349
2026-01-07,150205.0,150600.0,149550.0,150135.0,3436
2026-01-08,150250.0,150255.0,148100.0,148720.0,4338
2026-01-09,148500.0,149725.0,146520.0,147095.0,4120
2026-01-12,147795.0,149500.0,145340.0,148735.0,4581
2026-01-13,149395.0,149745.0,147115.0,147710.0,3618
2026-01-14,148000.0,148005.0,145305.0,145665.0,5287
2026-01-16,145600.0,145665.0,142535.0,142840.0,8096
2026-01-19,143000.0,145135.0,141505.0,143045.0,5832
2026-01-20,144000.0,144000.0,141750.0,143235.0,6432
2026-01-21,142900.0,142900.0,137740.0,140050.0,10269
2026-01-22,140200.0,142800.0,140200.0,142275.0,5051
2026-01-23,142675.0,142850.0,136800.0,137475.0,7285
2026-01-27,139000.0,139000.0,135450.0,135810.0,5335
2026-01-28,136200.0,136800.0,134430.0,134935.0,6515
2026-01-29,135500.0,135500.0,130400.0,130915.0,10020
2026-01-30,130900.0,133000.0,130025.0,132165.0,18857
2026-02-01,133000.0,134355.0,131455.0,132295.0,3220
2026-02-02,132295.0,134200.0,131200.0,133765.0,4177
2026-02-03,137645.0,137645.0,135010.0,136650.0,5922
2026-02-04,137000.0,139800.0,136010.0,137640.0,5376
2026-02-05,138455.0,138455.0,134600.0,134970.0,4836
2026-02-06,134970.0,149070.0,133740.0,146455.0,64381
2026-02-09,147000.0,147555.0,143250.0,145310.0,13111
2026-02-10,145420.0,149310.0,145420.0,148640.0,15161
2026-02-11,149500.0,152450.0,149375.0,151740.0,11807
2026-02-12,152000.0,152450.0,149800.0,151210.0,8080
2026-02-13,150750.0,151500.0,148505.0,150105.0,7131
2026-02-16,150105.0,150990.0,146100.0,147075.0,6265
2026-02-17,147690.0,148550.0,146565.0,147970.0,5191
2026-02-18,147970.0,148990.0,147350.0,147760.0,4021
2026-02-19,147760.0,148160.0,144800.0,145605.0,4071
2026-02-20,144145.0,147195.0,144145.0,146390.0,5043
2026-02-23,146645.0,146660.0,144350.0,145760.0,4613
2026-02-24,145700.0,146200.0,142630.0,143950.0,7790
2026-02-25,145000.0,148000.0,144245.0,147585.0,7166
2026-02-26,147350.0,147815.0,143100.0,143520.0,8204
2026-02-27,144000.0,144700.0,140400.0,140985.0,14866
2026-03-02,136480.0,139600.0,136100.0,138825.0,6735
2026-03-04,137480.0,138490.0,134395.0,135050.0,9847
2026-03-05,136015.0,140500.0,136015.0,140215.0,12556
2026-03-06,140010.0,142500.0,138250.0,138780.0,9417
2026-03-09,135910.0,137380.0,134505.0,134925.0,6888
2026-03-10,136500.0,138445.0,136500.0,137285.0,8283
2026-03-11,138000.0,138000.0,135800.0,136255.0,5145
2026-03-12,135795.0,138250.0,134435.0,138005.0,5563
2026-03-13,136500.0,137930.0,134500.0,134920.0,4972
2026-03-16,135455.0,135455.0,131100.0,132345.0,7644
2026-03-17,133695.0,134280.0,132480.0,132750.0,5574
2026-03-18,133580.0,135000.0,133155.0,133890.0,5578
2026-03-19,132795.0,132795.0,130380.0,130545.0,6110
2026-03-20,131940.0,132250.0,127015.0,127535.0,12604
2026-03-23,127515.0,127515.0,123455.0,124975.0,7960
2026-03-24,127900.0,128860.0,125500.0,127645.0,7980
2026-03-25,128785.0,130900.0,128465.0,129970.0,7281
2026-03-27,129400.0,130490.0,127525.0,129575.0,9722
2026-03-30,128100.0,129955.0,124725.0,128495.0,18685
2026-04-01,133000.0,133000.0,128575.0,129095.0,8541
2026-04-02,128500.0,128500.0,125600.0,126390.0,8458
2026-04-06,127600.0,127995.0,125510.0,127045.0,7634
2026-04-07,126355.0,127900.0,125120.0,127175.0,6401
2026-04-08,134465.0,134465.0,130830.0,133050.0,13484
2026-04-09,133695.0,135395.0,131750.0,134020.0,10663
2026-04-10,134800.0,137600.0,134420.0,136705.0,13197
2026-04-13,133450.0,135550.0,133450.0,134315.0,6515
2026-04-15,137005.0,138350.0,136200.0,137900.0,6514
2026-04-16,138495.0,140795.0,138300.0,138740.0,6502
2026-04-17,138895.0,140040.0,138235.0,139855.0,4672
2026-04-20,139855.0,140335.0,138515.0,139225.0,4443
2026-04-21,139750.0,140510.0,138125.0,139665.0,3357
2026-04-22,139600.0,140095.0,136165.0,137040.0,7670
2026-04-23,136880.0,136890.0,134205.0,134615.0,5906
2026-04-24,134615.0,135770.0,131740.0,132145.0,5538
2026-04-27,132550.0,133545.0,131800.0,132205.0,6124
2026-04-28,132205.0,132695.0,130000.0,130120.0,8198
2026-04-29,131500.0,134100.0,130150.0,130425.0,10157
2026-04-30,130355.0,131100.0,128750.0,129710.0,7905
2026-05-04,131000.0,131895.0,128690.0,129235.0,6536
2026-05-05,130095.0,130095.0,128110.0,128270.0,7949
2026-05-06,129540.0,130750.0,128720.0,130335.0,6785
2026-05-07,131495.0,133950.0,129350.0,129965.0,23649
2026-05-08,131745.0,132000.0,130135.0,130425.0,6385
2026-05-11,130330.0,130500.0,128620.0,128910.0,4534
2026-05-12,129000.0,129565.0,126050.0,126505.0,7750
2026-05-13,126535.0,127500.0,124900.0,126480.0,8533
2026-05-14,127000.0,128320.0,126000.0,126455.0,6978
2026-05-15,127030.0,128910.0,126500.0,128640.0,5420
2026-05-18,127500.0,129365.0,126520.0,129110.0,5290
2026-05-19,128550.0,129500.0,126200.0,126730.0,7011
2026-05-20,126700.0,127790.0,125410.0,127125.0,4993
2026-05-21,127660.0,127990.0,125630.0,126070.0,5263
2026-05-22,126790.0,127330.0,125800.0,126785.0,5408
2026-05-25,128220.0,129390.0,127175.0,128655.0,6716
2026-05-26,129000.0,129200.0,127000.0,127160.0,5582
2026-05-27,127700.0,127760.0,126900.0,127040.0,2911
2026-05-29,127040.0,127590.0,122000.0,123420.0,17159
2026-06-01,125275.0,125275.0,123800.0,124425.0,5787
2026-06-02,123805.0,125620.0,123430.0,124695.0,4336
2026-06-03,124950.0,125395.0,124075.0,124790.0,3216
2026-06-04,124800.0,125500.0,124300.0,124715.0,3345
2026-06-05,125950.0,125950.0,123350.0,123505.0,7169
2026-06-08,123500.0,123940.0,122205.0,122820.0,4228
2026-06-09,123390.0,123680.0,122595.0,122750.0,4774
2026-06-10,123000.0,123300.0,122140.0,122595.0,4721
2026-06-11,122550.0,123500.0,122050.0,122935.0,4096
2026-06-12,123590.0,125700.0,123540.0,125515.0,4679
2026-06-15,127005.0,131795.0,127005.0,128540.0,17752
2026-06-16,129500.0,129930.0,127800.0,128470.0,6791
2026-06-17,128940.0,129590.0,128205.0,129245.0,6926
2026-06-18,129250.0,131000.0,128905.0,130085.0,4351
2026-06-19,130310.0,130485.0,128380.0,128645.0,6602
2026-06-22,128645.0,132040.0,128645.0,131560.0,11184
2026-06-23,131560.0,132885.0,131000.0,131350.0,7614
2026-06-24,131350.0,131750.0,129800.0,130120.0,5739
2026-06-25,130990.0,131795.0,129205.0,129550.0,4800
2026-06-29,129900.0,130200.0,123605.0,124050.0,17404
2026-06-30,125065.0,128100.0,124455.0,127820.0,12076
2026-07-01,128090.0,130600.0,127480.0,129430.0,8684
2026-07-02,129750.0,132220.0,129750.0,132065.0,9911
2026-07-03,132665.0,136490.0,132665.0,134700.0,15910
